File Name,Max Deformation X,X,Y,Z
0,0.038275,-22.4,88.9,0.0
1,1.6004,-19.1,76.2,0.0
10,0.17538,-22.4,82.55,0.0
100,1.0123,-22.4,82.55,0.0
1000,0.88312,-8.675,-114.3,0.0
1001,0.54884,-41.5,114.3,0.0
1002,0.33678,-41.5,114.3,0.0
1003,0.015471,-4157.0,50.8,0.0
1004,0.16556,-41.5,114.3,0.0
1005,0.072773,-41.5,114.3,0.0
1006,0.3099,-23.9,107.95,0.0
1007,0.73609,-23.9,107.95,0.0
1008,0.038639,-23.9,107.95,0.0
1009,0.79219,-23.9,107.95,0.0
101,3.3208,-31.8,82.55,0.0
1010,0.6076,-23.9,107.95,0.0
1011,0.062427,-15.85,-114.3,0.0
1012,0.47649,15.85,-114.3,0.0
1013,0.46243,8.675,114.3,0.0
1014,0.3265,-23.025,-114.3,0.0
1015,0.21006,-23.025,114.3,0.0
1016,0.12474,15.175,114.3,0.0
1017,0.023323,-41.5,114.3,0.0
1018,0.021068,-41.5,114.3,0.0
1019,0.19156,-41.5,114.3,0.0
102,0.85876,-31.8,82.55,0.0
1020,0.13094,-41.5,114.3,0.0
1021,0.1052,-23.9,107.95,0.0
1022,0.071973,-23.9,107.95,0.0
1023,0.064933,-23.9,107.95,0.0
1024,0.0040299,-3757.0,50.8,0.0
1025,0.11601,-23.9,107.95,0.0
1026,0.0022483,-4184.4,-50.8,0.0
1027,0.099179,-8.675,-114.3,0.0
1028,0.0083368,-3257.8,-50.8,0.0
1029,0.37076,-30.2,114.3,0.0
103,0.72098,-31.8,82.55,0.0
1030,0.45498,-30.2,114.3,0.0
1031,0.061064,-41.5,114.3,0.0
1032,0.12511,-41.5,114.3,0.0
1033,0.57612,-41.5,114.3,0.0
1034,0.1491,-41.5,114.3,0.0
1035,0.50669,-41.5,114.3,0.0
1036,0.49517,-23.9,107.95,0.0
1037,0.01369,-4186.0,50.8,0.0
1038,0.026499,-23.9,107.95,0.0
1039,0.044089,-23.9,107.95,0.0
104,0.99365,12.75,82.55,0.0
1040,0.0020002,-1487.0,50.8,0.0
1041,0.22582,30.2,-114.3,0.0
1042,0.016395,-4526.3,-50.8,0.0
1043,0.67444,-30.2,114.3,0.0
1044,0.32177,-30.2,114.3,0.0
1045,0.087622,-8.675,114.3,0.0
1046,0.017726,-41.5,114.3,0.0
1047,0.23278,-41.5,114.3,0.0
1048,0.0035046,-2335.0,50.8,0.0
1049,0.1008,-41.5,114.3,0.0
105,0.83416,-31.8,82.55,0.0
1050,0.59031,15.175,114.3,0.0
1051,0.2237,-23.9,107.95,0.0
1052,0.28453,-23.9,107.95,0.0
1053,0.22873,-23.9,107.95,0.0
1054,0.060423,-23.9,107.95,0.0
1055,0.50569,7.1,107.95,0.0
1056,0.42285,30.2,-114.3,0.0
1057,0.059368,-8.675,-114.3,0.0
1058,0.31076,-30.2,114.3,0.0
1059,0.022228,-8.675,114.3,0.0
106,3.2145,-19.1,76.2,0.0
1060,0.2066,-23.025,-114.3,0.0
1061,0.035382,-41.5,114.3,0.0
1062,0.4101,-41.5,114.3,0.0
1063,0.19285,-41.5,114.3,0.0
1064,0.061136,6.4,114.3,0.0
1065,0.12558,15.175,114.3,0.0
1066,0.0021042,-23.9,107.95,0.0
1067,0.064139,-23.9,107.95,0.0
1068,0.051519,-23.9,107.95,0.0
1069,0.48655,-23.9,107.95,0.0
107,0.7373,-19.1,76.2,0.0
1070,0.14577,7.1,107.95,0.0
1071,0.31188,8.675,114.3,0.0
1072,0.008122,-3113.6,-50.8,0.0
1073,0.37895,-30.2,114.3,0.0
1074,0.25494,-30.2,114.3,0.0
1075,0.24985,-30.2,114.3,0.0
1076,0.048829,-41.5,114.3,0.0
1077,0.023187,-41.5,114.3,0.0
1078,0.34109,-41.5,114.3,0.0
1079,0.033543,-41.5,114.3,0.0
108,0.69433,-19.1,76.2,0.0
1080,0.38928,-41.5,114.3,0.0
1081,0.39324,7.1,107.95,0.0
1082,0.38446,-23.9,107.95,0.0
1083,0.23873,-23.9,107.95,0.0
1084,0.051666,-23.9,107.95,0.0
1085,0.011721,-3948.0,50.8,0.0
1086,0.27263,-30.2,114.3,0.0
1087,0.33404,-30.2,114.3,0.0
1088,0.024685,-8.675,-114.3,0.0
1089,0.0060883,-30.2,114.3,0.0
109,0.90385,-19.1,76.2,0.0
1090,0.11416,30.2,-114.3,0.0
1091,0.0065426,-4027.0,50.8,0.0
1092,0.0039765,-4429.0,50.8,0.0
1093,0.039019,-41.5,114.3,0.0
1094,0.11818,-41.5,114.3,0.0
1095,0.03864,-41.5,114.3,0.0
1096,0.19799,-23.9,107.95,0.0
1097,0.099669,-23.9,107.95,0.0
1098,0.0076865,1.5,107.95,0.0
1099,0.16035,-23.9,107.95,0.0
11,0.47277,-31.8,82.55,0.0
110,0.85008,-19.1,76.2,0.0
1100,0.087673,-23.9,107.95,0.0
1101,0.28173,-1.5,114.3,0.0
1102,0.21922,-30.2,114.3,0.0
1103,0.42193,30.2,-114.3,0.0
1104,0.14566,-30.2,114.3,0.0
1105,0.23978,30.2,-114.3,0.0
1106,0.0019184,-41.5,114.3,0.0
1107,0.1838,-41.5,114.3,0.0
1108,0.011886,-4901.0,50.8,0.0
1109,0.41547,-41.5,114.3,0.0
111,2.231,-22.4,82.55,0.0
1110,0.26011,-41.5,114.3,0.0
1111,0.12682,-23.9,107.95,0.0
1112,0.062037,-23.9,107.95,0.0
1113,0.22114,-23.9,107.95,0.0
1114,0.5207,-23.9,107.95,0.0
1115,0.010508,-3632.0,50.8,0.0
1116,0.022411,-4875.2,-50.8,0.0
1117,0.1214,30.2,-114.3,0.0
1118,0.0043535,-30.2,114.3,0.0
1119,0.0018693,-2926.3,-50.8,0.0
112,0.27102,-22.4,82.55,0.0
1120,0.11137,30.2,-114.3,0.0
1121,0.089953,-41.5,114.3,0.0
1122,0.69183,-41.5,114.3,0.0
1123,0.6334,-41.5,114.3,0.0
1124,0.62129,-41.5,114.3,0.0
1125,0.5535,-41.5,114.3,0.0
1126,0.6243,-23.9,107.95,0.0
1127,0.66762,-23.9,107.95,0.0
1128,0.45255,-23.9,107.95,0.0
1129,0.33049,7.1,107.95,0.0
113,2.6296,-22.4,82.55,0.0
1130,0.41488,-23.9,107.95,0.0
1131,0.27319,-8.675,-114.3,0.0
1132,0.56919,30.2,-114.3,0.0
1133,0.33148,30.2,-114.3,0.0
1134,0.1113,-8.675,-114.3,0.0
1135,0.15436,30.2,-114.3,0.0
1136,0.009115,-4199.0,50.8,0.0
1137,0.19081,-41.5,114.3,0.0
1138,0.011424,-4316.0,50.8,0.0
1139,0.42102,-41.5,114.3,0.0
114,0.36987,-22.4,82.55,0.0
1140,0.20195,-41.5,114.3,0.0
1141,0.030661,-12.7,-114.3,0.0
1142,0.10121,-7.1,-114.3,0.0
1143,0.073722,-18.3,-114.3,0.0
1144,0.29977,-7.1,-114.3,0.0
1145,0.004337,-2837.4,-57.15,0.0
1146,0.6597,-16.65,127.0,0.0
1147,0.023484,-31.8,127.0,0.0
1148,0.1638,-16.65,127.0,0.0
1149,0.42609,-16.65,127.0,0.0
115,4.3236,1.5,82.55,0.0
1150,0.37683,-16.65,127.0,0.0
1151,0.39991,-15.925,-136.55,0.0
1152,0.06662,-15.925,-136.55,0.0
1153,0.049097,-15.925,-136.55,0.0
1154,0.31902,-15.925,-136.55,0.0
1155,0.20654,-15.925,-136.55,0.0
1156,0.3519,23.9,-114.3,0.0
1157,0.037066,-7.1,-114.3,0.0
1158,0.47654,23.9,-114.3,0.0
1159,0.25659,23.9,-114.3,0.0
116,0.1575,11.48,82.55,0.0
1160,0.33966,23.9,-114.3,0.0
1161,0.099051,1.5,127.0,0.0
1162,0.03092,-31.8,127.0,0.0
1163,0.26526,-16.65,127.0,0.0
1164,0.39342,-16.65,127.0,0.0
1165,0.38489,-16.65,127.0,0.0
1166,0.12601,-44.5,136.55,0.0
1167,0.019338,-15.925,-136.55,0.0
1168,0.36716,-25.45,136.55,0.0
1169,0.046266,-15.925,-136.55,0.0
117,3.1598,-31.8,82.55,0.0
1170,0.55325,-15.925,-136.55,0.0
1171,0.073706,-23.9,114.3,0.0
1172,0.026545,-12.7,-114.3,0.0
1173,0.0034514,-2370.3,-57.15,0.0
1174,0.55786,18.3,-114.3,0.0
1175,0.043856,-7.1,-114.3,0.0
1176,0.19222,-16.65,127.0,0.0
1177,0.035094,-16.65,127.0,0.0
1178,0.27523,-16.65,127.0,0.0
1179,0.3004,1.5,127.0,0.0
118,0.70448,-31.8,82.55,0.0
1180,0.49367,-16.65,127.0,0.0
1181,0.13868,15.925,136.55,0.0
1182,0.029206,-15.925,-136.55,0.0
1183,0.1192,-44.5,136.55,0.0
1184,0.19871,-15.925,-136.55,0.0
1185,0.46145,-15.925,-136.55,0.0
1186,0.026519,-7.1,-114.3,0.0
1187,0.14213,-7.1,-114.3,0.0
1188,0.24045,7.1,114.3,0.0
1189,0.36029,-7.1,-114.3,0.0
119,0.082821,-31.8,82.55,0.0
1190,0.11979,23.9,-114.3,0.0
1191,0.065996,16.65,127.0,0.0
1192,0.39368,-16.65,127.0,0.0
1193,0.29129,-16.65,127.0,0.0
1194,0.59086,-16.65,127.0,0.0
1195,0.38927,-16.65,127.0,0.0
1196,0.094163,-15.925,-136.55,0.0
1197,0.18971,-44.5,136.55,0.0
1198,0.25535,44.5,-136.55,0.0
1199,0.13692,44.5,-136.55,0.0
12,2.6018,-31.8,82.55,0.0
120,2.6964,-31.8,82.55,0.0
1200,0.67652,-15.925,-136.55,0.0
1201,0.15622,23.9,-114.3,0.0
1202,0.18381,23.9,-114.3,0.0
1203,0.51113,-18.3,-114.3,0.0
1204,0.012339,-4123.5,-57.15,0.0
1205,0.61527,23.9,-114.3,0.0
1206,0.36184,-16.65,127.0,0.0
1207,0.33258,-31.8,127.0,0.0
1208,0.0082186,-31.8,127.0,0.0
1209,0.44252,-16.65,127.0,0.0
121,3.3877,-19.1,76.2,0.0
1210,0.15962,-31.8,127.0,0.0
1211,0.2158,-15.925,-136.55,0.0
1212,0.61404,-15.925,-136.55,0.0
1213,0.30189,44.5,-136.55,0.0
1214,0.32601,-44.5,136.55,0.0
1215,0.27731,44.5,-136.55,0.0
1216,0.40674,23.9,-114.3,0.0
1217,0.030061,-18.3,-114.3,0.0
1218,0.33004,23.9,-114.3,0.0
1219,0.14198,7.1,114.3,0.0
122,0.0094239,-4581.0,30.15,0.0
1220,0.10922,7.1,114.3,0.0
1221,0.094252,-31.8,127.0,0.0
1222,0.4047,-31.8,127.0,0.0
1223,0.17987,16.65,127.0,0.0
1224,0.010984,1.5,127.0,0.0
1225,0.20891,16.65,127.0,0.0
1226,0.33147,-15.925,-136.55,0.0
1227,0.0091059,-6.4,136.55,0.0
1228,0.29993,-15.925,-136.55,0.0
1229,0.35633,-15.925,-136.55,0.0
123,0.19377,-19.1,76.2,0.0
1230,0.41673,-44.5,136.55,0.0
1231,0.0022705,-3600.9,-57.15,0.0
1232,0.12326,-7.1,-114.3,0.0
1233,0.27222,23.9,-114.3,0.0
1234,0.022659,-7.1,-114.3,0.0
1235,0.09028,-7.1,-114.3,0.0
1236,0.48019,-16.65,127.0,0.0
1237,0.24134,-16.65,127.0,0.0
1238,0.36023,-16.65,127.0,0.0
1239,0.056181,-31.8,127.0,0.0
124,0.83997,-19.1,76.2,0.0
1240,0.1495,-31.8,127.0,0.0
1241,0.034475,-15.925,-136.55,0.0
1242,0.68172,-44.5,136.55,0.0
1243,0.65554,-44.5,136.55,0.0
1244,0.47139,-15.925,-136.55,0.0
1245,0.016213,-25.45,-136.55,0.0
1246,0.039222,-7.1,-114.3,0.0
1247,0.30531,7.1,114.3,0.0
1248,0.02371,-7.1,114.3,0.0
1249,0.0058338,-2040.5,-57.15,0.0
125,2.0924,-19.1,76.2,0.0
1250,0.30619,7.1,114.3,0.0
1251,0.59371,16.65,127.0,0.0
1252,0.33283,-31.8,127.0,0.0
1253,0.49938,16.65,127.0,0.0
1254,0.44396,-16.65,127.0,0.0
1255,0.12484,-16.65,127.0,0.0
1256,0.56132,15.925,136.55,0.0
1257,0.0019307,-3200.9,-57.15,0.0
1258,0.18309,-44.5,136.55,0.0
1259,0.066299,-44.5,-136.55,0.0
126,3.5228,-22.4,82.55,0.0
1260,0.28251,-44.5,136.55,0.0
1261,0.25125,23.9,-114.3,0.0
1262,0.019664,-12.7,-114.3,0.0
1263,0.29586,23.9,-114.3,0.0
1264,0.005224,-2607.9,-57.15,0.0
1265,0.39644,23.9,-114.3,0.0
1266,0.057229,-16.65,127.0,0.0
1267,0.30601,-16.65,127.0,0.0
1268,0.0040861,-3474.0,57.15,0.0
1269,0.051889,-31.8,127.0,0.0
127,3.1589,-22.4,82.55,0.0
1270,0.16208,-16.65,127.0,0.0
1271,0.0044052,-2856.1,-57.15,0.0
1272,0.14286,-15.925,-136.55,0.0
1273,0.014779,-29.26,-136.55,0.0
1274,0.41465,34.975,-136.55,0.0
1275,0.18336,-15.925,-136.55,0.0
1276,0.10799,23.9,-114.3,0.0
1277,0.0051235,-2439.7,-57.15,0.0
1278,0.36259,23.9,-114.3,0.0
1279,0.049772,-7.1,-114.3,0.0
128,1.3022,1.5,82.55,0.0
1280,0.039823,-7.1,-114.3,0.0
1281,0.016718,-31.8,127.0,0.0
1282,0.019287,-31.8,127.0,0.0
1283,0.11385,-16.65,127.0,0.0
1284,0.0015354,-4957.0,57.15,0.0
1285,0.42432,-16.65,127.0,0.0
1286,0.54824,-34.975,-136.55,0.0
1287,0.038596,-34.975,-136.55,0.0
1288,0.095499,-34.975,-136.55,0.0
1289,0.055254,-15.925,-136.55,0.0
129,0.84995,-22.4,82.55,0.0
1290,0.53975,-15.925,-136.55,0.0
1291,0.36259,-7.1,-114.3,0.0
1292,0.14947,-1.5,114.3,0.0
1293,0.33671,-7.1,-114.3,0.0
1294,0.026977,-7.1,-114.3,0.0
1295,0.072787,-7.1,-114.3,0.0
1296,0.28199,-31.8,127.0,0.0
1297,0.085122,-16.65,127.0,0.0
1298,0.063919,-31.8,127.0,0.0
1299,0.035502,-31.8,127.0,0.0
13,3.0727,-31.8,82.55,0.0
130,0.83844,-22.4,82.55,0.0
1300,0.42393,-16.65,127.0,0.0
1301,0.041592,-34.975,-136.55,0.0
1302,0.21097,-15.925,-136.55,0.0
1303,0.21649,44.5,-136.55,0.0
1304,0.47414,44.5,-136.55,0.0
1305,0.1654,-44.5,136.55,0.0
1306,0.43456,23.9,-114.3,0.0
1307,0.004457,-23.9,114.3,0.0
1308,0.25546,-23.9,114.3,0.0
1309,0.37341,-18.3,-114.3,0.0
131,1.873,-31.8,82.55,0.0
1310,0.097789,-7.1,-114.3,0.0
1311,0.32968,-31.8,127.0,0.0
1312,0.33206,16.65,127.0,0.0
1313,0.14519,-31.8,127.0,0.0
1314,0.16393,-16.65,127.0,0.0
1315,0.039414,-31.8,127.0,0.0
1316,0.17406,44.5,-136.55,0.0
1317,0.29581,-44.5,136.55,0.0
1318,0.52067,-44.5,136.55,0.0
1319,0.024572,-15.925,-136.55,0.0
132,2.0252,-31.8,82.55,0.0
1320,0.054346,-15.925,-136.55,0.0
1321,0.22442,23.9,-114.3,0.0
1322,0.19576,23.9,-114.3,0.0
1323,0.31308,23.9,-114.3,0.0
1324,0.081457,-7.1,-114.3,0.0
1325,0.098052,-7.1,-114.3,0.0
1326,0.030621,-31.8,127.0,0.0
1327,0.33466,-16.65,127.0,0.0
1328,0.39834,-31.8,127.0,0.0
1329,0.059825,-31.8,127.0,0.0
133,2.0195,-31.8,82.55,0.0
1330,0.10311,-16.65,127.0,0.0
1331,0.071112,-15.925,-136.55,0.0
1332,0.17075,44.5,-136.55,0.0
1333,0.0027197,-2321.7,-57.15,0.0
1334,0.035579,-15.925,-136.55,0.0
1335,0.2984,44.5,-136.55,0.0
1336,0.42588,-23.9,114.3,0.0
1337,0.27563,-7.1,-114.3,0.0
1338,0.21738,-7.1,-114.3,0.0
1339,0.24056,-7.1,-114.3,0.0
134,0.65977,-31.8,82.55,0.0
1340,0.054127,-7.1,-114.3,0.0
1341,0.125,-16.65,127.0,0.0
1342,0.0062555,-31.8,127.0,0.0
1343,0.03697,-31.8,127.0,0.0
1344,0.11084,-16.65,127.0,0.0
1345,0.29656,-16.65,127.0,0.0
1346,0.092744,-15.925,136.55,0.0
1347,0.16139,-44.5,136.55,0.0
1348,0.02937,-15.925,-136.55,0.0
1349,0.051186,-15.925,-136.55,0.0
135,3.334,-31.8,82.55,0.0
1350,0.13396,-15.925,-136.55,0.0
1351,0.37378,23.9,-114.3,0.0
1352,0.0034496,-4368.6,-57.15,0.0
1353,0.035291,-7.1,114.3,0.0
1354,0.30072,23.9,-114.3,0.0
1355,0.0027222,-3882.5,-57.15,0.0
1356,0.1593,-16.65,127.0,0.0
1357,0.37358,-16.65,127.0,0.0
1358,0.016373,-31.8,127.0,0.0
1359,0.0038944,-2378.0,57.15,0.0
136,2.2201,-19.1,76.2,0.0
1360,0.26018,-16.65,127.0,0.0
1361,0.016128,-14.02,136.55,0.0
1362,0.37093,-44.5,136.55,0.0
1363,0.52435,-44.5,136.55,0.0
1364,0.33484,-44.5,136.55,0.0
1365,0.15305,-15.925,-136.55,0.0
1366,0.30942,-12.7,-114.3,0.0
1367,0.20968,-7.1,114.3,0.0
1368,0.026809,-7.1,-114.3,0.0
1369,0.15862,-23.9,-114.3,0.0
137,0.30629,-19.1,76.2,0.0
1370,0.092523,-7.1,-114.3,0.0
1371,0.044306,-31.8,127.0,0.0
1372,0.46355,-16.65,127.0,0.0
1373,0.059233,-31.8,127.0,0.0
1374,0.095106,-31.8,127.0,0.0
1375,0.1589,-16.65,127.0,0.0
1376,0.013306,-6.4,136.55,0.0
1377,0.0055942,-3409.2,-57.15,0.0
1378,0.27713,-6.4,136.55,0.0
1379,0.12619,-15.925,-136.55,0.0
138,1.4893,-19.1,76.2,0.0
1380,0.16431,-15.925,-136.55,0.0
1381,0.12276,23.9,-114.3,0.0
1382,0.25984,23.9,-114.3,0.0
1383,0.16801,23.9,-114.3,0.0
1384,0.052275,-7.1,-114.3,0.0
1385,0.053199,-7.1,-114.3,0.0
1386,0.033397,-31.8,127.0,0.0
1387,0.019927,-31.8,127.0,0.0
1388,0.24918,-16.65,127.0,0.0
1389,0.15713,-16.65,127.0,0.0
139,2.3764,1.5,76.2,0.0
1390,0.075749,-31.8,127.0,0.0
1391,0.051395,-34.975,-136.55,0.0
1392,0.078589,-15.925,-136.55,0.0
1393,0.19577,44.5,-136.55,0.0
1394,0.036284,-15.925,-136.55,0.0
1395,0.078284,-15.925,-136.55,0.0
1396,0.22961,-23.9,114.3,0.0
1397,0.19199,23.9,-114.3,0.0
1398,0.007694,-18.3,-114.3,0.0
1399,0.087806,-7.1,-114.3,0.0
14,3.4884,-31.8,82.55,0.0
140,0.0089433,-3289.0,30.15,0.0
1400,0.22759,23.9,-114.3,0.0
1401,0.087287,-31.8,127.0,0.0
1402,0.0095556,-31.8,127.0,0.0
1403,0.1153,-16.65,127.0,0.0
1404,0.12115,-16.65,127.0,0.0
1405,0.30382,-31.8,127.0,0.0
1406,0.31029,44.5,-136.55,0.0
1407,0.08607,-44.5,-136.55,0.0
1408,0.19662,44.5,-136.55,0.0
1409,0.30237,-44.5,136.55,0.0
141,0.035558,-22.4,82.55,0.0
1410,0.25076,-15.925,-136.55,0.0
1411,0.13052,-23.9,114.3,0.0
1412,0.0026553,-4517.7,-57.15,0.0
1413,0.18403,23.9,-114.3,0.0
1414,0.095982,-7.1,-114.3,0.0
1415,0.063164,-7.1,-114.3,0.0
1416,0.019751,-31.8,127.0,0.0
1417,0.11374,-16.65,127.0,0.0
1418,0.072551,-31.8,127.0,0.0
1419,0.040874,-31.8,127.0,0.0
142,3.473,-22.4,82.55,0.0
1420,0.1203,-16.65,127.0,0.0
1421,0.34106,44.5,-136.55,0.0
1422,0.050124,-15.925,-136.55,0.0
1423,0.012457,-15.925,-136.55,0.0
1424,0.31169,-44.5,136.55,0.0
1425,0.15342,-15.925,-136.55,0.0
1426,0.045596,-7.1,-114.3,0.0
1427,0.0071397,-1.5,114.3,0.0
1428,0.048124,-7.1,114.3,0.0
1429,0.14993,23.9,-114.3,0.0
143,2.3084,-22.4,82.55,0.0
1430,0.089988,-18.3,-114.3,0.0
1431,0.23507,-16.65,127.0,0.0
1432,0.28466,-16.65,127.0,0.0
1433,0.24316,-16.65,127.0,0.0
1434,0.036963,-31.8,127.0,0.0
1435,0.30686,-16.65,127.0,0.0
1436,0.10439,-44.5,136.55,0.0
1437,0.0014501,-6.4,136.55,0.0
1438,0.29822,-15.925,-136.55,0.0
1439,0.0060188,-6.4,136.55,0.0
144,2.0807,-22.4,82.55,0.0
1440,0.049422,-15.925,-136.55,0.0
1441,0.067831,-23.9,127.0,0.0
1442,0.11797,-23.9,127.0,0.0
1443,0.27119,-23.9,127.0,0.0
1444,0.0025747,-4821.0,70.65,0.0
1445,0.22826,-23.9,127.0,0.0
1446,0.22207,18.3,139.7,0.0
1447,0.14656,-1.5,-139.7,0.0
1448,0.08958,-18.3,-139.7,0.0
1449,0.17029,-1.5,-139.7,0.0
145,2.8294,-22.4,82.55,0.0
1450,0.19574,-35.1,-139.7,0.0
1451,0.1263,-50.9,165.1,0.0
1452,0.21594,-6.4,-165.1,0.0
1453,0.010532,-6.4,-165.1,0.0
1454,0.10931,-6.4,-165.1,0.0
1455,0.020457,-28.65,-165.1,0.0
1456,0.2086,-23.9,127.0,0.0
1457,0.077556,-23.9,127.0,0.0
1458,0.10791,-23.9,127.0,0.0
1459,0.14592,1.5,127.0,0.0
146,0.2798,-31.8,82.55,0.0
1460,0.068904,-23.9,127.0,0.0
1461,0.20859,-18.3,-139.7,0.0
1462,0.0045313,-35.1,139.7,0.0
1463,0.034245,-1.5,139.7,0.0
1464,0.0015598,-2681.2,-70.65,0.0
1465,0.11983,35.1,139.7,0.0
1466,0.22996,-50.9,165.1,0.0
1467,0.30953,-50.9,165.1,0.0
1468,0.057536,6.4,165.1,0.0
1469,0.026349,-50.9,165.1,0.0
147,0.072354,-31.8,82.55,0.0
1470,0.10867,-6.4,165.1,0.0
1471,0.23014,-23.9,127.0,0.0
1472,0.0041418,-1988.0,70.65,0.0
1473,0.017544,-4206.0,70.65,0.0
1474,0.18763,-23.9,127.0,0.0
1475,0.22811,1.5,127.0,0.0
1476,0.10378,1.5,139.7,0.0
1477,0.0033278,-35.1,-139.7,0.0
1478,0.075381,-18.3,-139.7,0.0
1479,0.038791,-18.3,-139.7,0.0
148,2.1286,-31.8,82.55,0.0
1480,0.092723,-1.5,139.7,0.0
1481,0.18656,-50.9,165.1,0.0
1482,0.0056552,-4374.9,-70.65,0.0
1483,0.26803,-6.4,-165.1,0.0
1484,0.32594,-50.9,165.1,0.0
1485,0.20338,-50.9,165.1,0.0
1486,0.10441,-23.9,127.0,0.0
1487,0.0047233,-23.9,127.0,0.0
1488,0.25472,-23.9,127.0,0.0
1489,0.065986,-23.9,127.0,0.0
149,0.89783,-31.8,82.55,0.0
1490,0.28525,1.5,127.0,0.0
1491,0.015507,-1.5,-139.7,0.0
1492,0.099881,-18.3,-139.7,0.0
1493,0.077539,-1.5,139.7,0.0
1494,0.099161,-1.5,139.7,0.0
1495,0.0081597,35.1,139.34,9.9661
1496,0.1462,6.4,165.1,0.0
1497,0.29604,-6.4,165.1,0.0
1498,0.27679,6.4,165.1,0.0
1499,0.088044,-6.4,165.1,0.0
15,3.0247,-31.8,82.55,0.0
150,2.1848,-31.8,82.55,0.0
1500,0.35494,6.4,165.1,0.0
1501,0.20604,-23.9,127.0,0.0
1502,0.17811,-23.9,127.0,0.0
1503,0.20298,-23.9,127.0,0.0
1504,0.051637,-23.9,127.0,0.0
1505,0.22019,-23.9,127.0,0.0
1506,0.14625,18.3,-139.7,0.0
1507,0.28311,-18.3,139.7,0.0
1508,0.051039,-1.5,-139.7,0.0
1509,0.14714,18.3,-139.7,0.0
151,0.89037,-19.1,76.2,0.0
1510,0.0092553,-35.1,-139.7,0.0
1511,0.31088,-6.4,-165.1,0.0
1512,0.064481,-28.65,-165.1,0.0
1513,0.37416,-50.9,165.1,0.0
1514,0.26946,-6.4,-165.1,0.0
1515,0.015034,-6.4,-165.1,0.0
1516,0.24211,-23.9,127.0,0.0
1517,0.019285,-4334.0,70.65,0.0
1518,0.18348,1.5,127.0,0.0
1519,0.033036,-23.9,127.0,0.0
152,0.34881,-19.1,76.2,0.0
1520,0.20113,-23.9,127.0,0.0
1521,0.062831,18.3,139.7,0.0
1522,0.20403,-1.5,-139.7,0.0
1523,0.0018154,-3076.8,-70.65,0.0
1524,0.0050144,-3581.0,-70.65,0.0
1525,0.23078,1.5,139.7,0.0
1526,0.0015905,-50.9,-164.59,12.954
1527,0.0070184,-4635.7,-70.65,0.0
1528,0.079578,-28.65,-165.1,0.0
1529,0.0032321,-3402.2,-70.65,0.0
153,0.59071,-19.1,76.2,0.0
1530,0.32772,-50.9,165.1,0.0
1531,0.010921,-3701.0,70.65,0.0
1532,0.0010849,-3213.0,70.65,0.0
1533,0.14546,-23.9,127.0,0.0
1534,0.032283,-23.9,127.0,0.0
1535,0.061021,-23.9,127.0,0.0
1536,0.027661,-1.5,-139.7,0.0
1537,0.026187,-1.5,-139.7,0.0
1538,0.023168,-1.5,-139.7,0.0
1539,0.10432,18.3,-139.7,0.0
154,1.5765,1.5,76.2,0.0
1540,0.086206,-1.5,-139.7,0.0
1541,0.38354,-6.4,-165.1,0.0
1542,0.35176,-50.9,165.1,0.0
1543,0.171,-6.4,-165.1,0.0
1544,0.0060053,-4776.0,-70.65,0.0
1545,0.26987,-6.4,-165.1,0.0
1546,0.054098,-23.9,127.0,0.0
1547,0.096409,-23.9,127.0,0.0
1548,0.015248,-23.9,127.0,0.0
1549,0.0061924,-4686.0,70.65,0.0
155,1.9131,-19.1,76.2,0.0
1550,0.19422,-23.9,127.0,0.0
1551,0.33241,1.5,-139.7,0.0
1552,0.015645,-1.5,-139.7,0.0
1553,0.015111,-1.5,-139.7,0.0
1554,0.35449,18.3,-139.7,0.0
1555,0.1028,18.3,-139.7,0.0
1556,0.26488,-6.4,-165.1,0.0
1557,0.3245,-50.9,165.1,0.0
1558,0.17499,-6.4,-165.1,0.0
1559,0.28849,-6.4,-165.1,0.0
156,3.4695,-22.4,82.55,0.0
1560,0.090414,-28.65,-165.1,0.0
1561,0.0058208,-3697.0,70.65,0.0
1562,0.029499,-23.9,127.0,0.0
1563,0.14072,-23.9,127.0,0.0
1564,0.20089,-23.9,127.0,0.0
1565,0.0017312,-2137.0,70.65,0.0
1566,0.051205,-1.5,-139.7,0.0
1567,0.089063,-35.1,139.7,0.0
1568,0.15919,-18.3,139.7,0.0
1569,0.098006,-35.1,-139.7,0.0
157,1.815,-22.4,82.55,0.0
1570,0.0037601,-3474.4,-70.65,0.0
1571,0.21734,50.9,-165.1,0.0
1572,0.13569,-50.9,165.1,0.0
1573,0.091737,-6.4,-165.1,0.0
1574,0.063014,-50.9,-165.1,0.0
1575,0.043848,-50.9,165.1,0.0
1576,0.0017712,-3526.0,70.65,0.0
1577,0.0056936,-23.9,127.0,0.0
1578,0.013499,-23.9,127.0,0.0
1579,0.09112,-23.9,127.0,0.0
158,0.9988,-22.4,82.55,0.0
1580,0.059793,-23.9,127.0,0.0
1581,0.0031528,-1.5,139.34,9.9661
1582,0.10022,-18.3,139.7,0.0
1583,0.25184,1.5,-139.7,0.0
1584,0.14308,-1.5,-139.7,0.0
1585,0.019914,-1.5,-139.7,0.0
1586,0.23152,50.9,-165.1,0.0
1587,0.06033,-6.4,165.1,0.0
1588,0.17977,-50.9,165.1,0.0
1589,0.16939,-50.9,165.1,0.0
159,0.10665,-22.4,82.55,0.0
1590,0.026971,-6.4,165.1,0.0
1591,0.0123,-4132.0,70.65,0.0
1592,0.12281,-23.9,127.0,0.0
1593,0.004096,-3004.0,70.65,0.0
1594,0.20472,1.5,127.0,0.0
1595,0.18141,-23.9,127.0,0.0
1596,0.079275,-18.3,-139.7,0.0
1597,0.12875,1.5,-139.7,0.0
1598,0.061682,-1.5,139.7,0.0
1599,0.055274,-35.1,-139.7,0.0
16,0.022414,-2459.0,30.15,0.0
160,1.0555,-22.4,82.55,0.0
1600,0.00083408,-4007.0,-70.65,0.0
1601,0.0018741,-2975.0,-70.65,0.0
1602,0.012025,-6.4,-165.1,0.0
1603,0.22325,-50.9,165.1,0.0
1604,0.032194,-50.9,-165.1,0.0
1605,0.050192,-50.9,-165.1,0.0
1606,0.12459,1.5,127.0,0.0
1607,0.080292,-23.9,127.0,0.0
1608,0.1591,-23.9,127.0,0.0
1609,0.020483,-23.9,127.0,0.0
161,0.71039,-31.8,82.55,0.0
1610,0.044406,-23.9,127.0,0.0
1611,0.18267,-35.1,139.7,0.0
1612,0.09958,-1.5,139.7,0.0
1613,0.23576,18.3,-139.7,0.0
1614,0.059864,-1.5,-139.7,0.0
1615,0.007184,-35.1,-139.7,0.0
1616,0.13359,6.4,165.1,0.0
1617,0.098477,-6.4,165.1,0.0
1618,0.049761,-6.4,165.1,0.0
1619,0.0045945,-50.9,-165.1,0.0
162,0.3232,-31.8,82.55,0.0
1620,0.30708,28.65,-165.1,0.0
1621,0.017277,-4619.0,70.65,0.0
1622,0.033805,-23.9,127.0,0.0
1623,0.0065382,-23.9,127.0,0.0
1624,0.23537,-23.9,127.0,0.0
1625,0.012714,-23.9,127.0,0.0
1626,0.0013171,-4073.8,-70.65,0.0
1627,0.014878,1.5,-139.7,0.0
1628,0.0027817,-3713.3,-70.65,0.0
1629,0.22252,18.3,-139.7,0.0
163,1.4874,-31.8,82.55,0.0
1630,0.015595,-1.5,-139.7,0.0
1631,0.0011553,-50.9,-134.65,95.539
1632,0.23991,-50.9,-165.1,0.0
1633,0.0016237,-4300.8,-70.65,0.0
1634,0.12183,50.9,-165.1,0.0
1635,0.24548,50.9,-165.1,0.0
1636,0.029722,-23.9,127.0,0.0
1637,0.17701,-23.9,127.0,0.0
1638,0.13,-23.9,127.0,0.0
1639,0.01059,-3679.0,70.65,0.0
164,3.0155,-31.8,82.55,0.0
1640,0.035094,-23.9,127.0,0.0
1641,0.08158,-35.1,-139.7,0.0
1642,0.044183,-1.5,139.7,0.0
1643,0.10806,18.3,-139.7,0.0
1644,0.069993,-18.3,-139.7,0.0
1645,0.2293,18.3,-139.7,0.0
1646,0.077075,-50.9,165.1,0.0
1647,0.019814,-6.4,165.1,0.0
1648,0.018714,-6.4,-165.1,0.0
1649,0.014976,-6.4,-165.1,0.0
165,1.6744,12.75,82.55,0.0
1650,0.26577,-50.9,165.1,0.0
1651,0.03287,1.5,127.0,0.0
1652,0.014827,-23.9,127.0,0.0
1653,0.041054,-23.9,127.0,0.0
1654,0.036058,-23.9,127.0,0.0
1655,0.019233,-23.9,127.0,0.0
1656,0.012895,-4588.4,-70.65,0.0
1657,0.26551,18.3,-139.7,0.0
1658,0.031883,-1.5,-139.7,0.0
1659,0.2543,-18.3,139.7,0.0
166,1.2396,-19.1,76.2,0.0
1660,0.12374,-1.5,-139.7,0.0
1661,0.034094,-6.4,-165.1,0.0
1662,0.19105,-6.4,-165.1,0.0
1663,0.092623,-50.9,-165.1,0.0
1664,0.30401,-6.4,-165.1,0.0
1665,0.13419,-50.9,165.1,0.0
1666,0.0092568,-23.9,127.0,0.0
1667,0.11193,-23.9,127.0,0.0
1668,0.003333,-4800.0,70.65,0.0
1669,0.027771,-23.9,127.0,0.0
167,1.4563,-19.1,76.2,0.0
1670,0.1195,-23.9,127.0,0.0
1671,0.18583,-1.5,-139.7,0.0
1672,0.000854,-35.1,-134.94,-36.157
1673,0.14613,-18.3,139.7,0.0
1674,0.11654,18.3,-139.7,0.0
1675,0.0097656,-4887.7,-70.65,0.0
1676,0.28361,-6.4,-165.1,0.0
1677,0.12055,-6.4,165.1,0.0
1678,0.091106,-6.4,165.1,0.0
1679,0.22365,-50.9,165.1,0.0
168,3.1206,-19.1,76.2,0.0
1680,0.23486,-50.9,165.1,0.0
1681,0.0060354,-23.9,127.0,0.0
1682,0.070897,-23.9,127.0,0.0
1683,0.021239,-23.9,127.0,0.0
1684,0.050943,-23.9,127.0,0.0
1685,0.041049,-23.9,127.0,0.0
1686,0.042622,-35.1,139.7,0.0
1687,0.010724,18.3,-139.7,0.0
1688,0.036238,-35.1,-139.7,0.0
1689,0.0076254,-35.1,-139.7,0.0
169,2.5242,-19.1,76.2,0.0
1690,0.015769,-1.5,-139.7,0.0
1691,0.028428,-50.9,165.1,0.0
1692,0.15358,-6.4,-165.1,0.0
1693,0.022372,-6.4,-165.1,0.0
1694,0.02906,-6.4,-165.1,0.0
1695,0.015351,-6.4,-165.1,0.0
1696,0.00044095,-4488.0,70.65,0.0
1697,0.094254,-23.9,127.0,0.0
1698,0.056061,-23.9,127.0,0.0
1699,0.0021725,-3569.0,70.65,0.0
17,0.089373,-19.1,76.2,0.0
170,2.0969,1.5,76.2,0.0
1700,0.054529,-23.9,127.0,0.0
1701,0.0015357,-2529.0,70.65,0.0
1702,0.0041513,-4372.0,70.65,0.0
1703,0.059455,-18.3,-139.7,0.0
1704,0.10738,18.3,-139.7,0.0
1705,0.0071977,-1.5,139.7,0.0
1706,0.11464,-50.9,165.1,0.0
1707,0.17929,-6.4,-165.1,0.0
1708,0.052527,-6.4,165.1,0.0
1709,0.032477,-6.4,165.1,0.0
171,0.42073,-22.4,82.55,0.0
1710,0.068774,-28.65,-165.1,0.0
1711,0.12899,-23.9,127.0,0.0
1712,0.0051468,-4783.0,70.65,0.0
1713,0.0039826,-2727.0,70.65,0.0
1714,0.084094,-23.9,127.0,0.0
1715,0.0029898,-3880.0,70.65,0.0
1716,0.032762,-35.1,-139.7,0.0
1717,0.078175,-1.5,-139.7,0.0
1718,0.010732,18.3,-139.7,0.0
1719,0.0032274,-1.5,139.7,0.0
172,0.36804,-22.4,82.55,0.0
1720,0.15176,18.3,-139.7,0.0
1721,0.072142,-6.4,-165.1,0.0
1722,0.10027,50.9,-165.1,0.0
1723,0.016592,-6.4,-165.1,0.0
1724,0.10071,-6.4,165.1,0.0
1725,0.1275,50.9,-165.1,0.0
1726,0.061679,-23.9,127.0,0.0
1727,0.0024051,-23.9,127.0,0.0
1728,0.045299,-23.9,127.0,0.0
1729,0.076068,1.5,127.0,0.0
173,3.3316,-22.4,82.55,0.0
1730,0.014966,1.5,127.0,0.0
1731,0.0036665,-35.1,-139.7,0.0
1732,0.11166,18.3,-139.7,0.0
1733,0.030875,-35.1,-139.7,0.0
1734,0.090705,-35.1,139.7,0.0
1735,0.10741,18.3,-139.7,0.0
1736,0.0011921,-3743.6,-70.65,0.0
1737,0.022071,-28.65,-165.1,0.0
1738,0.070514,-28.65,-165.1,0.0
1739,0.15935,-50.9,165.1,0.0
174,1.0871,-22.4,82.55,0.0
1740,0.026719,-28.65,-165.1,0.0
1741,0.11279,1.5,-139.7,0.0
1742,0.17572,-25.4,139.7,0.0
1743,0.15978,-25.4,139.7,0.0
1744,0.0036236,-4881.0,84.15,0.0
1745,0.080734,-25.4,139.7,0.0
1746,0.0026356,-4724.0,84.15,0.0
1747,0.0009263,-2978.0,84.15,0.0
1748,0.0019505,-36.6,158.75,0.0
1749,0.042814,-36.6,-158.75,0.0
175,0.68168,-22.4,82.55,0.0
1750,0.0069682,-36.6,158.75,0.0
1751,0.011397,-18.35,-177.8,0.0
1752,0.0041242,-4209.0,-84.15,0.0
1753,0.17075,-18.35,-177.8,0.0
1754,0.10027,54.2,-177.8,0.0
1755,0.19705,-18.35,-177.8,0.0
1756,0.019891,-25.4,139.7,0.0
1757,0.0042303,-3843.0,84.15,0.0
1758,0.077083,-25.4,139.7,0.0
1759,0.027695,-25.4,139.7,0.0
176,1.6029,-31.8,82.55,0.0
1760,0.13812,7.475,139.7,0.0
1761,0.18612,-19.05,158.75,0.0
1762,0.067152,1.5,158.75,0.0
1763,0.0088274,-4809.0,84.15,0.0
1764,0.044485,-36.6,158.75,0.0
1765,0.17112,-19.05,158.75,0.0
1766,0.12702,-54.2,177.8,0.0
1767,0.096151,-6.4,177.8,0.0
1768,0.15203,18.35,177.8,0.0
1769,0.0012096,-54.2,177.8,0.0
177,1.8024,-31.8,82.55,0.0
1770,0.0038429,-6.4,172.89,41.507
1771,0.037148,-25.4,139.7,0.0
1772,0.018529,7.475,139.7,0.0
1773,0.12807,-25.4,139.7,0.0
1774,0.16692,7.475,139.7,0.0
1775,0.092884,-25.4,139.7,0.0
1776,0.073082,-36.6,158.75,0.0
1777,0.014722,-36.6,158.75,0.0
1778,0.0024269,-3029.0,84.15,0.0
1779,0.013458,-19.05,158.75,0.0
178,2.2596,-31.8,82.55,0.0
1780,0.09785,-36.6,158.75,0.0
1781,0.11427,-54.2,177.8,0.0
1782,0.15892,-54.2,177.8,0.0
1783,0.034783,-54.2,-177.8,0.0
1784,0.078718,-6.4,177.8,0.0
1785,0.065889,-54.2,177.8,0.0
1786,0.0010589,-25.4,139.7,0.0
1787,0.014175,7.475,139.7,0.0
1788,0.16546,-25.4,139.7,0.0
1789,0.1397,-25.4,139.7,0.0
179,0.79667,-31.8,82.55,0.0
1790,0.12597,-25.4,139.7,0.0
1791,0.038139,-36.6,158.75,0.0
1792,0.0044567,-3892.0,84.15,0.0
1793,0.19871,1.5,158.75,0.0
1794,0.0015207,-4784.0,84.15,0.0
1795,0.015203,-36.6,158.75,0.0
1796,0.067823,30.3,177.8,0.0
1797,0.094905,-6.4,177.8,0.0
1798,0.12468,-54.2,177.8,0.0
1799,0.023469,18.35,177.8,0.0
18,2.6299,-19.1,76.2,0.0
180,3.2631,-31.8,82.55,0.0
1800,0.18025,-18.35,177.8,0.0
1801,0.14766,-25.4,139.7,0.0
1802,0.012182,-19.425,-139.7,0.0
1803,0.0086239,-25.4,-139.7,0.0
1804,0.09689,-19.425,-139.7,0.0
1805,0.014036,-3921.0,84.15,0.0
1806,0.056126,-36.6,-158.75,0.0
1807,0.0037593,-36.6,-158.75,0.0
1808,0.17798,-19.05,158.75,0.0
1809,0.01302,-36.6,158.75,0.0
181,1.0383,1.5,76.2,0.0
1810,0.00091336,-1300.0,84.15,0.0
1811,0.042418,-18.35,177.8,0.0
1812,0.017431,-6.4,177.35,-12.684
1813,0.10436,54.2,-177.8,0.0
1814,0.14447,54.2,-177.8,0.0
1815,0.016967,-18.35,-177.8,0.0
1816,0.0029351,-25.4,139.7,0.0
1817,0.087069,-25.4,139.7,0.0
1818,0.11276,-25.4,139.7,0.0
1819,0.027189,-25.4,139.7,0.0
182,0.3375,-19.1,76.2,0.0
1820,0.0023273,-25.4,139.7,0.0
1821,0.033417,-36.6,158.75,0.0
1822,0.041769,-36.6,158.75,0.0
1823,0.0025657,-3576.0,84.15,0.0
1824,0.0042422,-3978.0,84.15,0.0
1825,0.20859,1.5,158.75,0.0
1826,0.13821,-54.2,177.8,0.0
1827,0.045018,-54.2,177.8,0.0
1828,0.069674,-6.4,177.8,0.0
1829,0.19521,-54.2,177.8,0.0
183,0.15071,-19.1,76.2,0.0
1830,0.0011742,-3528.2,-83.621,9.4218
1831,0.0013601,-2022.0,84.15,0.0
1832,0.10702,-25.4,139.7,0.0
1833,0.0098871,-4073.0,84.15,0.0
1834,0.003657,-3651.0,84.15,0.0
1835,0.17109,-25.4,139.7,0.0
1836,0.1751,-36.6,158.75,0.0
1837,0.0045822,1.5,158.75,0.0
1838,0.026385,-36.6,158.75,0.0
1839,0.054379,-36.6,158.75,0.0
184,3.2507,-19.1,76.2,0.0
1840,0.16037,-19.05,158.75,0.0
1841,0.17323,-54.2,177.8,0.0
1842,0.001806,-54.2,177.8,0.0
1843,0.19035,-54.2,177.8,0.0
1844,0.11237,54.2,-177.8,0.0
1845,0.0014097,-2432.9,-83.621,9.4218
1846,0.055256,1.5,139.7,0.0
1847,0.082624,-25.4,139.7,0.0
1848,0.017892,-4859.0,84.15,0.0
1849,0.0076661,-25.4,139.7,0.0
185,0.79039,-19.1,76.2,0.0
1850,0.12196,-25.4,139.7,0.0
1851,0.036105,-36.6,158.75,0.0
1852,0.074353,-36.6,158.75,0.0
1853,0.041122,-36.6,158.75,0.0
1854,0.13433,-36.6,158.75,0.0
1855,0.0021133,-4296.0,84.15,0.0
1856,0.018359,-18.35,-177.8,0.0
1857,0.024524,-6.4,177.8,0.0
1858,0.045619,-18.35,-177.8,0.0
1859,0.0042956,-3809.6,-84.15,0.0
186,1.8597,-22.4,82.55,0.0
1860,0.15019,18.35,177.8,0.0
1861,0.024284,-19.425,-139.7,0.0
1862,0.0050918,-2868.0,84.15,0.0
1863,0.023285,-25.4,139.7,0.0
1864,0.056025,-19.425,-139.7,0.0
1865,0.0024295,-4169.0,84.15,0.0
1866,0.0046628,-36.6,-158.75,0.0
1867,0.0012139,-4908.0,84.15,0.0
1868,0.043094,-36.6,158.75,0.0
1869,0.016968,-36.6,158.75,0.0
187,0.089337,-22.4,82.55,0.0
1870,0.045409,-36.6,-158.75,0.0
1871,0.10285,54.2,-177.8,0.0
1872,0.082099,-18.35,-177.8,0.0
1873,0.0096821,-54.2,-177.8,0.0
1874,0.16572,54.2,-177.8,0.0
1875,0.02204,-30.3,-177.8,0.0
1876,0.11291,7.475,139.7,0.0
1877,0.029562,-25.4,139.7,0.0
1878,0.056596,-25.4,139.7,0.0
1879,0.0072125,-4241.0,84.15,0.0
188,1.958,1.5,82.55,0.0
1880,0.060069,-25.4,139.7,0.0
1881,0.011948,-36.6,158.75,0.0
1882,0.036018,-36.6,158.75,0.0
1883,0.0028692,-4152.0,84.15,0.0
1884,0.020282,-36.6,158.75,0.0
1885,0.12981,1.5,158.75,0.0
1886,0.0091791,-54.2,-177.8,0.0
1887,0.022203,-30.3,-177.8,0.0
1888,0.10297,-18.35,-177.8,0.0
1889,0.12394,-54.2,177.8,0.0
189,1.728,-22.4,82.55,0.0
1890,0.0039908,-6.4,177.42,11.629
1891,0.076272,-25.4,139.7,0.0
1892,0.009302,-4785.0,84.15,0.0
1893,0.0013833,-2226.0,84.15,0.0
1894,0.031598,-25.4,139.7,0.0
1895,0.0028204,-3753.0,84.15,0.0
1896,0.1229,1.5,158.75,0.0
1897,0.045306,-36.6,158.75,0.0
1898,0.020749,-36.6,158.75,0.0
1899,0.00512,-3918.0,84.15,0.0
19,0.24297,-19.1,76.2,0.0
190,2.1102,-22.4,82.55,0.0
1900,0.070638,-36.6,158.75,0.0
1901,0.036896,-30.3,-177.8,0.0
1902,0.047625,-6.4,177.8,0.0
1903,0.098539,-18.35,-177.8,0.0
1904,0.021636,-6.4,177.8,0.0
1905,0.1166,42.25,177.8,0.0
1906,0.04776,-25.4,139.7,0.0
1907,0.041287,-25.4,139.7,0.0
1908,0.006512,-3315.0,84.15,0.0
1909,0.0016533,-3790.0,84.15,0.0
191,2.9843,-31.8,82.55,0.0
1910,0.091443,-25.4,139.7,0.0
1911,0.056451,-36.6,158.75,0.0
1912,0.033908,-36.6,158.75,0.0
1913,0.0023144,-3273.0,84.15,0.0
1914,0.00097911,-1967.0,84.15,0.0
1915,0.092093,1.5,158.75,0.0
1916,0.089151,-6.4,177.8,0.0
1917,0.064712,-18.35,-177.8,0.0
1918,0.10509,-54.2,177.8,0.0
1919,0.027985,-18.35,-177.8,0.0
192,2.3514,-31.8,82.55,0.0
1920,0.02756,-18.35,177.8,0.0
1921,0.12299,-25.4,139.7,0.0
1922,0.042926,-25.4,139.7,0.0
1923,0.07675,-25.4,139.7,0.0
1924,0.060181,-25.4,139.7,0.0
1925,0.053607,-25.4,139.7,0.0
1926,0.0085648,1.5,158.75,0.0
1927,0.12355,1.5,158.75,0.0
1928,0.030045,-36.6,-158.75,0.0
1929,0.067095,-36.6,158.75,0.0
193,0.67308,-31.8,82.55,0.0
1930,0.0074066,-36.6,-158.75,0.0
1931,0.13806,-54.2,177.8,0.0
1932,0.096386,-42.25,-177.8,0.0
1933,0.0039706,-30.3,-177.8,0.0
1934,0.0025759,-3664.8,-84.15,0.0
1935,0.080756,-18.35,-177.8,0.0
1936,0.077468,-25.4,139.7,0.0
1937,0.065428,-25.4,139.7,0.0
1938,0.092124,-25.4,139.7,0.0
1939,0.061364,-25.4,139.7,0.0
194,3.1334,-31.8,82.55,0.0
1940,0.10255,-25.4,139.7,0.0
1941,0.0026864,-36.6,158.75,0.0
1942,0.10513,-19.05,158.75,0.0
1943,0.093923,-36.6,158.75,0.0
1944,0.048396,-36.6,158.75,0.0
1945,0.00062551,-2528.0,84.15,0.0
1946,0.0051632,-42.25,-177.8,0.0
1947,0.11744,54.2,-177.8,0.0
1948,0.032968,-6.4,177.8,0.0
1949,0.033724,-6.4,177.8,0.0
195,0.019052,-4940.0,30.15,0.0
1950,0.02307,-18.35,-177.8,0.0
1951,0.072599,-25.4,139.7,0.0
1952,0.035007,-25.4,139.7,0.0
1953,0.016104,-25.4,-139.7,0.0
1954,0.12647,-25.4,139.7,0.0
1955,0.0048601,6.28,139.7,0.0
1956,0.094544,-36.6,158.75,0.0
1957,0.10297,-36.6,158.75,0.0
1958,0.008314,-36.6,158.75,0.0
1959,0.13623,-19.05,158.75,0.0
196,2.2366,-19.1,76.2,0.0
1960,0.013795,-36.6,158.75,0.0
1961,0.084248,-30.3,-177.8,0.0
1962,0.034465,-18.35,-177.8,0.0
1963,0.1099,-54.2,177.8,0.0
1964,0.047248,-18.35,-177.8,0.0
1965,0.12939,54.2,-177.8,0.0
1966,0.10728,7.475,139.7,0.0
1967,0.036568,-25.4,139.7,0.0
1968,0.10535,-25.4,139.7,0.0
1969,0.016797,-25.4,139.7,0.0
197,2.418,-19.1,76.2,0.0
1970,0.072897,-25.4,139.7,0.0
1971,0.066757,-36.6,158.75,0.0
1972,0.09922,1.5,158.75,0.0
1973,0.126,1.5,158.75,0.0
1974,0.097143,1.5,158.75,0.0
1975,0.020769,1.5,158.75,0.0
1976,0.11684,54.2,-177.8,0.0
1977,0.095418,-54.2,177.8,0.0
1978,0.12925,-54.2,177.8,0.0
1979,0.12344,54.2,-177.8,0.0
198,1.0781,-19.1,76.2,0.0
1980,0.14868,-6.4,177.8,0.0
1981,0.024824,-25.4,139.7,0.0
1982,0.037384,-25.4,139.7,0.0
1983,0.060649,-25.4,139.7,0.0
1984,0.0017759,-3683.0,84.15,0.0
1985,0.0039856,-25.4,-139.7,0.0
1986,0.03374,-36.6,158.75,0.0
1987,0.052208,-36.6,-158.75,0.0
1988,0.0016134,-4685.0,84.15,0.0
1989,0.0059697,-36.6,-158.75,0.0
199,1.4013,-19.1,76.2,0.0
1990,0.090804,-36.6,158.75,0.0
1991,0.091021,-54.2,177.8,0.0
1992,0.053821,-18.35,-177.8,0.0
1993,0.056702,-18.35,-177.8,0.0
1994,0.055505,-18.35,-177.8,0.0
1995,0.019923,-18.35,177.8,0.0
1996,0.059827,7.475,139.7,0.0
1997,0.0010719,-25.4,-139.7,0.0
1998,0.0079004,-25.4,139.7,0.0
1999,0.0084633,-25.4,-139.7,0.0
2,3.6367,-19.1,76.2,0.0
20,0.34071,-19.1,76.2,0.0
200,3.2605,-19.1,76.2,0.0
2000,0.0086681,-25.4,139.7,0.0
2001,0.0029956,-36.6,158.75,0.0
2002,0.053029,-36.6,158.75,0.0
2003,0.027876,-36.6,158.75,0.0
2004,0.027631,-36.6,158.75,0.0
2005,0.038703,-36.6,158.75,0.0
2006,0.0026016,-4371.0,-84.15,0.0
2007,0.084463,-6.4,177.8,0.0
2008,0.053636,-6.4,177.8,0.0
2009,0.082486,-54.2,-177.8,0.0
201,0.63524,-22.4,82.55,0.0
2010,0.043406,-18.35,-177.8,0.0
2011,0.043737,-25.4,139.7,0.0
2012,0.011053,-25.4,139.7,0.0
2013,0.016284,-25.4,139.7,0.0
2014,0.00062516,-25.4,-139.7,0.0
2015,0.0057274,-25.4,-139.7,0.0
2016,0.0090825,-36.6,158.75,0.0
2017,0.017108,-36.6,158.75,0.0
2018,0.0078641,-36.6,158.75,0.0
2019,0.0048375,-36.6,158.75,0.0
202,0.96171,-22.4,82.55,0.0
2020,0.012318,-19.05,158.75,0.0
2021,0.0016249,-6.4,177.8,0.0
2022,0.00087307,-4113.0,-84.15,0.0
2023,0.060581,-18.35,-177.8,0.0
2024,0.013686,-54.2,-177.8,0.0
2025,0.0025431,-6.4,177.8,0.0
2026,0.078179,-25.4,139.7,0.0
2027,0.060583,-25.4,139.7,0.0
2028,0.034607,7.475,139.7,0.0
2029,0.066181,-25.4,139.7,0.0
203,0.91601,-22.4,82.55,0.0
2030,0.04904,7.475,139.7,0.0
2031,0.024752,-19.05,158.75,0.0
2032,0.023333,-36.6,158.75,0.0
2033,0.064868,-36.6,158.75,0.0
2034,0.025346,-36.6,158.75,0.0
2035,0.045244,-36.6,158.75,0.0
2036,0.0086801,-6.4,177.8,0.0
2037,0.02757,-54.2,177.8,0.0
2038,0.02488,-18.35,-177.8,0.0
2039,0.087337,-18.35,-177.8,0.0
204,1.9224,-22.4,82.55,0.0
2040,0.030475,-6.4,177.8,0.0
2041,0.022722,-28.4,-171.45,0.0
2042,0.010734,-28.4,-171.45,0.0
2043,0.0051719,-28.4,-171.45,0.0
2044,0.043656,-28.4,-171.45,0.0
2045,0.037768,-28.4,-171.45,0.0
2046,0.084981,-41.1,190.5,0.0
2047,0.081541,-41.1,-190.5,0.0
2048,0.088746,-41.1,-190.5,0.0
2049,0.070134,-41.1,190.5,0.0
205,0.011602,-4744.0,30.15,0.0
2050,0.063083,-41.1,190.5,0.0
2051,0.059687,-62.0,209.55,0.0
2052,0.039017,-62.0,209.55,0.0
2053,0.0098586,-62.0,209.55,0.0
2054,0.0064793,-62.0,209.55,0.0
2055,0.068523,-62.0,209.55,0.0
2056,0.056283,-28.4,171.45,0.0
2057,0.072537,1.5,171.45,0.0
2058,0.043201,-28.4,171.45,0.0
2059,0.0123,-4598.0,109.55,0.0
206,0.027799,-3297.0,30.15,0.0
2060,0.0051599,-4939.0,109.55,0.0
2061,0.0041452,1.5,190.5,0.0
2062,0.094775,-41.1,190.5,0.0
2063,0.037067,-41.1,190.5,0.0
2064,0.017288,-41.1,190.5,0.0
2065,0.012199,-41.1,190.5,0.0
2066,0.082883,-62.0,209.55,0.0
2067,0.040164,-62.0,209.55,0.0
2068,0.033267,-62.0,209.55,0.0
2069,0.028622,6.4,209.55,0.0
207,0.081628,-31.8,82.55,0.0
2070,0.032937,-62.0,209.55,0.0
2071,0.025297,-28.4,171.45,0.0
2072,0.015966,-28.4,171.45,0.0
2073,0.0040665,-4193.0,109.55,0.0
2074,0.048678,-28.4,171.45,0.0
2075,0.040513,-28.4,171.45,0.0
2076,0.0021174,-4229.0,109.55,0.0
2077,0.05684,-41.1,190.5,0.0
2078,0.077453,-41.1,190.5,0.0
2079,0.054078,-41.1,190.5,0.0
208,2.6146,-31.8,82.55,0.0
2080,0.0090498,-41.1,190.5,0.0
2081,0.023117,-62.0,209.55,0.0
2082,0.082356,-62.0,209.55,0.0
2083,0.11063,-62.0,209.55,0.0
2084,0.055214,6.4,209.55,0.0
2085,0.0059688,-62.0,209.55,0.0
2086,0.01846,1.5,171.45,0.0
2087,0.039998,1.5,171.45,0.0
2088,0.064746,-28.4,171.45,0.0
2089,0.015443,1.5,171.45,0.0
209,0.44309,-31.8,82.55,0.0
2090,0.076304,-28.4,171.45,0.0
2091,0.050598,-41.1,190.5,0.0
2092,0.0029172,-4297.0,109.55,0.0
2093,0.065897,-41.1,190.5,0.0
2094,0.089732,-41.1,190.5,0.0
2095,0.071088,1.5,190.5,0.0
2096,0.060686,6.4,209.55,0.0
2097,0.012876,-62.0,209.55,0.0
2098,0.0035798,-62.0,209.55,0.0
2099,0.0098897,-62.0,209.55,0.0
21,3.5715,-22.4,82.55,0.0
210,1.4439,12.75,82.55,0.0
2100,0.023568,-62.0,209.55,0.0
2101,0.0037169,-28.4,-171.45,0.0
2102,0.0047985,-28.4,-171.45,0.0
2103,0.025871,-28.4,-171.45,0.0
2104,0.053246,-28.4,171.45,0.0
2105,0.061983,-28.4,171.45,0.0
2106,0.011586,-41.1,190.5,0.0
2107,0.05935,-21.3,190.5,0.0
2108,0.011543,-21.3,190.5,0.0
2109,0.058686,-41.1,190.5,0.0
211,1.1248,-19.1,76.2,0.0
2110,0.039904,-41.1,190.5,0.0
2111,0.05456,-62.0,209.55,0.0
2112,0.068129,-62.0,209.55,0.0
2113,0.024262,-62.0,209.55,0.0
2114,0.054962,-62.0,209.55,0.0
2115,0.091275,-62.0,209.55,0.0
2116,0.0045287,-3838.0,109.55,0.0
2117,0.0348,1.5,171.45,0.0
2118,0.0027701,-2851.0,109.55,0.0
2119,0.025904,-28.4,171.45,0.0
212,2.1249,-19.1,76.2,0.0
2120,0.077187,-28.4,171.45,0.0
2121,0.0042813,1.5,190.5,0.0
2122,0.0010772,-4309.0,109.55,0.0
2123,0.003657,-41.1,190.5,0.0
2124,0.0231,-41.1,190.5,0.0
2125,0.0084325,-41.1,190.5,0.0
2126,0.00043608,-4757.0,109.55,0.0
2127,0.048941,-62.0,209.55,0.0
2128,0.057042,-62.0,209.55,0.0
2129,0.015489,-62.0,209.55,0.0
213,2.3262,-19.1,76.2,0.0
2130,0.022019,6.4,209.55,0.0
2131,0.0012329,-28.4,171.45,0.0
2132,0.0071064,-28.4,171.45,0.0
2133,0.031283,-28.4,171.45,0.0
2134,0.0034067,-3455.0,109.55,0.0
2135,0.0023169,-3495.0,109.55,0.0
2136,0.003935,-3634.0,109.55,0.0
2137,0.057588,-21.3,190.5,0.0
2138,0.010625,-41.1,190.5,0.0
2139,0.023686,-41.1,190.5,0.0
214,2.359,-19.1,76.2,0.0
2140,0.084242,-41.1,190.5,0.0
2141,0.0090143,6.4,209.55,0.0
2142,0.0041072,-62.0,209.55,0.0
2143,0.021813,-62.0,209.55,0.0
2144,0.0034903,-3873.0,109.55,0.0
2145,0.019245,-62.0,209.55,0.0
2146,0.0077176,1.5,171.45,0.0
2147,0.062223,-28.4,171.45,0.0
2148,0.020446,-28.4,171.45,0.0
2149,0.072863,-28.4,171.45,0.0
215,0.024874,-4148.0,30.15,0.0
2150,0.033695,-28.4,171.45,0.0
2151,0.00036087,-4446.0,109.55,0.0
2152,0.095737,-41.1,190.5,0.0
2153,0.0021871,-41.1,190.5,0.0
2154,0.022496,-41.1,190.5,0.0
2155,0.036384,-21.3,190.5,0.0
2156,0.030813,-62.0,209.55,0.0
2157,0.002011,-3144.0,109.55,0.0
2158,0.0042845,-62.0,209.55,0.0
2159,0.0019462,-3937.0,109.55,0.0
216,2.9877,-22.4,82.55,0.0
2160,0.0010944,-3602.0,109.55,0.0
2161,0.0088989,-4930.0,109.55,0.0
2162,0.044953,-28.4,171.45,0.0
2163,0.029516,-28.4,-171.45,0.0
2164,0.0011583,-28.4,-171.45,0.0
2165,0.046378,-28.4,171.45,0.0
2166,0.030805,-41.1,190.5,0.0
2167,0.064693,-21.3,190.5,0.0
2168,0.016025,-41.1,-190.5,0.0
2169,0.021959,-41.1,190.5,0.0
217,3.2646,-22.4,82.55,0.0
2170,0.0067791,-41.1,-190.5,0.0
2171,0.021839,-62.0,209.55,0.0
2172,0.00053455,-1782.0,109.55,0.0
2173,0.0010862,-4694.0,109.55,0.0
2174,0.019498,-62.0,209.55,0.0
2175,0.010537,-62.0,209.55,0.0
2176,0.040035,1.5,171.45,0.0
2177,0.047179,-28.4,171.45,0.0
2178,0.032653,-28.4,171.45,0.0
2179,0.030874,1.5,171.45,0.0
218,0.22556,-22.4,82.55,0.0
2180,0.0029532,-28.4,-171.45,0.0
2181,0.0098321,-41.1,190.5,0.0
2182,0.051552,1.5,190.5,0.0
2183,0.0083737,-41.1,190.5,0.0
2184,0.0051118,-41.1,190.5,0.0
2185,0.0094155,-41.1,190.5,0.0
2186,0.068154,-62.0,209.55,0.0
2187,0.026644,-62.0,209.55,0.0
2188,0.0050332,-62.0,209.55,0.0
2189,0.010178,-62.0,209.55,0.0
219,2.2497,-22.4,82.55,0.0
2190,0.007154,-62.0,209.55,0.0
2191,0.014942,-28.4,171.45,0.0
2192,0.0092762,-28.4,171.45,0.0
2193,0.0007194,-2458.0,109.55,0.0
2194,0.01731,1.5,171.45,0.0
2195,0.0027018,-3529.0,109.55,0.0
2196,0.061897,-41.1,190.5,0.0
2197,0.0080062,-41.1,190.5,0.0
2198,0.039233,-41.1,190.5,0.0
2199,0.025846,-41.1,190.5,0.0
22,4.3859,-22.4,82.55,0.0
220,0.7428,-22.4,82.55,0.0
2200,0.011839,1.5,190.5,0.0
2201,0.058526,-62.0,209.55,0.0
2202,0.02235,6.4,209.55,0.0
2203,0.040665,-62.0,209.55,0.0
2204,0.06919,-62.0,209.55,0.0
2205,0.028553,-62.0,209.55,0.0
2206,0.01541,1.5,171.45,0.0
2207,0.0023513,-2410.0,109.55,0.0
2208,0.0052239,-4576.0,109.55,0.0
2209,0.016428,1.5,171.45,0.0
221,0.89649,-31.8,82.55,0.0
2210,0.0061298,-28.4,-171.45,0.0
2211,0.054637,-21.3,190.5,0.0
2212,0.018388,-41.1,190.5,0.0
2213,0.061246,1.5,190.5,0.0
2214,0.0034276,-41.1,190.5,0.0
2215,0.055556,-41.1,190.5,0.0
2216,0.058301,6.4,209.55,0.0
2217,0.017859,-62.0,209.55,0.0
2218,0.027319,-62.0,209.55,0.0
2219,0.020985,-62.0,209.55,0.0
222,1.772,-31.8,82.55,0.0
2220,0.07556,-62.0,209.55,0.0
2221,0.00047444,-4270.0,109.55,0.0
2222,0.0051999,-28.4,-171.45,0.0
2223,0.00045614,-1255.0,109.55,0.0
2224,0.012947,-28.4,171.45,0.0
2225,0.034245,-28.4,-171.45,0.0
2226,0.0058845,-41.1,-190.5,0.0
2227,0.0071472,-41.1,190.5,0.0
2228,0.027301,-41.1,190.5,0.0
2229,0.03226,-41.1,-190.5,0.0
223,3.124,12.75,82.55,0.0
2230,0.061648,-41.1,190.5,0.0
2231,0.052261,-62.0,209.55,0.0
2232,0.0054478,-62.0,209.55,0.0
2233,0.035266,-62.0,209.55,0.0
2234,0.044849,-62.0,209.55,0.0
2235,0.022393,-62.0,209.55,0.0
2236,0.037675,-28.4,171.45,0.0
2237,0.027579,1.5,171.45,0.0
2238,0.0021339,-2737.0,109.55,0.0
2239,0.041304,-28.4,171.45,0.0
224,2.6533,12.75,82.55,0.0
2240,0.053755,-28.4,171.45,0.0
2241,0.012142,1.5,190.5,0.0
2242,0.015252,-41.1,190.5,0.0
2243,0.047437,1.5,190.5,0.0
2244,0.019656,-41.1,190.5,0.0
2245,0.02397,-41.1,190.5,0.0
2246,0.021081,-62.0,209.55,0.0
2247,0.012518,-62.0,209.55,0.0
2248,0.0023296,-4432.0,109.55,0.0
2249,0.0049724,-62.0,209.55,0.0
225,3.415,-31.8,82.55,0.0
2250,0.038874,-62.0,209.55,0.0
2251,0.058812,-28.4,171.45,0.0
2252,0.059745,-28.4,171.45,0.0
2253,0.0057591,-28.4,171.45,0.0
2254,0.046029,-28.4,171.45,0.0
2255,0.0085389,-28.4,171.45,0.0
2256,0.009251,-41.1,190.5,0.0
2257,0.058354,-41.1,190.5,0.0
2258,0.011465,-21.3,190.5,0.0
2259,0.0002922,-4933.0,109.55,0.0
226,1.4707,-19.1,76.2,0.0
2260,0.062204,1.5,190.5,0.0
2261,0.011293,-62.0,209.55,0.0
2262,0.0005562,-2522.0,109.55,0.0
2263,0.057194,-62.0,209.55,0.0
2264,0.037388,-62.0,209.55,0.0
2265,0.022825,-62.0,209.55,0.0
2266,0.017288,-28.4,171.45,0.0
2267,0.044931,-28.4,171.45,0.0
2268,0.025028,-28.4,171.45,0.0
2269,0.039222,-28.4,171.45,0.0
227,0.048253,-19.1,76.2,0.0
2270,0.0327,-28.4,171.45,0.0
2271,0.034581,-41.1,190.5,0.0
2272,0.014032,-41.1,190.5,0.0
2273,0.066742,-41.1,190.5,0.0
2274,0.034187,1.5,190.5,0.0
2275,0.045701,-21.3,190.5,0.0
2276,0.003885,-4391.0,109.55,0.0
2277,0.057092,-62.0,209.55,0.0
2278,0.0039178,-62.0,209.55,0.0
2279,0.003175,-62.0,209.55,0.0
228,2.6421,-19.1,76.2,0.0
2280,0.0046448,-62.0,209.55,0.0
2281,0.040509,-28.4,171.45,0.0
2282,0.00077593,-4304.0,109.55,0.0
2283,0.0033951,-28.4,-171.45,0.0
2284,0.00089991,-4092.0,109.55,0.0
2285,0.027884,-28.4,171.45,0.0
2286,0.022965,-41.1,190.5,0.0
2287,0.044608,-21.3,190.5,0.0
2288,0.022022,-41.1,190.5,0.0
2289,0.021073,-41.1,190.5,0.0
229,0.48079,-19.1,76.2,0.0
2290,0.0099914,-41.1,-190.5,0.0
2291,0.046125,-62.0,209.55,0.0
2292,0.03428,-62.0,209.55,0.0
2293,0.00081621,-62.0,209.55,0.0
2294,0.023069,-62.0,209.55,0.0
2295,0.00049426,-62.0,209.55,0.0
2296,0.032738,1.5,171.45,0.0
2297,0.018291,-28.4,171.45,0.0
2298,0.0058189,-28.4,171.45,0.0
2299,0.026678,-28.4,171.45,0.0
23,1.5971,-22.4,82.55,0.0
230,1.4929,-19.1,76.2,0.0
2300,0.013054,1.5,171.45,0.0
2301,0.018782,-41.1,190.5,0.0
2302,0.03748,-41.1,190.5,0.0
2303,0.00092984,-4786.0,109.55,0.0
2304,0.013757,-21.3,190.5,0.0
2305,0.0023509,-4165.0,109.55,0.0
2306,0.0080042,-62.0,209.55,0.0
2307,0.0015688,6.4,209.55,0.0
2308,0.027254,-62.0,209.55,0.0
2309,0.040658,-62.0,209.55,0.0
231,3.1012,-22.4,82.55,0.0
2310,0.0051686,6.4,209.55,0.0
2311,0.0035727,-28.4,-171.45,0.0
2312,0.0035897,-28.4,-171.45,0.0
2313,0.023873,1.5,171.45,0.0
2314,0.019489,-28.4,-171.45,0.0
2315,0.00023869,1.5,171.45,0.0
2316,0.042068,-41.1,190.5,0.0
2317,0.021687,1.5,190.5,0.0
2318,0.0012158,-4748.0,109.55,0.0
2319,0.03979,-41.1,190.5,0.0
232,1.0122,-22.4,82.55,0.0
2320,0.0032475,-41.1,190.5,0.0
2321,0.0084095,-62.0,209.55,0.0
2322,0.0082948,-62.0,209.55,0.0
2323,0.0010133,-62.0,209.55,0.0
2324,0.0018591,-62.0,209.55,0.0
2325,0.0019242,-4673.0,109.55,0.0
2326,0.040053,-28.4,171.45,0.0
2327,0.0022613,-4228.0,109.55,0.0
2328,0.0031753,-3615.0,109.55,0.0
2329,0.028031,1.5,171.45,0.0
233,2.8016,-22.4,82.55,0.0
2330,0.0088607,-28.4,171.45,0.0
2331,0.0019004,-3359.0,109.55,0.0
2332,0.00022549,-4715.0,109.55,0.0
2333,0.0205,-41.1,190.5,0.0
2334,0.038057,1.5,190.5,0.0
2335,0.0096725,-41.1,190.5,0.0
2336,0.0060675,6.4,209.55,0.0
2337,0.0084626,-62.0,209.55,0.0
2338,0.004921,-62.0,209.55,0.0
2339,0.016477,-62.0,209.55,0.0
234,3.6568,-22.4,82.55,0.0
2340,0.041069,6.4,209.55,0.0
2341,0.041151,-30.2,203.2,0.0
2342,0.016796,-30.2,203.2,0.0
2343,0.021148,-30.2,203.2,0.0
2344,0.023701,1.5,203.2,0.0
2345,0.0010505,-1917.0,136.5,0.0
2346,0.023191,-24.55,-222.25,0.0
2347,0.010692,-47.6,-222.25,0.0
2348,0.00028906,-2242.0,135.64,15.283
2349,0.027432,-24.55,-222.25,0.0
235,3.62,-22.4,82.55,0.0
2350,0.0046138,-47.6,-222.25,0.0
2351,0.024538,-6.4,254.0,0.0
2352,0.061072,-38.15,-254.0,0.0
2353,0.0049196,-69.9,-243.71,71.56
2354,0.046297,-6.4,-254.0,0.0
2355,0.0099239,-69.9,-254.0,0.0
2356,0.040206,1.5,203.2,0.0
2357,0.0077959,-30.2,203.2,0.0
2358,0.0012902,-3284.0,136.5,0.0
2359,0.0058418,1.5,203.2,0.0
236,0.38523,-31.8,82.55,0.0
2360,0.040252,-30.2,203.2,0.0
2361,0.030487,24.55,222.25,0.0
2362,0.0024959,-47.6,222.25,0.0
2363,0.014058,-47.6,222.25,0.0
2364,0.0043044,-47.6,222.25,0.0
2365,0.037102,24.55,222.25,0.0
2366,0.012206,69.9,254.0,0.0
2367,0.00054435,-3583.0,-135.64,15.283
2368,0.0053473,-69.9,-254.0,0.0
2369,0.00021896,-69.9,127.0,-219.97
237,0.24176,-31.8,82.55,0.0
2370,0.0040098,-6.4,254.0,0.0
2371,0.011744,1.5,203.2,0.0
2372,0.022043,-30.2,203.2,0.0
2373,0.041881,-30.2,203.2,0.0
2374,0.02751,-30.2,203.2,0.0
2375,0.00047653,-30.2,203.2,0.0
2376,0.00065964,-1698.0,136.5,0.0
2377,0.049865,-47.6,222.25,0.0
2378,0.019379,24.55,222.25,0.0
2379,0.017654,24.55,222.25,0.0
238,0.19942,-31.8,82.55,0.0
2380,0.016298,-47.6,222.25,0.0
2381,0.011812,-6.4,-254.0,0.0
2382,0.05216,-6.4,254.0,0.0
2383,0.0048536,-6.4,254.0,0.0
2384,0.010781,-6.4,-254.0,0.0
2385,0.051006,6.4,254.0,0.0
2386,0.0011073,-3113.0,136.5,0.0
2387,0.031065,-30.2,203.2,0.0
2388,0.016767,1.5,203.2,0.0
2389,0.0054975,-30.2,203.2,0.0
239,0.86957,-31.8,82.55,0.0
2390,0.0011432,-4422.0,136.5,0.0
2391,0.028543,-47.6,222.25,0.0
2392,0.017681,24.55,222.25,0.0
2393,0.0033733,-47.6,222.25,0.0
2394,0.045008,24.55,222.25,0.0
2395,0.0076069,-47.6,222.25,0.0
2396,0.0050461,-6.4,254.0,0.0
2397,0.010511,69.9,254.0,0.0
2398,0.028959,-6.4,254.0,0.0
2399,0.016936,38.15,254.0,0.0
24,0.21217,-22.4,82.55,0.0
240,2.9058,-31.8,82.55,0.0
2400,0.02949,-6.4,254.0,0.0
2401,0.0012852,1.5,203.2,0.0
2402,0.0096277,-30.2,203.2,0.0
2403,0.032209,-30.2,203.2,0.0
2404,0.0086741,-30.2,203.2,0.0
2405,0.014435,1.5,203.2,0.0
2406,0.01349,-47.6,-222.25,0.0
2407,0.036962,-24.55,-222.25,0.0
2408,0.00061214,-2768.0,136.5,0.0
2409,0.0071822,-47.6,-222.25,0.0
241,0.49206,-19.1,76.2,0.0
2410,0.0010633,-3116.0,136.5,0.0
2411,0.0025699,-38.15,-254.0,0.0
2412,0.0085865,-69.9,-254.0,0.0
2413,0.0080788,-6.4,253.22,-19.929
2414,0.017014,-6.4,-254.0,0.0
2415,0.00033828,-4418.0,-135.64,15.283
2416,0.03758,-30.2,203.2,0.0
2417,0.035745,-30.2,203.2,0.0
2418,0.035684,-30.2,203.2,0.0
2419,0.0041354,-4135.0,136.5,0.0
242,0.15378,-19.1,76.2,0.0
2420,0.01164,1.5,203.2,0.0
2421,0.029299,24.55,222.25,0.0
2422,0.0025605,-47.6,222.25,0.0
2423,0.035306,-47.6,222.25,0.0
2424,0.00033269,-4403.0,136.5,0.0
2425,0.0010615,-3595.0,136.5,0.0
2426,0.00023154,-4265.0,-135.64,15.283
2427,0.044751,-6.4,254.0,0.0
2428,0.013307,6.4,254.0,0.0
2429,0.02347,38.15,254.0,0.0
243,0.57307,-19.1,76.2,0.0
2430,0.00047905,6.4,226.32,-115.31
2431,0.0070811,-4748.0,136.5,0.0
2432,0.0048545,-3650.0,136.5,0.0
2433,0.0078725,-30.2,203.2,0.0
2434,0.009059,-30.2,203.2,0.0
2435,0.012247,-30.2,203.2,0.0
2436,0.0031807,-3406.0,136.5,0.0
2437,0.026041,-47.6,222.25,0.0
2438,0.027693,-47.6,222.25,0.0
2439,0.013532,-47.6,222.25,0.0
244,1.9681,-19.1,76.2,0.0
2440,0.00071252,-3166.0,136.5,0.0
2441,0.036526,-6.4,254.0,0.0
2442,0.0093805,-69.9,254.0,0.0
2443,0.037761,69.9,254.0,0.0
2444,0.013563,-6.4,254.0,0.0
2445,0.00094923,-2586.0,-135.64,15.283
2446,0.00029483,-2818.0,136.5,0.0
2447,0.006376,1.5,203.2,0.0
2448,0.032639,1.5,203.2,0.0
2449,0.0051749,-4388.0,136.5,0.0
245,0.040072,-19.1,76.2,0.0
2450,0.048983,-30.2,203.2,0.0
2451,0.023509,-47.6,222.25,0.0
2452,0.0021448,-4367.0,136.5,0.0
2453,0.0055921,-47.6,222.25,0.0
2454,0.00134,1.5,222.25,0.0
2455,0.0039377,1.5,222.25,0.0
2456,0.0016837,-69.9,-254.0,0.0
2457,0.0041589,69.9,251.83,33.154
2458,0.012923,69.9,254.0,0.0
2459,0.010049,38.15,254.0,0.0
246,0.43807,-22.4,82.55,0.0
2460,0.030611,-6.4,254.0,0.0
2461,0.02444,1.5,203.2,0.0
2462,0.027693,-30.2,203.2,0.0
2463,0.0023189,-3182.0,136.5,0.0
2464,0.0014476,-4841.0,136.5,0.0
2465,0.025404,-30.2,203.2,0.0
2466,0.014824,-47.6,-222.25,0.0
2467,0.010395,-24.55,-222.25,0.0
2468,0.00043449,-4985.0,136.5,0.0
2469,0.0019898,-47.6,-222.25,0.0
247,0.3988,-22.4,82.55,0.0
2470,0.027309,24.55,222.25,0.0
2471,0.027475,-69.9,-254.0,0.0
2472,0.035042,-38.15,-254.0,0.0
2473,0.028953,-6.4,254.0,0.0
2474,0.039296,-6.4,-254.0,0.0
2475,0.00069675,-2995.0,-136.5,0.0
2476,0.0059249,-30.2,203.2,0.0
2477,0.00029548,-4053.0,136.5,0.0
2478,0.014637,1.5,203.2,0.0
2479,0.013862,-30.2,203.2,0.0
248,0.29135,-22.4,82.55,0.0
2480,0.0061343,1.5,203.2,0.0
2481,0.0085904,1.5,222.25,0.0
2482,0.010667,-47.6,222.25,0.0
2483,0.0026115,-47.6,222.25,0.0
2484,0.0061411,-47.6,222.25,0.0
2485,0.0027319,-47.6,222.25,0.0
2486,0.0092033,-6.4,254.0,0.0
2487,0.026344,-6.4,254.0,0.0
2488,0.013797,-6.4,254.0,0.0
2489,0.016188,-6.4,254.0,0.0
249,0.016047,-4252.0,30.15,0.0
2490,0.00010964,-69.9,73.732,-243.06
2491,0.030374,-30.2,203.2,0.0
2492,0.03083,-30.2,203.2,0.0
2493,0.026721,-30.2,203.2,0.0
2494,0.030277,-30.2,203.2,0.0
2495,0.015608,1.5,203.2,0.0
2496,0.0018552,-4439.0,136.5,0.0
2497,0.0045604,-47.6,222.25,0.0
2498,0.00062543,-1900.0,136.5,0.0
2499,0.014116,24.55,222.25,0.0
25,2.9371,-22.4,82.55,0.0
250,0.13318,-22.4,82.55,0.0
2500,0.02684,-24.55,222.25,0.0
2501,0.0026715,-4471.9,-136.5,0.0
2502,0.00019459,-3693.0,-135.64,15.283
2503,0.0024208,-69.9,-254.0,0.0
2504,0.0024606,-69.9,-254.0,0.0
2505,0.035139,-6.4,254.0,0.0
2506,0.0083359,-30.2,203.2,0.0
2507,0.031352,1.5,203.2,0.0
2508,0.029168,-30.2,203.2,0.0
2509,0.018198,-30.2,203.2,0.0
251,2.1513,-31.8,82.55,0.0
2510,0.026812,1.5,203.2,0.0
2511,0.0026713,-4922.0,136.5,0.0
2512,0.01192,-24.55,222.25,0.0
2513,0.012683,-24.55,222.25,0.0
2514,0.021776,-24.55,222.25,0.0
2515,0.0024732,-4491.0,136.5,0.0
2516,0.010607,-6.4,254.0,0.0
2517,0.0029457,-69.9,-254.0,0.0
2518,0.00077769,-2827.0,-136.5,0.0
2519,0.0012466,-6.4,248.2,53.992
252,0.15459,-31.8,82.55,0.0
2520,0.01017,-6.4,254.0,0.0
2521,0.0064457,-30.2,203.2,0.0
2522,0.02437,-30.2,203.2,0.0
2523,0.011086,-30.2,203.2,0.0
2524,0.0036581,-30.2,203.2,0.0
2525,0.015812,-30.2,203.2,0.0
2526,0.012272,-24.55,-222.25,0.0
2527,0.032894,24.55,-222.25,0.0
2528,0.0010505,-3043.0,136.5,0.0
2529,0.00023416,-2235.0,135.64,15.283
253,0.0070886,-3332.0,30.15,0.0
2530,0.025701,-47.6,222.25,0.0
2531,0.027734,-6.4,-254.0,0.0
2532,0.0034183,-69.9,-254.0,0.0
2533,0.0098739,-6.4,254.0,0.0
2534,0.03065,-6.4,-254.0,0.0
2535,0.0031118,-69.9,-254.0,0.0
2536,0.023976,1.5,203.2,0.0
2537,0.0018568,-2940.0,136.5,0.0
2538,0.012997,-30.2,203.2,0.0
2539,0.0070651,-30.2,203.2,0.0
254,0.4996,-31.8,82.55,0.0
2540,0.0063414,-30.2,203.2,0.0
2541,0.015311,24.55,222.25,0.0
2542,0.0050878,-47.6,222.25,0.0
2543,0.032846,-24.55,222.25,0.0
2544,0.0046503,1.5,222.25,0.0
2545,0.012429,-47.6,222.25,0.0
2546,0.023826,-69.9,-254.0,0.0
2547,0.0014433,-4550.5,-136.5,0.0
2548,0.002832,-69.9,-254.0,0.0
2549,0.018881,-69.9,-254.0,0.0
255,1.024,-31.8,82.55,0.0
2550,0.043146,-6.4,254.0,0.0
2551,0.0062708,-30.2,203.2,0.0
2552,0.012586,-30.2,203.2,0.0
2553,0.0084823,-30.2,203.2,0.0
2554,0.0061304,-30.2,203.2,0.0
2555,0.0013286,-4988.0,136.5,0.0
2556,0.00039258,-47.6,222.25,0.0
2557,0.037169,24.55,222.25,0.0
2558,0.019837,-47.6,222.25,0.0
2559,0.017128,-47.6,222.25,0.0
256,0.36155,-19.1,76.2,0.0
2560,0.033714,-47.6,222.25,0.0
2561,0.0095196,-6.4,254.0,0.0
2562,0.018785,-6.4,254.0,0.0
2563,0.0016909,-6.4,254.0,0.0
2564,0.0092072,-6.4,254.0,0.0
2565,0.032959,-6.4,254.0,0.0
2566,0.0034347,-30.2,203.2,0.0
2567,0.013645,-30.2,203.2,0.0
2568,0.0016421,-3999.0,136.5,0.0
2569,0.00057812,-2251.0,136.5,0.0
257,1.972,1.5,76.2,0.0
2570,0.00067301,-2868.0,136.5,0.0
2571,0.022051,1.5,222.25,0.0
2572,0.01098,-47.6,222.25,0.0
2573,0.00055162,-3789.0,136.5,0.0
2574,0.0098727,-47.6,222.25,0.0
2575,0.0056568,1.5,222.25,0.0
2576,0.0012168,-38.15,-254.0,0.0
2577,0.015704,-6.4,254.0,0.0
2578,0.0021498,-6.4,245.35,65.74
2579,0.033554,-6.4,254.0,0.0
258,0.09078,-19.1,76.2,0.0
2580,0.025969,-6.4,-254.0,0.0
2581,0.0053736,-30.2,203.2,0.0
2582,0.018964,1.5,203.2,0.0
2583,0.019293,-30.2,203.2,0.0
2584,0.013174,-30.2,203.2,0.0
2585,0.004866,-30.2,203.2,0.0
2586,0.0078018,-47.6,-222.25,0.0
2587,0.019421,-47.6,222.25,0.0
2588,0.0094311,-47.6,-222.25,0.0
2589,0.0083979,-47.6,-222.25,0.0
259,2.076,-19.1,76.2,0.0
2590,0.01239,-47.6,-222.25,0.0
2591,0.012989,-6.4,-254.0,0.0
2592,0.0080887,-69.9,-254.0,0.0
2593,0.014252,-6.4,-254.0,0.0
2594,0.010965,-6.4,-254.0,0.0
2595,0.0011732,-69.9,-253.54,15.336
2596,0.00039122,-4469.0,136.5,0.0
2597,0.012595,-30.2,203.2,0.0
2598,0.016709,-30.2,203.2,0.0
2599,0.016188,-30.2,203.2,0.0
26,1.304,-31.8,82.55,0.0
260,0.56891,-19.1,76.2,0.0
2600,0.01759,1.5,203.2,0.0
2601,0.015025,-24.55,222.25,0.0
2602,0.00048767,-4375.0,136.5,0.0
2603,9.5185e-05,-4986.0,136.5,0.0
2604,0.0030696,-47.6,-222.25,0.0
2605,0.013493,-47.6,222.25,0.0
2606,0.020364,-6.4,-254.0,0.0
2607,0.01269,-6.4,254.0,0.0
2608,0.012716,-6.4,254.0,0.0
2609,0.014942,-6.4,254.0,0.0
261,1.6558,-22.4,82.55,0.0
2610,0.019209,-6.4,254.0,0.0
2611,0.0060111,-30.2,203.2,0.0
2612,0.019403,-30.2,203.2,0.0
2613,0.00073485,-2703.0,136.5,0.0
2614,0.0013523,-3741.0,136.5,0.0
2615,0.0058583,1.5,203.2,0.0
2616,0.0063598,-47.6,-222.25,0.0
2617,0.0017919,-4914.0,136.5,0.0
2618,0.00018562,-3913.0,136.5,0.0
2619,0.00012705,-4195.0,136.5,0.0
262,1.0221,-22.4,82.55,0.0
2620,0.010067,24.55,222.25,0.0
2621,0.0030529,-69.9,254.0,0.0
2622,0.012181,-6.4,254.0,0.0
2623,0.013357,-6.4,-254.0,0.0
2624,0.0016624,-6.4,254.0,0.0
2625,0.00098882,-6.4,254.0,0.0
2626,0.012375,-30.2,203.2,0.0
2627,0.00057221,-2519.0,136.5,0.0
2628,0.016431,1.5,203.2,0.0
2629,0.0047958,-30.2,203.2,0.0
263,0.12785,-22.4,82.55,0.0
2630,0.019565,-30.2,203.2,0.0
2631,0.0034822,-47.6,222.25,0.0
2632,0.0055048,1.5,222.25,0.0
2633,0.00027723,-2123.0,136.5,0.0
2634,0.019339,-47.6,222.25,0.0
2635,0.016449,-24.55,222.25,0.0
2636,9.0966e-05,-3786.0,-135.64,15.283
2637,0.015427,-6.4,-254.0,0.0
2638,0.012956,-6.4,254.0,0.0
2639,0.00026569,-4826.1,-136.5,0.0
264,0.011906,-22.4,82.55,0.0
2640,0.019547,-6.4,254.0,0.0
2641,0.00039657,-3375.0,161.9,0.0
2642,0.0055177,-31.8,241.3,0.0
2643,0.0010073,-2088.0,161.9,0.0
2644,0.011846,-31.8,241.3,0.0
2645,0.014621,31.8,241.3,0.0
2646,0.0081911,1.5,260.35,0.0
2647,0.025519,-50.8,260.35,0.0
2648,0.00020856,-1310.0,161.9,0.0
2649,0.0025118,-50.8,260.35,0.0
265,2.1233,-22.4,82.55,0.0
2650,0.0023808,1.5,260.35,0.0
2651,0.0014787,-72.9,-279.4,0.0
2652,0.024112,-6.4,-279.4,0.0
2653,0.010782,-39.65,-279.4,0.0
2654,0.0031712,-72.9,-279.4,0.0
2655,0.017116,-6.4,-279.4,0.0
2656,0.0032013,-4099.0,161.9,0.0
2657,0.0039618,-31.8,241.3,0.0
2658,0.026733,31.8,241.3,0.0
2659,0.024381,-31.8,241.3,0.0
266,1.9336,-31.8,82.55,0.0
2660,0.022769,1.5,241.3,0.0
2661,0.031078,50.8,260.35,0.0
2662,0.024759,50.8,260.35,0.0
2663,0.015017,-50.8,260.35,0.0
2664,0.025171,50.8,260.35,0.0
2665,0.026612,-50.8,260.35,0.0
2666,0.0073539,6.4,279.4,0.0
2667,0.029182,6.4,279.4,0.0
2668,0.0056341,-72.9,279.4,0.0
2669,0.0065158,6.4,279.4,0.0
267,1.3695,-31.8,82.55,0.0
2670,0.00029125,-3665.0,161.9,0.0
2671,0.022093,31.8,241.3,0.0
2672,0.0025945,-4422.0,161.9,0.0
2673,0.00052757,-1771.0,161.9,0.0
2674,0.0010137,-2817.0,161.9,0.0
2675,0.021225,-31.8,241.3,0.0
2676,0.02075,50.8,260.35,0.0
2677,0.022214,-50.8,260.35,0.0
2678,0.022949,-50.8,260.35,0.0
2679,0.02557,-50.8,260.35,0.0
268,0.54898,-31.8,82.55,0.0
2680,0.022469,50.8,260.35,0.0
2681,0.0014072,-72.9,279.4,0.0
2682,0.02379,-72.9,279.4,0.0
2683,0.01719,-72.9,279.4,0.0
2684,0.0093279,-72.9,279.4,0.0
2685,0.018672,-72.9,279.4,0.0
2686,0.0092951,-31.8,241.3,0.0
2687,0.0021135,-4083.0,161.9,0.0
2688,0.0065429,1.5,241.3,0.0
2689,0.0038471,-4407.0,161.9,0.0
269,0.44046,-31.8,82.55,0.0
2690,0.025475,31.8,241.3,0.0
2691,0.0002123,-4326.0,161.9,0.0
2692,0.0065589,-50.8,260.35,0.0
2693,0.0047983,1.5,260.35,0.0
2694,0.020994,1.5,260.35,0.0
2695,0.0032742,1.5,260.35,0.0
2696,0.014291,-50.733,279.4,0.0
2697,0.024974,6.4,279.4,0.0
2698,0.0010954,-4510.0,161.9,0.0
2699,0.024033,-72.9,279.4,0.0
27,1.9964,12.75,82.55,0.0
270,1.7723,-31.8,82.55,0.0
2700,0.01919,6.4,279.4,0.0
2701,0.0035255,-31.8,241.3,0.0
2702,0.02228,-31.8,241.3,0.0
2703,0.011532,-1.5,241.3,0.0
2704,0.022318,1.5,241.3,0.0
2705,0.017793,-31.8,241.3,0.0
2706,0.00068365,-4639.0,-161.9,0.0
2707,0.0061886,-50.8,260.35,0.0
2708,0.031091,-50.8,260.35,0.0
2709,0.00022158,1.5,260.35,0.0
271,0.59118,-19.1,76.2,0.0
2710,0.0066242,-50.8,260.35,0.0
2711,0.012707,-39.65,-279.4,0.0
2712,0.0019781,-72.9,-279.4,0.0
2713,0.0014132,-72.9,-279.4,0.0
2714,0.016285,50.733,-279.4,0.0
2715,0.022161,-39.65,-279.4,0.0
2716,0.028771,31.8,241.3,0.0
2717,0.0043903,-31.8,241.3,0.0
2718,0.024866,31.8,241.3,0.0
2719,0.00033638,-1496.0,161.9,0.0
272,0.43574,-19.1,76.2,0.0
2720,0.0031774,-31.8,241.3,0.0
2721,0.012051,-50.8,260.35,0.0
2722,0.034968,-50.8,260.35,0.0
2723,0.033009,-50.8,260.35,0.0
2724,0.011015,26.15,260.35,0.0
2725,0.014108,-50.8,260.35,0.0
2726,0.020001,-72.9,279.4,0.0
2727,0.00034726,-3720.0,161.9,0.0
2728,0.0044875,6.4,279.4,0.0
2729,0.032645,-72.9,279.4,0.0
273,0.37263,-19.1,76.2,0.0
2730,0.024813,6.4,279.4,0.0
2731,0.012584,-31.8,241.3,0.0
2732,0.0039332,-31.8,241.3,0.0
2733,0.0029033,-3838.0,161.9,0.0
2734,0.0091393,1.5,241.3,0.0
2735,0.0040964,-4219.0,161.9,0.0
2736,0.019522,50.8,260.35,0.0
2737,0.006462,-50.8,260.35,0.0
2738,0.033579,-50.8,260.35,0.0
2739,0.00030806,1.5,260.35,0.0
274,2.0522,-19.1,76.2,0.0
2740,0.03026,-1.5,260.35,0.0
2741,0.024008,-72.9,279.4,0.0
2742,0.005482,-72.9,279.4,0.0
2743,0.030405,-72.9,279.4,0.0
2744,0.00012116,-3584.0,160.88,18.127
2745,0.005157,-72.9,279.4,0.0
2746,0.0052427,-31.8,241.3,0.0
2747,0.0012742,-3478.0,161.9,0.0
2748,0.011886,-31.8,241.3,0.0
2749,0.01356,1.5,241.3,0.0
275,0.97644,-19.1,76.2,0.0
2750,0.00070398,-4616.0,161.9,0.0
2751,0.017584,50.8,260.35,0.0
2752,0.021805,50.8,260.35,0.0
2753,0.0025019,-4270.0,161.9,0.0
2754,0.0049684,-50.8,260.35,0.0
2755,0.00028638,-3144.0,161.9,0.0
2756,0.005511,-72.9,279.4,0.0
2757,0.0024895,-72.9,279.4,0.0
2758,0.002265,-4090.0,161.9,0.0
2759,0.02986,-72.9,279.4,0.0
276,0.083883,-22.4,82.55,0.0
2760,0.00035163,-4361.0,161.9,0.0
2761,0.00032898,-31.8,241.3,0.0
2762,0.017887,-31.8,241.3,0.0
2763,0.0015945,-3874.0,161.9,0.0
2764,0.0010706,-2790.0,161.9,0.0
2765,0.016821,-31.8,241.3,0.0
2766,0.020135,-50.8,260.35,0.0
2767,0.019962,-50.8,260.35,0.0
2768,0.0055878,-50.8,260.35,0.0
2769,0.0084627,-50.8,260.35,0.0
277,1.4049,-22.4,82.55,0.0
2770,0.017553,-50.8,260.35,0.0
2771,0.0013328,-4222.0,161.9,0.0
2772,0.0097522,-72.9,-279.4,0.0
2773,0.016946,-6.4,-279.4,0.0
2774,9.4065e-05,-2772.0,161.9,0.0
2775,0.0095642,-72.9,-279.4,0.0
2776,0.00093897,-31.8,241.3,0.0
2777,0.0047689,1.5,241.3,0.0
2778,0.0013574,-4863.0,161.9,0.0
2779,0.0022738,-4849.0,161.9,0.0
278,0.34299,-22.4,82.55,0.0
2780,0.0052408,-31.8,241.3,0.0
2781,0.014127,-50.8,260.35,0.0
2782,0.0082051,-50.8,260.35,0.0
2783,0.0011618,-50.8,260.35,0.0
2784,0.0053494,-50.8,260.35,0.0
2785,0.0085099,1.5,260.35,0.0
2786,0.0010222,6.4,279.4,0.0
2787,0.02147,6.4,279.4,0.0
2788,0.0018654,-72.9,279.4,0.0
2789,0.011516,-72.9,279.4,0.0
279,1.6272,-22.4,82.55,0.0
2790,0.011324,6.4,279.4,0.0
2791,0.00029788,-2147.0,161.9,0.0
2792,0.0057967,1.5,241.3,0.0
2793,0.00012101,1.5,241.3,0.0
2794,0.0058689,-31.8,241.3,0.0
2795,0.0057387,-31.8,241.3,0.0
2796,0.019853,-50.8,260.35,0.0
2797,0.0095964,-50.8,260.35,0.0
2798,0.01805,50.8,260.35,0.0
2799,0.0031533,-50.8,260.35,0.0
28,3.4068,-31.8,82.55,0.0
280,0.39389,-22.4,82.55,0.0
2800,0.0076084,-50.8,260.35,0.0
2801,0.0026905,6.4,279.4,0.0
2802,0.0027478,6.4,279.4,0.0
2803,0.022588,-72.9,279.4,0.0
2804,0.0043357,-72.9,279.4,0.0
2805,0.0073021,-72.9,279.4,0.0
2806,0.017969,31.8,241.3,0.0
2807,0.0063437,-31.8,241.3,0.0
2808,0.0015135,-3990.0,161.9,0.0
2809,0.0050407,-31.8,241.3,0.0
281,0.13577,-31.8,82.55,0.0
2810,0.0068542,-31.8,241.3,0.0
2811,0.0006594,-3583.0,161.9,0.0
2812,0.002045,-50.8,260.35,0.0
2813,0.0099003,-50.8,260.35,0.0
2814,0.016805,-50.8,260.35,0.0
2815,0.0077532,1.5,260.35,0.0
2816,0.0087417,-72.9,279.4,0.0
2817,0.004398,6.4,279.4,0.0
2818,0.014896,-28.567,279.4,0.0
2819,0.011292,-72.9,279.4,0.0
282,0.6688,-31.8,82.55,0.0
2820,0.0058179,-72.9,279.4,0.0
2821,0.023398,-31.8,241.3,0.0
2822,0.0091904,-31.8,241.3,0.0
2823,0.018108,-31.8,241.3,0.0
2824,0.0037,-4980.0,161.9,0.0
2825,0.0021258,-4649.0,161.9,0.0
2826,0.027305,-50.8,260.35,0.0
2827,0.0042992,-50.8,260.35,0.0
2828,0.01812,-50.8,260.35,0.0
2829,0.00037166,-4539.0,161.9,0.0
283,0.13718,-31.8,82.55,0.0
2830,0.005589,-50.8,260.35,0.0
2831,0.0024179,-72.9,-279.4,0.0
2832,0.029506,-72.9,279.4,0.0
2833,0.0015155,-3616.0,161.9,0.0
2834,0.0040106,-72.9,-279.4,0.0
2835,0.00072327,-4658.0,161.9,0.0
2836,0.017935,31.8,241.3,0.0
2837,0.00031177,-2039.0,161.9,0.0
2838,0.0014132,-2987.0,161.9,0.0
2839,0.010269,-31.8,241.3,0.0
284,0.10221,-31.8,82.55,0.0
2840,0.0054451,-31.8,241.3,0.0
2841,0.015971,50.8,260.35,0.0
2842,0.027936,-50.8,260.35,0.0
2843,0.011491,50.8,260.35,0.0
2844,0.0046308,-50.8,260.35,0.0
2845,0.017936,-50.8,260.35,0.0
2846,0.0035991,-72.9,279.4,0.0
2847,0.011496,6.4,279.4,0.0
2848,0.013201,-72.9,279.4,0.0
2849,0.0044049,-72.9,279.4,0.0
285,0.24364,-31.8,82.55,0.0
2850,0.012221,-72.9,279.4,0.0
2851,0.019869,1.5,241.3,0.0
2852,0.019396,31.8,241.3,0.0
2853,0.011551,-31.8,241.3,0.0
2854,0.020835,1.5,241.3,0.0
2855,0.015567,-31.8,241.3,0.0
2856,0.00055428,-2475.0,161.9,0.0
2857,0.0062055,-50.8,260.35,0.0
2858,0.0058957,-50.8,260.35,0.0
2859,0.0054147,1.5,260.35,0.0
286,0.80671,-19.1,76.2,0.0
2860,0.023566,50.8,260.35,0.0
2861,0.0097785,-72.9,279.4,0.0
2862,0.00024846,-2419.0,160.88,18.127
2863,0.0064838,-72.9,279.4,0.0
2864,0.013738,-72.9,279.4,0.0
2865,0.027604,-72.9,279.4,0.0
2866,0.0035836,-31.8,241.3,0.0
2867,0.013976,-31.8,241.3,0.0
2868,0.013766,-31.8,241.3,0.0
2869,0.00022478,1.5,241.3,0.0
287,0.56426,-19.1,76.2,0.0
2870,0.002705,-3878.0,161.9,0.0
2871,0.0030037,-50.8,260.35,0.0
2872,0.015531,1.5,260.35,0.0
2873,0.0030419,-50.8,260.35,0.0
2874,0.0089017,-50.8,260.35,0.0
2875,0.00013089,-2961.0,161.9,0.0
2876,0.018782,-72.9,279.4,0.0
2877,0.0087663,-72.9,279.4,0.0
2878,0.0031704,-72.9,279.4,0.0
2879,0.020036,-72.9,279.4,0.0
288,1.856,-19.1,76.2,0.0
2880,0.0030555,-72.9,279.4,0.0
2881,0.011124,-31.8,241.3,0.0
2882,0.0067038,-31.8,241.3,0.0
2883,0.00352,-31.8,241.3,0.0
2884,0.01451,-31.8,241.3,0.0
2885,0.0030313,1.5,241.3,0.0
2886,0.0016216,1.5,260.35,0.0
2887,0.0032135,-50.8,260.35,0.0
2888,0.014505,-1.5,260.35,0.0
2889,0.011223,-50.8,260.35,0.0
289,1.0167,-19.1,76.2,0.0
2890,0.0064609,-50.8,260.35,0.0
2891,0.012342,-39.65,-279.4,0.0
2892,0.013427,-39.65,-279.4,0.0
2893,0.0024735,-72.9,-279.4,0.0
2894,0.0029014,-72.9,-279.4,0.0
2895,0.016666,-72.9,279.4,0.0
2896,0.0044548,1.5,241.3,0.0
2897,0.0050922,-31.8,241.3,0.0
2898,0.00010329,-3051.0,161.9,0.0
2899,0.00044162,-4436.0,161.9,0.0
29,1.1368,12.75,82.55,0.0
290,0.069579,-19.1,76.2,0.0
2900,0.0073971,-31.8,241.3,0.0
2901,0.0085825,-50.8,260.35,0.0
2902,0.010814,-50.8,260.35,0.0
2903,0.0071163,-50.8,260.35,0.0
2904,0.0014697,1.5,260.35,0.0
2905,0.010669,-50.8,260.35,0.0
2906,0.0036007,-72.9,279.4,0.0
2907,0.0013188,6.4,279.4,0.0
2908,0.00033459,6.4,279.4,0.0
2909,0.016138,-72.9,279.4,0.0
291,1.6826,-22.4,82.55,0.0
2910,0.00082547,-3847.0,161.9,0.0
2911,0.0012077,-4633.0,161.9,0.0
2912,0.00096501,-31.8,241.3,0.0
2913,0.007822,-31.8,241.3,0.0
2914,0.011454,1.5,241.3,0.0
2915,0.01116,31.8,241.3,0.0
2916,0.013081,50.8,260.35,0.0
2917,0.0014074,1.5,260.35,0.0
2918,0.0064543,-50.8,260.35,0.0
2919,0.003698,1.5,260.35,0.0
292,0.15947,1.5,82.55,0.0
2920,0.013192,50.8,260.35,0.0
2921,0.0021647,-72.9,-279.4,0.0
2922,0.0025999,-72.9,-279.4,0.0
2923,0.0058177,-72.9,279.4,0.0
2924,0.01537,-72.9,279.4,0.0
2925,0.010349,-72.9,279.4,0.0
2926,0.007133,1.5,241.3,0.0
2927,0.000218,-1680.0,161.9,0.0
2928,0.010318,-31.8,241.3,0.0
2929,0.00032487,-2250.0,161.9,0.0
293,0.023101,-22.4,82.55,0.0
2930,0.001061,1.5,241.3,0.0
2931,0.00086188,-3623.0,161.9,0.0
2932,0.0090155,1.5,260.35,0.0
2933,0.013753,-50.8,260.35,0.0
2934,0.015283,-50.8,260.35,0.0
2935,0.0035959,-50.8,260.35,0.0
2936,0.0058565,6.4,279.4,0.0
2937,0.0089705,6.4,279.4,0.0
2938,0.011313,-72.9,279.4,0.0
2939,0.012852,-72.9,279.4,0.0
294,0.32955,-22.4,82.55,0.0
2940,0.0073637,-72.9,279.4,0.0
2941,0.0001463,-1845.0,-203.2,0.0
2942,0.0028353,-36.6,298.45,0.0
2943,0.0034376,-36.6,298.45,0.0
2944,0.00021641,-4358.0,203.2,0.0
2945,0.0092152,-36.6,-298.45,0.0
2946,0.01334,1.5,323.85,0.0
2947,0.011285,-57.2,323.85,0.0
2948,0.01414,-57.2,323.85,0.0
2949,0.002055,1.5,-323.85,0.0
295,1.2199,-22.4,82.55,0.0
2950,0.00053346,1.5,-323.85,0.0
2951,0.00046889,-3894.0,203.2,0.0
2952,0.0035381,6.4,-342.9,0.0
2953,0.00015094,-4551.0,201.92,22.751
2954,0.0016057,82.6,-342.9,0.0
2955,0.0015912,-4430.0,203.2,0.0
2956,0.0055217,-36.6,298.45,0.0
2957,0.011301,1.5,298.45,0.0
2958,0.0067206,1.5,298.45,0.0
2959,0.0054833,-36.6,298.45,0.0
296,0.22153,-31.8,82.55,0.0
2960,0.00058359,1.5,298.45,0.0
2961,0.010023,1.5,323.85,0.0
2962,0.0015394,1.5,323.85,0.0
2963,0.0057593,-57.2,323.85,0.0
2964,0.015078,1.5,323.85,0.0
2965,0.012332,1.5,323.85,0.0
2966,0.0026273,6.4,342.9,0.0
2967,0.011641,-82.6,342.9,0.0
2968,0.0060042,6.4,342.9,0.0
2969,0.0068307,-82.6,342.9,0.0
297,0.31672,-31.8,82.55,0.0
2970,0.00045196,-4964.0,203.2,0.0
2971,0.010911,-36.6,298.45,0.0
2972,0.01544,-36.6,298.45,0.0
2973,0.0027393,1.5,298.45,0.0
2974,0.0063311,-36.6,298.45,0.0
2975,0.00039685,-3448.0,203.2,0.0
2976,0.0044787,-57.2,323.85,0.0
2977,0.007746,1.5,323.85,0.0
2978,0.00090268,-4671.0,203.2,0.0
2979,0.0031441,-57.2,323.85,0.0
298,2.1507,12.75,82.55,0.0
2980,0.0089017,-57.2,323.85,0.0
2981,0.014279,-82.6,342.9,0.0
2982,0.013044,-31.8,342.9,0.0
2983,0.0041845,6.4,342.9,0.0
2984,0.0090355,6.4,342.9,0.0
2985,0.0134,6.4,342.9,0.0
2986,0.012369,-36.6,298.45,0.0
2987,0.010146,1.5,298.45,0.0
2988,0.0068345,1.5,298.45,0.0
2989,0.014287,-36.6,298.45,0.0
299,2.2848,-31.8,82.55,0.0
2990,0.013904,1.5,298.45,0.0
2991,0.015222,1.5,323.85,0.0
2992,0.01326,1.5,323.85,0.0
2993,0.0070752,-57.2,323.85,0.0
2994,0.0043183,1.5,323.85,0.0
2995,0.0070039,-57.2,323.85,0.0
2996,0.0043188,-82.6,-342.9,0.0
2997,0.0010702,-82.6,342.9,0.0
2998,0.0016544,6.4,342.9,0.0
2999,0.00026481,-2718.0,203.2,0.0
3,3.4359,1.5,76.2,0.0
30,1.2966,-31.8,82.55,0.0
300,1.057,-31.8,82.55,0.0
3000,6.8746e-05,6.4,342.9,0.0
3001,0.0066426,-36.6,298.45,0.0
3002,0.0089422,-36.6,298.45,0.0
3003,0.0097644,-36.6,298.45,0.0
3004,0.011742,1.5,298.45,0.0
3005,0.001668,-36.6,298.45,0.0
3006,0.0107,-57.2,-323.85,0.0
3007,0.0012554,-57.2,-323.85,0.0
3008,0.0070073,-57.2,-323.85,0.0
3009,0.008193,-57.2,323.85,0.0
301,1.3403,-22.4,88.9,0.0
3010,0.0047139,-57.2,-323.85,0.0
3011,0.0015456,-82.6,-342.9,0.0
3012,0.00036588,-1958.0,203.2,0.0
3013,0.00022025,-3143.0,201.92,22.751
3014,0.007748,-82.6,-342.9,0.0
3015,0.0089919,-82.6,-342.9,0.0
3016,0.00013875,-3736.0,203.2,0.0
3017,0.0060718,1.5,298.45,0.0
3018,0.0083896,1.5,298.45,0.0
3019,0.0014425,-4501.0,203.2,0.0
302,2.0286,-22.4,88.9,0.0
3020,0.014068,1.5,298.45,0.0
3021,0.0076179,1.5,323.85,0.0
3022,0.015992,1.5,323.85,0.0
3023,0.014797,1.5,323.85,0.0
3024,0.0077609,1.5,323.85,0.0
3025,0.011728,1.5,323.85,0.0
3026,0.0052582,6.4,342.9,0.0
3027,0.019225,-31.8,342.9,0.0
3028,0.0060143,-82.6,342.9,0.0
3029,0.0071739,-82.6,342.9,0.0
303,1.4901,1.5,88.9,0.0
3030,0.00044005,-2951.0,203.2,0.0
3031,0.015963,1.5,298.45,0.0
3032,0.0015061,1.5,298.45,0.0
3033,0.001057,-2954.0,203.2,0.0
3034,0.015988,-36.6,298.45,0.0
3035,0.00058684,-4039.0,203.2,0.0
3036,0.0013773,-57.2,323.85,0.0
3037,0.00030498,-4914.0,203.2,0.0
3038,0.00047963,1.5,323.85,0.0
3039,0.013228,-57.2,323.85,0.0
304,0.12616,-22.4,88.9,0.0
3040,0.0027168,-57.2,323.85,0.0
3041,0.00068187,-4570.0,203.2,0.0
3042,0.017119,-82.6,342.9,0.0
3043,0.012705,6.4,342.9,0.0
3044,0.00050964,-4085.0,203.2,0.0
3045,0.0077098,6.4,342.9,0.0
3046,0.017782,1.5,298.45,0.0
3047,0.01421,1.5,298.45,0.0
3048,0.018679,1.5,298.45,0.0
3049,0.014579,1.5,298.45,0.0
305,0.12016,-22.4,88.9,0.0
3050,0.00079656,-2621.0,203.2,0.0
3051,0.0002781,1.5,323.85,0.0
3052,0.00024256,1.5,323.85,0.0
3053,0.019498,1.5,323.85,0.0
3054,0.017613,1.5,323.85,0.0
3055,0.0040856,1.5,323.85,0.0
3056,0.0057693,6.4,342.9,0.0
3057,0.0044207,-82.6,342.9,0.0
3058,0.017196,6.4,342.9,0.0
3059,0.0051788,-82.6,342.9,0.0
306,0.24003,-25.4,95.25,0.0
3060,0.012731,-57.2,342.9,0.0
3061,0.0059685,-36.6,298.45,0.0
3062,0.0043917,-36.6,298.45,0.0
3063,0.007666,-36.6,298.45,0.0
3064,0.0046738,-36.6,298.45,0.0
3065,0.00016584,1.5,298.45,0.0
3066,0.0066311,-57.2,323.85,0.0
3067,0.0026338,-57.2,323.85,0.0
3068,7.2168e-05,-1195.0,203.2,0.0
3069,0.00031896,-2225.0,203.2,0.0
307,2.3461,-25.4,95.25,0.0
3070,0.0040276,-57.2,323.85,0.0
3071,9.5359e-05,-3605.0,201.92,22.751
3072,0.010025,-82.6,-342.9,0.0
3073,0.0023106,-82.6,-342.9,0.0
3074,0.01124,-31.8,-342.9,0.0
3075,0.0051611,-82.6,-342.9,0.0
3076,0.0026668,1.5,298.45,0.0
3077,0.0095983,-36.6,298.45,0.0
3078,9.0222e-05,-1646.0,203.2,0.0
3079,0.00044565,-4078.0,203.2,0.0
308,1.0588,-25.4,95.25,0.0
3080,0.0097243,-36.6,298.45,0.0
3081,0.0060375,-57.2,323.85,0.0
3082,0.0017265,-57.2,323.85,0.0
3083,0.0033727,-57.2,323.85,0.0
3084,0.00053024,-4025.0,203.2,0.0
3085,0.0012569,-4635.0,203.2,0.0
3086,0.0084834,-82.6,342.9,0.0
3087,0.010092,-82.6,342.9,0.0
3088,0.0024392,6.4,342.9,0.0
3089,0.0013728,-82.6,342.9,0.0
309,2.0243,-25.4,95.25,0.0
3090,0.0030323,6.4,342.9,0.0
3091,0.0043754,-36.6,298.45,0.0
3092,0.0014717,-36.6,298.45,0.0
3093,0.0020645,1.5,298.45,0.0
3094,0.0073144,-36.6,298.45,0.0
3095,0.0041672,-36.6,298.45,0.0
3096,0.0070063,1.5,323.85,0.0
3097,0.0026915,-57.2,323.85,0.0
3098,0.00079535,-57.2,323.85,0.0
3099,0.0015345,-57.2,323.85,0.0
31,2.0872,-19.1,76.2,0.0
310,0.0071396,-3446.0,36.5,0.0
3100,0.0013032,1.5,323.85,0.0
3101,0.00096499,-82.6,342.9,0.0
3102,0.00018003,6.4,342.9,0.0
3103,0.00030128,-82.6,342.9,0.0
3104,0.00086435,-82.6,342.9,0.0
3105,0.00083484,-82.6,342.9,0.0
3106,0.0038283,1.5,298.45,0.0
3107,0.00047377,-4391.0,203.2,0.0
3108,5.7062e-05,-1984.0,203.2,0.0
3109,0.0036775,1.5,298.45,0.0
311,1.483,-34.8,95.25,0.0
3110,0.0058972,-36.6,298.45,0.0
3111,0.0043853,-57.2,323.85,0.0
3112,0.0089795,-57.2,323.85,0.0
3113,0.0008827,-4307.0,203.2,0.0
3114,0.0092361,1.5,323.85,0.0
3115,0.00050179,1.5,323.85,0.0
3116,0.0053297,6.4,342.9,0.0
3117,0.0026879,-82.6,342.9,0.0
3118,0.00022786,6.4,342.9,0.0
3119,0.010067,-82.6,342.9,0.0
312,0.0074154,-34.8,95.25,0.0
3120,0.0019124,6.4,342.9,0.0
3121,0.0099272,1.5,-298.45,0.0
3122,0.0024794,-36.6,298.45,0.0
3123,0.011224,-36.6,298.45,0.0
3124,0.00077732,-3038.0,203.2,0.0
3125,0.011137,-36.6,298.45,0.0
3126,0.0068206,1.5,323.85,0.0
3127,0.010296,-57.2,323.85,0.0
3128,0.01686,-57.2,-323.85,0.0
3129,0.00041055,-3945.0,-203.2,0.0
313,0.013504,-3524.0,36.5,0.0
3130,0.010387,-57.2,323.85,0.0
3131,0.0024882,-82.6,-342.9,0.0
3132,0.0081652,-82.6,-342.9,0.0
3133,0.00011601,-1269.0,203.2,0.0
3134,0.0030931,-82.6,-342.9,0.0
3135,0.0024033,-82.6,-342.9,0.0
3136,0.015292,-36.6,298.45,0.0
3137,0.008261,1.5,298.45,0.0
3138,0.00049848,1.5,298.45,0.0
3139,0.011938,-36.6,298.45,0.0
314,0.0056191,-3697.0,36.5,0.0
3140,0.0050975,1.5,298.45,0.0
3141,0.014135,1.5,323.85,0.0
3142,0.00035278,-57.2,323.85,0.0
3143,0.016367,-57.2,323.85,0.0
3144,0.0080221,1.5,323.85,0.0
3145,0.013422,1.5,323.85,0.0
3146,0.00055456,-4407.0,203.2,0.0
3147,0.010743,6.4,342.9,0.0
3148,0.0020208,6.4,342.9,0.0
3149,0.0024073,6.4,342.9,0.0
315,0.15692,-34.8,95.25,0.0
3150,0.0051829,-82.6,342.9,0.0
3151,0.0070704,-36.6,298.45,0.0
3152,0.0010084,-36.6,298.45,0.0
3153,0.00063469,1.5,298.45,0.0
3154,0.00014103,-2617.0,203.2,0.0
3155,0.00033174,-3251.0,203.2,0.0
3156,0.0059138,1.5,323.85,0.0
3157,0.015095,1.5,323.85,0.0
3158,0.0052335,1.5,323.85,0.0
3159,0.0017695,-57.2,323.85,0.0
316,0.30726,-22.4,88.9,0.0
3160,0.0060607,1.5,323.85,0.0
3161,0.0096725,-82.6,342.9,0.0
3162,0.013523,-82.6,342.9,0.0
3163,0.0022178,-82.6,342.9,0.0
3164,0.00014542,-3277.0,201.92,22.751
3165,0.012667,-82.6,342.9,0.0
3166,0.0031922,1.5,298.45,0.0
3167,0.0049333,-36.6,298.45,0.0
3168,0.0015048,-4828.0,203.2,0.0
3169,0.0049851,1.5,298.45,0.0
317,2.1039,-22.4,88.9,0.0
3170,0.0075318,-36.6,298.45,0.0
3171,0.0029357,-57.2,323.85,0.0
3172,0.0064157,-57.2,323.85,0.0
3173,0.010866,1.5,323.85,0.0
3174,0.015567,-57.2,323.85,0.0
3175,3.5089e-05,1.5,323.85,0.0
3176,0.0052642,-82.6,-342.9,0.0
3177,0.00030019,-3372.0,203.2,0.0
3178,0.0072818,6.4,342.9,0.0
3179,0.0098361,-82.6,342.9,0.0
318,1.8913,-22.4,88.9,0.0
3180,0.0083275,6.4,342.9,0.0
319,0.84334,-22.4,88.9,0.0
32,2.0038,-19.1,76.2,0.0
320,1.5252,-22.4,88.9,0.0
321,0.010895,-2689.0,36.5,0.0
322,1.4148,-25.4,95.25,0.0
323,0.027274,-25.4,95.25,0.0
324,0.12187,-25.4,95.25,0.0
325,2.0774,-25.4,95.25,0.0
326,0.2108,-34.8,95.25,0.0
327,1.5734,-34.8,95.25,0.0
328,0.75497,-34.8,95.25,0.0
329,1.2366,-34.8,95.25,0.0
33,0.42257,-19.1,76.2,0.0
330,1.1852,-34.8,95.25,0.0
331,0.53906,-22.4,88.9,0.0
332,1.1622,1.5,88.9,0.0
333,0.20615,-22.4,88.9,0.0
334,0.29195,-22.4,88.9,0.0
335,1.4458,-22.4,88.9,0.0
336,0.019282,-25.4,95.25,0.0
337,0.16362,-25.4,95.25,0.0
338,0.13852,-25.4,95.25,0.0
339,0.12243,-25.4,95.25,0.0
34,0.038694,-4796.0,30.15,0.0
340,1.0831,-25.4,95.25,0.0
341,0.073034,-34.8,95.25,0.0
342,0.44866,-34.8,95.25,0.0
343,0.95061,-34.8,95.25,0.0
344,0.30877,-34.8,95.25,0.0
345,0.29861,-34.8,95.25,0.0
346,0.84594,-22.4,88.9,0.0
347,1.5432,1.5,88.9,0.0
348,0.3963,-22.4,88.9,0.0
349,0.015014,-4875.0,36.5,0.0
35,2.7664,-19.1,76.2,0.0
350,1.8039,-22.4,88.9,0.0
351,1.8582,-25.4,95.25,0.0
352,0.34705,-25.4,95.25,0.0
353,1.0465,-25.4,95.25,0.0
354,0.55916,-25.4,95.25,0.0
355,1.2819,-25.4,95.25,0.0
356,0.078614,-34.8,95.25,0.0
357,0.02874,-34.8,95.25,0.0
358,2.2373,-34.8,95.25,0.0
359,1.8212,-34.8,95.25,0.0
36,1.2695,-22.4,82.55,0.0
360,0.071632,-34.8,95.25,0.0
361,0.090161,-22.4,88.9,0.0
362,0.37138,-22.4,88.9,0.0
363,0.071553,-22.4,88.9,0.0
364,1.755,-22.4,88.9,0.0
365,1.8534,-22.4,88.9,0.0
366,0.016389,-3663.0,36.5,0.0
367,2.1171,-25.4,95.25,0.0
368,1.9124,-25.4,95.25,0.0
369,1.7038,-25.4,95.25,0.0
37,0.54726,-22.4,82.55,0.0
370,1.1285,-25.4,95.25,0.0
371,0.082521,-34.8,95.25,0.0
372,0.4584,-34.8,95.25,0.0
373,2.1754,-34.8,95.25,0.0
374,0.26889,-34.8,95.25,0.0
375,0.073879,-34.8,95.25,0.0
376,0.099573,-22.4,88.9,0.0
377,0.67667,-22.4,88.9,0.0
378,0.0082736,-4895.0,36.5,0.0
379,1.0834,-22.4,88.9,0.0
38,1.3513,-22.4,82.55,0.0
380,0.042415,-22.4,88.9,0.0
381,0.39538,-25.4,95.25,0.0
382,0.083844,-25.4,95.25,0.0
383,1.1265,-25.4,95.25,0.0
384,0.14932,-25.4,95.25,0.0
385,1.2302,-25.4,95.25,0.0
386,1.0242,-34.8,95.25,0.0
387,0.35697,-34.8,95.25,0.0
388,0.014118,-3788.0,36.5,0.0
389,2.3255,-34.8,95.25,0.0
39,0.45589,-22.4,82.55,0.0
390,1.0707,-34.8,95.25,0.0
391,0.0060316,-4893.0,36.5,0.0
392,1.3105,-22.4,88.9,0.0
393,0.39215,-22.4,88.9,0.0
394,0.021277,-22.4,88.9,0.0
395,0.1176,-22.4,88.9,0.0
396,1.9962,-25.4,95.25,0.0
397,0.097209,-25.4,95.25,0.0
398,0.050595,-25.4,95.25,0.0
399,0.15647,-25.4,95.25,0.0
4,3.0153,-19.1,76.2,0.0
40,0.55458,-22.4,82.55,0.0
400,2.3471,-25.4,95.25,0.0
401,1.0211,-34.8,95.25,0.0
402,0.85382,-34.8,95.25,0.0
403,0.7345,-34.8,95.25,0.0
404,1.8214,-34.8,95.25,0.0
405,0.76519,-34.8,95.25,0.0
406,1.0554,-22.4,88.9,0.0
407,1.5053,-22.4,88.9,0.0
408,2.0669,-22.4,88.9,0.0
409,0.01358,-22.4,88.9,0.0
41,2.0067,-31.8,82.55,0.0
410,0.20486,-22.4,88.9,0.0
411,1.4249,1.5,95.25,0.0
412,0.83538,-25.4,95.25,0.0
413,0.35005,-25.4,95.25,0.0
414,1.1711,-25.4,95.25,0.0
415,0.99508,-25.4,95.25,0.0
416,0.30919,-34.8,95.25,0.0
417,1.285,6.4,95.25,0.0
418,0.17034,6.4,95.25,0.0
419,1.8265,-34.8,95.25,0.0
42,1.6506,-31.8,82.55,0.0
420,0.010057,-3787.0,36.5,0.0
421,0.74463,-22.4,88.9,0.0
422,0.82097,-22.4,88.9,0.0
423,0.81573,-22.4,88.9,0.0
424,1.1563,-22.4,88.9,0.0
425,0.25567,-22.4,88.9,0.0
426,0.0049189,-1680.0,36.5,0.0
427,1.3897,-25.4,95.25,0.0
428,1.1832,-25.4,95.25,0.0
429,0.50448,-25.4,95.25,0.0
43,0.61974,-31.8,82.55,0.0
430,1.5003,-25.4,95.25,0.0
431,0.37577,-34.8,95.25,0.0
432,1.3784,-34.8,95.25,0.0
433,1.0506,-34.8,95.25,0.0
434,0.80756,-34.8,95.25,0.0
435,1.8686,-34.8,95.25,0.0
436,1.7446,-22.4,88.9,0.0
437,1.383,-22.4,88.9,0.0
438,0.23557,-22.4,88.9,0.0
439,0.0061683,-4320.0,36.5,0.0
44,0.85991,-31.8,82.55,0.0
440,1.3902,-22.4,88.9,0.0
441,0.010414,-4077.0,36.5,0.0
442,0.24782,-25.4,95.25,0.0
443,0.15904,-25.4,95.25,0.0
444,1.8562,1.5,95.25,0.0
445,0.11596,-25.4,95.25,0.0
446,0.20051,-34.8,95.25,0.0
447,0.29,-34.8,95.25,0.0
448,0.019657,-3977.0,36.5,0.0
449,0.6342,-34.8,95.25,0.0
45,0.3695,-31.8,82.55,0.0
450,0.016816,-4146.0,36.5,0.0
451,0.69921,-22.4,88.9,0.0
452,0.018078,-22.4,88.9,0.0
453,1.3725,-22.4,88.9,0.0
454,1.5845,1.5,88.9,0.0
455,0.3152,-22.4,88.9,0.0
456,0.76134,-25.4,95.25,0.0
457,0.3217,-25.4,95.25,0.0
458,1.3084,-25.4,95.25,0.0
459,0.044311,-25.4,95.25,0.0
46,1.6515,-19.1,76.2,0.0
460,1.7981,-25.4,95.25,0.0
461,1.4926,-34.8,95.25,0.0
462,0.60265,-34.8,95.25,0.0
463,0.80873,6.4,95.25,0.0
464,1.2709,-34.8,95.25,0.0
465,0.51146,-34.8,95.25,0.0
466,0.2187,-22.4,88.9,0.0
467,0.092364,-22.4,88.9,0.0
468,1.0178,-22.4,88.9,0.0
469,0.91682,-22.4,88.9,0.0
47,0.13028,-19.1,76.2,0.0
470,0.52804,-22.4,88.9,0.0
471,1.6181,-25.4,95.25,0.0
472,0.17822,-25.4,95.25,0.0
473,0.20191,-25.4,95.25,0.0
474,0.22106,-25.4,95.25,0.0
475,0.29051,-25.4,95.25,0.0
476,0.98444,-34.8,95.25,0.0
477,0.037682,-34.8,95.25,0.0
478,0.83859,-34.8,95.25,0.0
479,0.9653,-34.8,95.25,0.0
48,1.6574,1.5,76.2,0.0
480,0.0052908,-3052.0,36.5,0.0
481,0.088525,-22.4,88.9,0.0
482,0.0090623,-22.4,88.9,0.0
483,0.17036,-22.4,88.9,0.0
484,0.047068,-22.4,88.9,0.0
485,0.1348,-22.4,88.9,0.0
486,0.67875,-25.4,95.25,0.0
487,0.0080345,-3947.0,36.5,0.0
488,0.01496,-25.4,95.25,0.0
489,0.8176,-25.4,95.25,0.0
49,3.1183,-19.1,76.2,0.0
490,0.7801,-25.4,95.25,0.0
491,0.21817,-34.8,95.25,0.0
492,0.2887,-34.8,95.25,0.0
493,0.60736,-34.8,95.25,0.0
494,0.34751,-34.8,95.25,0.0
495,0.039188,-34.8,95.25,0.0
496,1.7422,-22.4,88.9,0.0
497,1.5412,-22.4,88.9,0.0
498,1.2573,1.5,88.9,0.0
499,0.0094116,-22.4,88.9,0.0
5,0.036982,-19.1,76.2,0.0
50,0.1191,-19.1,76.2,0.0
500,0.038275,-22.4,88.9,0.0
501,0.042871,-25.4,95.25,0.0
502,0.71301,-25.4,95.25,0.0
503,0.81161,-25.4,95.25,0.0
504,1.1618,-25.4,95.25,0.0
505,1.0643,-25.4,95.25,0.0
506,1.0986,-34.8,95.25,0.0
507,0.038619,-34.8,95.25,0.0
508,0.63106,-34.8,95.25,0.0
509,1.0437,-34.8,95.25,0.0
51,2.726,-22.4,82.55,0.0
510,0.18152,6.4,95.25,0.0
511,0.18552,-22.4,88.9,0.0
512,0.28019,-22.4,88.9,0.0
513,0.37087,-22.4,88.9,0.0
514,0.10429,1.5,88.9,0.0
515,0.053455,-22.4,88.9,0.0
516,0.021086,-25.4,95.25,0.0
517,1.4521,-25.4,95.25,0.0
518,0.52321,-25.4,95.25,0.0
519,0.18275,-25.4,95.25,0.0
52,0.91687,1.5,82.55,0.0
520,0.0058447,-3391.0,36.5,0.0
521,0.82914,-34.8,95.25,0.0
522,0.20271,-34.8,95.25,0.0
523,0.85419,-34.8,95.25,0.0
524,0.5156,-34.8,95.25,0.0
525,1.7357,-34.8,95.25,0.0
526,0.7563,-22.4,88.9,0.0
527,0.45949,-22.4,88.9,0.0
528,1.8094,-22.4,88.9,0.0
529,1.0781,1.5,88.9,0.0
53,3.0405,-22.4,82.55,0.0
530,0.01852,-3706.0,36.5,0.0
531,0.024892,-4769.0,36.5,0.0
532,0.46474,-25.4,95.25,0.0
533,1.0532,-25.4,95.25,0.0
534,0.65214,-25.4,95.25,0.0
535,0.10699,-25.4,95.25,0.0
536,0.31082,-34.8,95.25,0.0
537,0.069672,-34.8,95.25,0.0
538,0.066358,-34.8,95.25,0.0
539,0.03108,-34.8,95.25,0.0
54,3.0799,1.5,82.55,0.0
540,1.1615,-34.8,95.25,0.0
541,0.54788,-22.4,88.9,0.0
542,0.28125,-22.4,88.9,0.0
543,0.0030551,-4121.0,36.5,0.0
544,0.57215,-22.4,88.9,0.0
545,0.99002,-22.4,88.9,0.0
546,1.0545,-25.4,95.25,0.0
547,0.81854,-25.4,95.25,0.0
548,0.58418,-25.4,95.25,0.0
549,0.0038198,-2879.0,36.5,0.0
55,3.0943,-22.4,82.55,0.0
550,0.91352,-25.4,95.25,0.0
551,0.86463,-34.8,95.25,0.0
552,0.39853,-34.8,95.25,0.0
553,0.97606,-34.8,95.25,0.0
554,1.1271,-34.8,95.25,0.0
555,0.11731,-34.8,95.25,0.0
556,0.039516,-22.4,88.9,0.0
557,0.3167,-22.4,88.9,0.0
558,0.096239,-22.4,88.9,0.0
559,0.17156,-22.4,88.9,0.0
56,1.8317,-31.8,82.55,0.0
560,0.55491,-22.4,88.9,0.0
561,0.46952,-25.4,95.25,0.0
562,0.098393,-25.4,95.25,0.0
563,0.41931,-25.4,95.25,0.0
564,0.15959,-25.4,95.25,0.0
565,0.0065927,-4390.0,36.5,0.0
566,0.77107,-34.8,95.25,0.0
567,1.1694,6.4,95.25,0.0
568,0.012682,-34.8,95.25,0.0
569,0.096487,-34.8,95.25,0.0
57,2.18,-31.8,82.55,0.0
570,0.12032,-34.8,95.25,0.0
571,0.96049,-22.4,88.9,0.0
572,0.056863,-22.4,88.9,0.0
573,0.015506,-22.4,88.9,0.0
574,0.13159,-22.4,88.9,0.0
575,0.54755,-22.4,88.9,0.0
576,0.25413,-25.4,95.25,0.0
577,0.19876,-25.4,95.25,0.0
578,0.062966,-25.4,95.25,0.0
579,1.2216,-25.4,95.25,0.0
58,2.1475,-31.8,82.55,0.0
580,0.39794,-25.4,95.25,0.0
581,1.0067,-34.8,95.25,0.0
582,0.60614,-34.8,95.25,0.0
583,0.042834,-34.8,95.25,0.0
584,1.0785,-34.8,95.25,0.0
585,0.37251,-34.8,95.25,0.0
586,0.014052,-22.4,88.9,0.0
587,0.37627,-22.4,88.9,0.0
588,0.10072,-22.4,88.9,0.0
589,0.7572,-22.4,88.9,0.0
59,0.99133,-31.8,82.55,0.0
590,0.17838,-22.4,88.9,0.0
591,0.033657,-25.4,95.25,0.0
592,1.2084,-25.4,95.25,0.0
593,0.029078,-25.4,95.25,0.0
594,0.69028,-25.4,95.25,0.0
595,0.67127,-25.4,95.25,0.0
596,1.0075,6.4,95.25,0.0
597,0.22686,-34.8,95.25,0.0
598,0.0033893,-3994.0,36.5,0.0
599,0.18303,-34.8,95.25,0.0
6,2.4194,-22.4,82.55,0.0
60,1.3915,-31.8,82.55,0.0
600,0.14023,-34.8,95.25,0.0
601,0.028031,-7.1,-95.25,0.0
602,0.75043,-23.9,95.25,0.0
603,0.43795,12.7,-95.25,0.0
604,1.1648,23.9,-95.25,0.0
605,0.0054105,-2444.1,-44.45,0.0
606,0.13479,-28.4,107.95,0.0
607,1.2229,28.4,-107.95,0.0
608,0.048903,-8.225,-107.95,0.0
609,0.72147,28.4,-107.95,0.0
61,1.2641,-19.1,76.2,0.0
610,0.32865,-8.225,-107.95,0.0
611,0.05464,-38.2,-104.8,0.0
612,0.55304,38.2,-104.8,0.0
613,0.9068,-38.2,-104.8,0.0
614,0.45784,-14.35,-104.8,0.0
615,0.058024,-30.25,-104.8,0.0
616,0.12043,23.9,-95.25,0.0
617,0.75566,-23.9,95.25,0.0
618,0.94245,-12.7,95.25,0.0
619,0.80725,23.9,-95.25,0.0
62,0.022836,-3489.0,30.15,0.0
620,1.0429,7.1,95.25,0.0
621,0.14314,-8.225,-107.95,0.0
622,0.14303,28.4,-107.95,0.0
623,0.21545,-1.5,107.95,0.0
624,0.035703,-28.4,107.95,0.0
625,0.030058,-4545.1,-44.45,0.0
626,0.37973,-6.4,104.8,0.0
627,0.030556,-14.35,-104.8,0.0
628,0.89729,-38.2,104.8,0.0
629,0.75324,-38.2,104.8,0.0
63,2.3649,-19.1,76.2,0.0
630,0.013017,-14.35,-104.8,0.0
631,0.48997,23.9,-95.25,0.0
632,0.19045,-1.5,95.25,0.0
633,0.67153,-7.1,-95.25,0.0
634,0.4727,-7.1,-95.25,0.0
635,1.1902,-23.9,95.25,0.0
636,1.2054,28.4,-107.95,0.0
637,0.0059301,-2860.9,-44.45,0.0
638,0.44389,28.4,-107.95,0.0
639,0.11638,-8.225,-107.95,0.0
64,1.7373,1.5,76.2,0.0
640,0.54319,-28.4,107.95,0.0
641,0.013606,-3081.8,-44.45,0.0
642,0.20055,-14.35,-104.8,0.0
643,0.48313,-14.35,-104.8,0.0
644,0.59607,-14.35,-104.8,0.0
645,0.033592,-22.3,-104.8,0.0
646,0.13409,-1.5,95.25,0.0
647,0.50802,-23.9,95.25,0.0
648,0.039022,-4549.8,-44.45,0.0
649,0.080121,-7.1,-95.25,0.0
65,2.6722,-19.1,76.2,0.0
650,0.13776,18.3,-95.25,0.0
651,1.0948,28.4,-107.95,0.0
652,0.0047128,-4730.2,-44.45,0.0
653,0.68641,-8.225,-107.95,0.0
654,0.25508,-21.675,-107.95,0.0
655,1.0453,-28.4,107.95,0.0
656,0.41245,-38.2,104.8,0.0
657,0.0056409,-2142.0,-44.45,0.0
658,0.16817,-38.2,104.8,0.0
659,0.013882,-6.4,104.8,0.0
66,1.035,-22.4,82.55,0.0
660,0.065523,-14.35,-104.8,0.0
661,0.8117,23.9,-95.25,0.0
662,0.21475,23.9,-95.25,0.0
663,0.003104,-2721.0,-44.45,0.0
664,0.31496,23.9,-95.25,0.0
665,0.83534,-23.9,95.25,0.0
666,1.3607,28.4,-107.95,0.0
667,0.011768,-3807.8,-44.45,0.0
668,1.3147,28.4,-107.95,0.0
669,0.48638,-8.225,-107.95,0.0
67,0.6827,-22.4,82.55,0.0
670,0.20136,-8.225,-107.95,0.0
671,0.30818,-14.35,-104.8,0.0
672,0.98442,-14.35,-104.8,0.0
673,0.63141,-38.2,104.8,0.0
674,0.78658,-38.2,-104.8,0.0
675,0.036849,-14.35,-104.8,0.0
676,0.043358,-23.9,-95.25,0.0
677,0.25039,1.5,-95.25,0.0
678,0.23347,23.9,-95.25,0.0
679,0.59399,23.9,-95.25,0.0
68,0.51652,-22.4,82.55,0.0
680,0.21066,23.9,-95.25,0.0
681,1.3106,28.4,-107.95,0.0
682,0.17411,-1.5,107.95,0.0
683,0.010758,-14.95,-107.95,0.0
684,0.74115,-28.4,107.95,0.0
685,0.97943,-8.225,-107.95,0.0
686,0.20697,-14.35,-104.8,0.0
687,0.82836,-38.2,104.8,0.0
688,0.0067228,-3802.5,-44.45,0.0
689,0.99772,-38.2,104.8,0.0
69,1.4935,-22.4,82.55,0.0
690,0.87954,-14.35,-104.8,0.0
691,1.0822,23.9,-95.25,0.0
692,1.1145,23.9,-95.25,0.0
693,0.036405,-7.1,-95.25,0.0
694,0.042951,-4706.3,-44.45,0.0
695,0.01159,-2490.3,-44.45,0.0
696,1.3033,28.4,-107.95,0.0
697,0.17633,-8.225,-107.95,0.0
698,1.2752,28.4,-107.95,0.0
699,0.68522,-28.4,107.95,0.0
7,0.82398,-22.4,82.55,0.0
70,0.072885,-22.4,82.55,0.0
700,0.16799,-1.5,107.95,0.0
701,0.02807,-4726.3,-44.45,0.0
702,0.54419,-38.2,104.8,0.0
703,0.99746,-38.2,104.8,0.0
704,0.018885,-6.4,104.8,0.0
705,0.020073,-4202.5,-44.45,0.0
706,0.070091,-1.5,95.25,0.0
707,0.027091,-18.3,-95.25,0.0
708,0.012332,-1.5,95.25,0.0
709,0.9856,-7.1,95.25,0.0
71,1.9496,-31.8,82.55,0.0
710,0.51224,23.9,-95.25,0.0
711,1.1439,28.4,-107.95,0.0
712,0.58453,-28.4,107.95,0.0
713,0.080247,-8.225,-107.95,0.0
714,1.0662,8.225,107.95,0.0
715,0.24404,-8.225,-107.95,0.0
716,0.016713,-14.35,-104.8,0.0
717,0.07046,-22.3,-104.8,0.0
718,0.66932,-38.2,104.8,0.0
719,0.043001,-14.35,-104.8,0.0
72,4.3723,-31.8,82.55,0.0
720,0.65266,-14.35,104.8,0.0
721,0.038052,-7.1,-95.25,0.0
722,0.46936,23.9,-95.25,0.0
723,0.51286,23.9,-95.25,0.0
724,0.84075,23.9,-95.25,0.0
725,0.47884,23.9,-95.25,0.0
726,0.16824,-8.225,-107.95,0.0
727,0.81059,-8.225,-107.95,0.0
728,0.20538,28.4,-107.95,0.0
729,0.15876,28.4,-107.95,0.0
73,3.8758,-31.8,82.55,0.0
730,0.59777,28.4,-107.95,0.0
731,0.03425,-14.35,-104.8,0.0
732,0.38083,-14.35,-104.8,0.0
733,0.20173,-14.35,-104.8,0.0
734,0.25295,38.2,-104.8,0.0
735,0.47587,-14.35,-104.8,0.0
736,0.032734,-7.1,-95.25,0.0
737,0.30431,23.9,-95.25,0.0
738,0.13299,23.9,-95.25,0.0
739,0.48462,-23.9,95.25,0.0
74,3.8182,-31.8,82.55,0.0
740,0.27963,-7.1,-95.25,0.0
741,0.13095,-28.4,107.95,0.0
742,0.046365,-8.225,-107.95,0.0
743,0.19232,28.4,-107.95,0.0
744,0.072904,-8.225,-107.95,0.0
745,0.23124,21.675,-107.95,0.0
746,0.34896,-14.35,-104.8,0.0
747,0.56156,-38.2,104.8,0.0
748,0.009825,-30.25,-104.8,0.0
749,0.80035,-14.35,-104.8,0.0
75,0.69194,-31.8,82.55,0.0
750,0.18837,38.2,-104.8,0.0
751,0.28147,-23.9,95.25,0.0
752,0.86817,23.9,-95.25,0.0
753,0.52308,-7.1,-95.25,0.0
754,0.3615,23.9,-95.25,0.0
755,0.077272,-7.1,-95.25,0.0
756,0.74969,-8.225,-107.95,0.0
757,0.79334,-8.225,-107.95,0.0
758,0.13792,-28.4,107.95,0.0
759,0.46093,-8.225,-107.95,0.0
76,2.2855,-19.1,76.2,0.0
760,0.82824,-28.4,107.95,0.0
761,0.48684,-38.2,104.8,0.0
762,0.098844,-38.2,104.8,0.0
763,0.020941,-14.35,-104.8,0.0
764,0.51705,-38.2,104.8,0.0
765,0.11235,-38.2,104.8,0.0
766,0.80293,-7.1,-95.25,0.0
767,0.063863,-12.7,-95.25,0.0
768,0.55208,-23.9,-95.25,0.0
769,0.71896,23.9,-95.25,0.0
77,1.3021,-19.1,76.2,0.0
770,0.21802,-7.1,-95.25,0.0
771,0.0084376,-14.95,-107.95,0.0
772,0.57228,-28.4,107.95,0.0
773,0.063825,-28.4,107.95,0.0
774,0.021956,-4651.9,-44.45,0.0
775,0.33659,-28.4,107.95,0.0
776,0.4737,38.2,-104.8,0.0
777,0.14288,-22.3,-104.8,0.0
778,0.38945,-14.35,-104.8,0.0
779,0.033556,-6.4,104.8,0.0
78,2.0293,-19.1,76.2,0.0
780,0.3394,-38.2,104.8,0.0
781,0.38568,-7.1,-95.25,0.0
782,0.6315,23.9,-95.25,0.0
783,0.63981,23.9,-95.25,0.0
784,0.031697,-4579.2,-44.45,0.0
785,0.59821,-7.1,-95.25,0.0
786,0.32946,-28.4,107.95,0.0
787,0.0092981,-3821.5,-44.45,0.0
788,0.24627,-8.225,-107.95,0.0
789,0.003616,-2866.5,-44.45,0.0
79,0.36043,-19.1,76.2,0.0
790,0.77876,-8.225,-107.95,0.0
791,0.6953,-14.35,-104.8,0.0
792,0.087469,-14.35,-104.8,0.0
793,0.65451,-30.25,-104.8,0.0
794,0.94329,38.2,-104.8,0.0
795,0.31401,38.2,-104.8,0.0
796,0.39491,23.9,-95.25,0.0
797,0.27545,23.9,-95.25,0.0
798,0.19704,-23.9,95.25,0.0
799,0.12626,23.9,-95.25,0.0
8,1.422,-22.4,82.55,0.0
80,1.782,-19.1,76.2,0.0
800,0.46659,23.9,-95.25,0.0
801,0.21271,28.4,-107.95,0.0
802,0.0031889,-4386.6,-44.45,0.0
803,0.61693,-28.4,107.95,0.0
804,0.34697,-28.4,107.95,0.0
805,0.91955,28.4,-107.95,0.0
806,0.6353,-14.35,-104.8,0.0
807,0.0146,-3987.1,-44.45,0.0
808,0.16034,38.2,-104.8,0.0
809,0.61391,30.25,-104.8,0.0
81,0.038342,-22.4,82.55,0.0
810,0.064888,-38.2,-104.8,0.0
811,0.16418,-7.1,95.25,0.0
812,0.71344,23.9,-95.25,0.0
813,0.17645,1.5,-95.25,0.0
814,0.15512,23.9,-95.25,0.0
815,0.93801,23.9,-95.25,0.0
816,0.13248,14.95,-107.95,0.0
817,0.14651,28.4,-107.95,0.0
818,0.74755,-28.4,107.95,0.0
819,0.040715,-28.4,107.95,0.0
82,2.3925,-22.4,82.55,0.0
820,0.22956,28.4,-107.95,0.0
821,0.022446,-14.35,-104.8,0.0
822,0.11653,38.2,-104.8,0.0
823,0.074362,-30.25,-104.8,0.0
824,0.33447,-14.35,-104.8,0.0
825,0.67392,-38.2,104.8,0.0
826,0.56853,-23.9,95.25,0.0
827,0.39004,-23.9,95.25,0.0
828,0.26583,-23.9,95.25,0.0
829,0.1477,-18.3,-95.25,0.0
83,0.49042,-22.4,82.55,0.0
830,0.93067,23.9,-95.25,0.0
831,0.91021,-28.4,107.95,0.0
832,0.48448,-14.95,107.95,0.0
833,0.34321,-28.4,107.95,0.0
834,0.13051,28.4,-107.95,0.0
835,0.63194,-8.225,-107.95,0.0
836,0.23339,38.2,-104.8,0.0
837,0.044966,-38.2,104.8,0.0
838,0.74068,-38.2,104.8,0.0
839,0.44971,-14.35,-104.8,0.0
84,0.18218,-22.4,82.55,0.0
840,0.11122,-38.2,104.8,0.0
841,0.0036229,-2772.0,-44.45,0.0
842,0.010667,-4010.3,-44.45,0.0
843,0.28579,23.9,-95.25,0.0
844,0.06905,-7.1,-95.25,0.0
845,0.57414,23.9,-95.25,0.0
846,0.080697,-28.4,107.95,0.0
847,0.082863,-28.4,107.95,0.0
848,0.099537,-8.225,-107.95,0.0
849,0.2789,28.4,-107.95,0.0
85,0.65107,-22.4,82.55,0.0
850,0.077098,-8.225,-107.95,0.0
851,0.057968,-30.25,-104.8,0.0
852,0.14221,-38.2,104.8,0.0
853,0.10206,38.2,-104.8,0.0
854,0.48027,38.2,-104.8,0.0
855,0.14388,38.2,-104.8,0.0
856,0.25737,23.9,-95.25,0.0
857,0.27542,-23.9,95.25,0.0
858,0.30126,-23.9,95.25,0.0
859,0.01704,-7.1,-95.25,0.0
86,0.17875,-31.8,82.55,0.0
860,0.014458,7.1,-95.25,0.0
861,0.33856,28.4,-107.95,0.0
862,0.56736,-1.5,107.95,0.0
863,0.0029626,-4772.5,-44.45,0.0
864,0.012083,-6.88,107.95,0.0
865,0.43984,-28.4,107.95,0.0
866,0.12069,38.2,-104.8,0.0
867,0.056,-14.35,104.8,0.0
868,0.19532,38.2,-104.8,0.0
869,0.48428,-14.35,-104.8,0.0
87,4.0744,-31.8,82.55,0.0
870,0.41287,38.2,-104.8,0.0
871,0.15397,23.9,-95.25,0.0
872,0.37439,-7.1,-95.25,0.0
873,0.013662,-7.1,-95.25,0.0
874,0.041319,-7.1,-95.25,0.0
875,0.57588,23.9,-95.25,0.0
876,0.0065477,-28.4,-107.95,0.0
877,0.039261,-28.4,107.95,0.0
878,0.01014,-28.4,-107.95,0.0
879,0.003944,-17.64,-107.95,0.0
88,0.39513,-31.8,82.55,0.0
880,0.11304,-8.225,-107.95,0.0
881,0.111,-38.2,104.8,0.0
882,0.027619,-14.35,-104.8,0.0
883,0.26868,-14.35,-104.8,0.0
884,0.0058361,-38.2,-104.8,0.0
885,0.051975,-14.35,-104.8,0.0
886,0.19408,23.9,-95.25,0.0
887,0.011536,-1.5,95.25,0.0
888,0.13689,-7.1,-95.25,0.0
889,0.14575,23.9,-95.25,0.0
89,0.094026,-31.8,82.55,0.0
890,0.0061914,-1.5,95.25,0.0
891,0.51932,28.4,-107.95,0.0
892,0.21797,-28.4,107.95,0.0
893,0.061043,-8.225,-107.95,0.0
894,0.040323,-8.225,107.95,0.0
895,0.21171,-8.225,-107.95,0.0
896,0.35538,30.25,-104.8,0.0
897,0.23051,38.2,-104.8,0.0
898,0.085587,-38.2,-104.8,0.0
899,0.013267,-14.35,104.8,0.0
9,2.1403,-22.4,82.55,0.0
90,0.10047,-31.8,82.55,0.0
900,0.065157,-14.35,104.8,0.0
901,0.18215,-23.9,107.95,0.0
902,0.023648,-23.9,107.95,0.0
903,0.61691,-23.9,107.95,0.0
904,0.048768,-23.9,107.95,0.0
905,0.32103,-23.9,107.95,0.0
906,0.73721,-8.675,-114.3,0.0
907,0.61258,30.2,-114.3,0.0
908,0.48338,30.2,-114.3,0.0
909,0.68674,-8.675,-114.3,0.0
91,2.6035,-19.1,76.2,0.0
910,0.47781,-8.675,-114.3,0.0
911,0.0082595,-3986.0,50.8,0.0
912,0.18085,-41.5,114.3,0.0
913,0.2123,-41.5,114.3,0.0
914,0.16971,-41.5,114.3,0.0
915,0.0079047,-4650.0,50.8,0.0
916,0.37894,-23.9,107.95,0.0
917,0.70665,7.1,107.95,0.0
918,0.13129,-23.9,107.95,0.0
919,0.0077493,-23.9,107.95,0.0
92,3.051,1.5,76.2,0.0
920,0.19557,-23.9,107.95,0.0
921,0.36669,-8.675,-114.3,0.0
922,0.041771,-8.675,-114.3,0.0
923,0.30427,-30.2,114.3,0.0
924,0.1345,30.2,-114.3,0.0
925,0.53102,-8.675,-114.3,0.0
926,0.089522,-41.5,114.3,0.0
927,0.25529,-41.5,114.3,0.0
928,0.5992,15.175,114.3,0.0
929,0.068962,-41.5,114.3,0.0
93,0.022343,-4011.0,30.15,0.0
930,0.83669,-41.5,114.3,0.0
931,0.26908,-23.9,107.95,0.0
932,0.20841,-23.9,107.95,0.0
933,0.28415,-23.9,107.95,0.0
934,0.1949,-23.9,107.95,0.0
935,0.39276,-23.9,107.95,0.0
936,0.44338,-30.2,114.3,0.0
937,0.048373,-1.5,114.3,0.0
938,0.009794,-4351.1,-50.8,0.0
939,0.0081362,-2840.0,-50.8,0.0
94,0.1268,-19.1,76.2,0.0
940,0.029142,-1.5,114.3,0.0
941,0.4836,-41.5,114.3,0.0
942,0.030038,-4984.0,50.8,0.0
943,0.58431,-41.5,114.3,0.0
944,0.81732,15.175,114.3,0.0
945,0.089692,-41.5,114.3,0.0
946,0.11518,-23.9,107.95,0.0
947,0.49824,-23.9,107.95,0.0
948,0.015247,-23.9,107.95,0.0
949,0.006626,-2452.0,50.8,0.0
95,3.458,-19.1,76.2,0.0
950,0.34835,-23.9,107.95,0.0
951,0.63104,-8.675,-114.3,0.0
952,0.42359,-30.2,114.3,0.0
953,0.59029,-8.675,-114.3,0.0
954,0.095503,-1.5,114.3,0.0
955,0.88792,-30.2,114.3,0.0
956,0.70225,-41.5,114.3,0.0
957,0.002314,-3875.0,50.8,0.0
958,0.30252,-41.5,114.3,0.0
959,0.025485,-4785.0,50.8,0.0
96,1.3728,1.5,82.55,0.0
960,0.0093042,-3077.0,50.8,0.0
961,0.22922,-23.9,107.95,0.0
962,0.78022,-23.9,107.95,0.0
963,0.056795,-23.9,107.95,0.0
964,0.047978,-23.9,107.95,0.0
965,0.014783,-4972.0,50.8,0.0
966,0.073091,-8.675,-114.3,0.0
967,0.35327,30.2,-114.3,0.0
968,0.045058,-15.85,-114.3,0.0
969,0.31549,30.2,-114.3,0.0
97,4.1787,-22.4,82.55,0.0
970,0.0088801,-2986.3,-50.8,0.0
971,0.41299,-41.5,114.3,0.0
972,0.88412,-41.5,114.3,0.0
973,0.35301,-41.5,114.3,0.0
974,0.016248,-4456.0,50.8,0.0
975,0.20078,-41.5,114.3,0.0
976,0.030148,-23.9,107.95,0.0
977,0.10828,-23.9,107.95,0.0
978,0.74616,-23.9,107.95,0.0
979,0.039214,-4882.0,50.8,0.0
98,1.7821,-22.4,82.55,0.0
980,0.010252,-3599.0,50.8,0.0
981,0.030861,-30.2,114.3,0.0
982,0.053073,-8.675,-114.3,0.0
983,0.28696,30.2,-114.3,0.0
984,0.24518,-8.675,-114.3,0.0
985,0.082727,-8.675,-114.3,0.0
986,0.062861,-41.5,114.3,0.0
987,0.39663,-41.5,114.3,0.0
988,0.12048,-41.5,114.3,0.0
989,0.010954,-41.5,114.3,0.0
99,2.9994,-22.4,82.55,0.0
990,0.7146,-41.5,114.3,0.0
991,0.62769,-23.9,107.95,0.0
992,0.54165,-23.9,107.95,0.0
993,0.19295,-23.9,107.95,0.0
994,0.0022152,-4204.0,50.8,0.0
995,0.39903,-23.9,107.95,0.0
996,0.92382,-8.675,-114.3,0.0
997,0.55408,30.2,-114.3,0.0
998,0.083742,-30.2,-114.3,0.0
999,0.085498,-23.025,-114.3,0.0
