File Name,Max Deformation Y,X,Y,Z
0,0.0051892,-101.6,123.61,6.9415
1,14.606,155.54,16.97,21.279
10,6.2432,-1180.3,6.4915,28.441
100,3.3692,365.02,0.0,30.15
1000,3.1983,1040.2,10.665,46.728
1001,1.4159,889.44,21.419,44.476
1002,2.7029,-148.63,10.985,48.127
1003,0.41898,-1108.0,0.0,50.8
1004,1.2874,-318.57,0.0,50.8
1005,0.93659,-643.01,0.0,50.8
1006,0.36171,956.53,0.0,50.8
1007,1.1767,1570.6,10.346,45.329
1008,0.43863,-548.22,0.0,50.8
1009,2.9161,1067.6,10.346,45.329
101,6.9268,1298.2,6.0565,26.535
1010,2.8534,667.36,11.304,49.526
1011,0.4954,-340.4,0.0,-50.8
1012,1.163,785.39,20.173,41.891
1013,0.14006,1658.6,11.304,-49.526
1014,2.0319,81.0,0.0,-50.8
1015,0.15588,719.27,0.0,-50.8
1016,0.039367,615.29,0.0,50.8
1017,0.012956,85.9,45.06,0.0
1018,0.18928,-574.66,11.304,49.526
1019,0.76606,141.61,0.0,50.8
102,2.4326,344.73,0.0,30.15
1020,0.43151,117.97,0.0,-50.8
1021,0.99813,-453.91,0.0,50.8
1022,0.39247,-185.93,0.0,50.8
1023,0.9379,-818.83,0.0,50.8
1024,0.1409,-1293.1,0.0,50.8
1025,0.22931,448.18,11.304,49.526
1026,0.13021,-1593.5,10.855,47.557
1027,0.75139,-293.78,0.0,50.8
1028,0.18196,-930.72,0.0,50.8
1029,1.2231,784.99,11.304,49.526
103,0.31296,744.03,6.709,29.394
1030,0.056097,2153.0,0.0,-50.8
1031,0.27631,-183.46,0.0,50.8
1032,0.19578,494.78,0.0,50.8
1033,2.7194,850.38,9.9556,43.618
1034,0.7444,87.516,42.72,0.0
1035,0.51624,1702.8,11.304,49.526
1036,2.544,691.07,10.405,45.588
1037,0.37206,-1148.9,0.0,50.8
1038,0.049103,71.4,42.72,0.0
1039,0.13232,-55.567,0.0,57.15
104,0.2079,1101.4,0.0,30.15
1040,0.0064495,-371.34,0.0,50.8
1041,0.49137,554.95,0.0,50.8
1042,0.49755,-1163.4,0.0,50.8
1043,0.1825,2487.5,0.0,50.8
1044,0.21577,1355.1,0.0,50.8
1045,0.1127,352.44,11.304,-49.526
1046,0.1402,-500.14,0.0,50.8
1047,1.0023,286.97,11.304,49.526
1048,0.025906,-607.55,0.0,50.8
1049,0.48953,-121.33,0.0,50.8
105,9.0182,-303.17,6.709,29.394
1050,0.072165,2473.5,0.0,50.8
1051,2.1999,-250.57,10.405,45.588
1052,1.9762,174.91,10.855,47.557
1053,0.66365,565.19,0.0,50.8
1054,1.1193,-915.4,10.855,47.557
1055,0.061565,2363.1,0.0,50.8
1056,2.4952,351.99,10.855,47.557
1057,0.24555,-81.0,0.0,-50.8
1058,0.24347,1274.5,0.0,50.8
1059,0.022217,81.0,0.0,-50.8
106,32.291,417.63,11.809,24.522
1060,0.43366,533.58,0.0,50.8
1061,0.047241,122.68,0.0,50.8
1062,0.23603,1653.2,0.0,50.8
1063,0.79162,239.15,0.0,50.8
1064,0.010786,581.21,0.0,50.8
1065,0.02084,992.61,0.0,50.8
1066,0.0034707,-289.14,0.0,50.8
1067,0.67015,-496.13,0.0,50.8
1068,0.11001,134.17,0.0,50.8
1069,1.3676,1123.4,19.412,40.309
107,4.7304,82.039,0.0,30.15
1070,0.029979,1134.8,0.0,50.8
1071,0.08293,1581.2,0.0,50.8
1072,0.14345,-753.5,11.304,-49.526
1073,0.51419,1158.1,0.0,50.8
1074,0.42311,745.16,11.304,49.526
1075,0.16048,1144.5,11.304,49.526
1076,0.65306,-685.78,0.0,50.8
1077,0.36711,-769.73,0.0,50.8
1078,0.88465,727.55,0.0,50.8
1079,0.14721,-252.48,0.0,50.8
108,6.9466,-228.91,0.0,30.15
1080,1.1729,726.08,19.412,40.309
1081,0.056832,2060.2,0.0,-50.8
1082,2.6606,341.74,11.304,49.526
1083,0.64506,690.75,0.0,50.8
1084,0.99668,-1058.5,0.0,50.8
1085,0.29652,-1167.5,0.0,50.8
1086,0.18646,1292.4,10.855,47.557
1087,0.41907,1205.1,0.0,50.8
1088,0.024454,81.0,0.0,-50.8
1089,0.0060812,81.0,50.8,0.0
109,2.0471,504.93,6.4915,28.441
1090,1.0844,-423.49,9.9556,43.618
1091,0.21436,-1323.0,0.0,50.8
1092,0.1893,-1567.9,0.0,50.8
1093,0.58988,-868.96,0.0,50.8
1094,0.95386,-364.2,0.0,50.8
1095,0.2114,-318.93,0.0,50.8
1096,1.4223,-79.48,0.0,50.8
1097,0.14849,449.38,11.304,49.526
1098,0.00057796,142.57,0.0,50.8
1099,1.1891,-151.04,11.304,49.526
11,1.6422,163.48,6.0565,26.535
110,11.276,-361.45,24.522,11.809
1100,1.2776,-717.46,19.412,40.309
1101,0.077583,1504.6,0.0,-50.8
1102,0.10253,1160.0,11.304,-49.526
1103,2.3284,403.32,0.0,50.8
1104,0.8688,-131.58,0.0,50.8
1105,0.60027,532.44,0.0,50.8
1106,0.0017765,-301.11,0.0,50.8
1107,0.1575,803.13,0.0,50.8
1108,0.44724,-1395.9,0.0,50.8
1109,0.91703,983.18,0.0,50.8
111,18.66,213.03,6.274,27.488
1110,1.2885,257.81,20.288,42.129
1111,1.527,-522.01,10.855,47.557
1112,0.048641,441.86,0.0,50.8
1113,0.91208,352.53,0.0,50.8
1114,2.8557,707.86,9.9556,43.618
1115,0.24452,-1004.6,11.304,49.526
1116,0.70638,-1260.1,0.0,50.8
1117,1.2363,-391.79,9.9556,43.618
1118,0.002477,-130.41,0.0,50.8
1119,0.055119,-948.86,0.0,-50.8
112,0.38907,220.94,0.0,30.15
1120,0.43827,81.0,0.0,-50.8
1121,0.053975,541.58,0.0,50.8
1122,1.7355,1365.0,19.412,40.309
1123,1.2507,1478.8,11.304,49.526
1124,1.6274,1241.5,9.9556,43.618
1125,1.733,1011.8,9.9556,43.618
1126,3.0234,952.92,10.405,45.588
1127,4.0738,791.66,11.304,49.526
1128,1.0194,1183.3,11.304,49.526
1129,0.1065,1723.6,11.304,49.526
113,20.678,325.35,6.274,27.488
1130,1.372,848.98,11.304,49.526
1131,2.0848,81.0,0.0,50.8
1132,2.0518,909.38,21.165,43.949
1133,2.505,81.0,0.0,50.8
1134,0.8946,-264.79,0.0,50.8
1135,1.6754,-421.86,9.9556,43.618
1136,0.26825,-1163.0,11.304,49.526
1137,0.92006,149.48,0.0,50.8
1138,0.32959,-1149.5,0.0,50.8
1139,1.2911,751.98,11.304,49.526
114,4.6193,-457.92,0.0,30.15
1140,1.9605,-320.93,9.9556,43.618
1141,0.031887,76.2,0.0,-57.15
1142,0.56072,-82.22,49.848,11.377
1143,1.1302,-844.71,11.712,51.315
1144,1.0292,663.25,0.0,-57.15
1145,0.086296,-902.91,0.0,-57.15
1146,1.3886,1580.8,22.837,47.422
1147,0.080385,-216.93,0.0,57.15
1148,1.2121,-290.3,11.712,51.315
1149,0.80097,1191.1,0.0,57.15
115,2.0186,2350.4,6.0565,26.535
1150,0.80662,994.44,0.0,57.15
1151,2.3737,101.6,0.0,57.15
1152,0.87623,-824.7,0.0,57.15
1153,0.45333,-578.91,0.0,-57.15
1154,0.72073,690.9,0.0,-57.15
1155,1.1195,101.6,0.0,-57.15
1156,2.701,76.2,0.0,-57.15
1157,0.10348,23.9,0.0,-114.3
1158,0.55368,1666.1,0.0,-57.15
1159,1.2005,344.54,24.143,50.134
116,0.025057,278.75,0.0,-30.15
1160,0.95077,805.38,0.0,57.15
1161,0.031067,678.35,0.0,-57.15
1162,0.19723,-403.41,0.0,57.15
1163,0.78849,505.19,0.0,57.15
1164,1.7187,503.26,0.0,57.15
1165,0.28227,1442.5,0.0,57.15
1166,0.27145,101.6,0.0,-57.15
1167,0.11294,-452.81,0.0,-57.15
1168,0.31082,1179.4,0.0,-57.15
1169,0.75337,-871.21,0.0,-57.15
117,5.5927,1309.0,0.0,30.15
1170,1.3405,954.1,11.712,51.315
1171,0.50352,-297.59,0.0,57.15
1172,0.082324,-23.9,0.0,-114.3
1173,0.051463,-666.41,0.0,-57.15
1174,1.6616,1246.7,11.712,51.315
1175,0.080762,76.2,0.0,-57.15
1176,0.66997,305.76,0.0,57.15
1177,0.01308,276.56,0.0,57.15
1178,1.1974,306.72,23.49,48.778
1179,0.014895,1873.4,0.0,57.15
118,7.2019,-289.78,0.0,30.15
1180,0.17435,2036.2,12.047,52.783
1181,0.013491,1074.0,0.0,-57.15
1182,0.022526,104.01,48.261,-16.887
1183,0.20261,101.6,0.0,-57.15
1184,1.6013,-272.7,32.817,41.152
1185,1.8726,511.77,24.143,50.134
1186,0.15192,-246.13,0.0,-57.15
1187,0.65492,76.2,0.0,-57.15
1188,0.10993,1361.3,12.717,-55.717
1189,0.53272,1201.5,0.0,-57.15
119,0.44755,-285.45,0.0,30.15
1190,0.62143,76.2,0.0,-57.15
1191,0.0057173,611.95,0.0,57.15
1192,1.8147,452.04,23.49,48.778
1193,1.1894,356.43,22.837,47.422
1194,2.688,690.61,0.0,57.15
1195,0.32487,1364.6,0.0,57.15
1196,0.70228,-378.65,0.0,57.15
1197,0.35775,428.06,0.0,-57.15
1198,0.80875,329.93,0.0,57.15
1199,0.99168,-300.59,0.0,57.15
12,15.201,598.15,21.279,16.97
120,20.932,331.2,6.274,27.488
1200,2.6265,784.32,0.0,57.15
1201,0.94344,76.2,43.779,-36.735
1202,0.19052,964.15,12.717,-55.717
1203,1.7487,1139.3,12.717,55.717
1204,0.30877,-1188.2,0.0,-57.15
1205,2.7495,1114.0,0.0,57.15
1206,0.50625,1189.5,0.0,57.15
1207,1.3106,518.55,23.49,48.778
1208,0.026511,-247.52,0.0,57.15
1209,1.6198,764.68,12.382,54.25
121,26.308,974.43,6.709,29.394
1210,0.2962,519.49,0.0,57.15
1211,0.48724,447.93,0.0,-57.15
1212,2.7582,694.38,12.047,52.783
1213,0.38179,983.61,0.0,-57.15
1214,0.046748,1759.3,0.0,-57.15
1215,0.24336,1098.4,12.717,-55.717
1216,1.7487,656.5,0.0,57.15
1217,0.092542,23.9,0.0,-114.3
1218,1.0768,691.47,23.49,48.778
1219,0.051564,1006.0,0.0,-57.15
122,1.0347,-1693.3,20.324,16.208
1220,0.055855,781.69,0.0,-57.15
1221,0.28234,118.01,0.0,57.15
1222,1.7543,487.19,11.712,51.315
1223,0.027583,1249.2,0.0,57.15
1224,0.00088879,153.72,0.0,57.15
1225,0.076067,1156.7,0.0,-57.15
1226,2.2423,101.6,0.0,-57.15
1227,0.0083636,-44.5,0.0,-136.55
1228,1.3859,101.6,0.0,-57.15
1229,1.8857,101.6,0.0,-57.15
123,4.987,-949.23,6.4008,28.044
1230,0.0344,2033.4,0.0,-57.15
1231,0.091244,-1281.7,0.0,57.15
1232,0.39592,76.2,0.0,-57.15
1233,0.45814,942.42,0.0,-57.15
1234,0.22176,-470.55,0.0,-57.15
1235,0.322,76.2,0.0,-57.15
1236,0.15357,2009.6,0.0,57.15
1237,0.30122,850.42,12.717,55.717
1238,1.8388,338.87,0.0,57.15
1239,0.87977,-860.36,0.0,57.15
124,1.8157,729.58,6.4008,28.044
1240,0.18011,599.76,0.0,57.15
1241,0.15694,-277.36,0.0,-57.15
1242,0.049279,2661.4,0.0,-57.15
1243,0.31132,2100.2,0.0,-57.15
1244,2.9329,101.6,0.0,-57.15
1245,0.24004,-775.17,0.0,-57.15
1246,0.80201,-954.72,0.0,-57.15
1247,0.11115,1664.5,0.0,-57.15
1248,0.042009,23.9,0.0,-114.3
1249,0.035535,-426.53,0.0,-57.15
125,6.786,1162.7,0.0,30.15
1250,0.080557,1730.7,0.0,-57.15
1251,0.05182,2568.7,0.0,57.15
1252,0.72122,772.74,0.0,57.15
1253,0.08692,2228.5,0.0,-57.15
1254,1.8965,557.8,11.712,51.315
1255,0.9865,-384.35,0.0,57.15
1256,0.035991,2416.0,0.0,-57.15
1257,0.020275,-991.41,0.0,-57.15
1258,0.30611,422.67,0.0,-57.15
1259,0.21607,-44.5,0.0,-136.55
126,21.719,1085.0,25.343,5.7844
1260,0.57359,562.06,0.0,-57.15
1261,0.057239,1874.1,0.0,-57.15
1262,0.027361,76.2,0.0,-57.15
1263,0.13744,1901.4,12.717,55.717
1264,0.074762,-701.53,0.0,-57.15
1265,0.53729,1788.8,12.717,-55.717
1266,0.012398,762.15,0.0,57.15
1267,0.26625,1557.4,0.0,57.15
1268,0.097297,-1091.6,0.0,57.15
1269,0.07252,330.44,0.0,57.15
127,16.108,1094.6,0.0,30.15
1270,0.18216,933.75,0.0,57.15
1271,0.078062,-803.87,0.0,-57.15
1272,0.95685,-186.88,0.0,57.15
1273,0.013238,44.5,0.0,-136.55
1274,2.4231,405.91,0.0,-57.15
1275,0.35721,652.89,0.0,-57.15
1276,1.0779,-352.99,11.288,49.458
1277,0.061605,-555.74,0.0,-57.15
1278,2.3924,448.2,11.288,49.458
1279,0.82978,-856.55,0.0,57.15
128,0.1038,1657.8,5.7844,25.343
1280,0.32787,-357.39,0.0,57.15
1281,0.087363,-359.41,0.0,57.15
1282,0.096984,-360.54,0.0,57.15
1283,0.095933,690.96,0.0,57.15
1284,0.10913,-1845.0,11.288,49.458
1285,0.65145,1478.5,0.0,57.15
1286,1.9958,939.22,11.765,51.544
1287,0.57249,-802.37,0.0,57.15
1288,0.54575,-172.19,37.989,30.295
1289,0.22334,-101.6,0.0,-57.15
129,2.0397,595.99,12.481,25.916
1290,2.015,869.29,11.288,49.458
1291,0.35472,1826.5,0.0,-57.15
1292,0.087986,1162.4,0.0,-57.15
1293,1.5712,688.35,11.288,49.458
1294,0.060696,76.2,0.0,-57.15
1295,0.90283,-605.58,0.0,57.15
1296,1.0082,616.17,12.717,55.717
1297,0.082696,532.88,0.0,57.15
1298,0.071221,402.38,0.0,57.15
1299,0.29863,-484.41,0.0,57.15
13,8.2353,1238.7,6.4915,28.441
130,2.0495,592.39,6.4008,28.044
1300,0.35614,1856.3,0.0,57.15
1301,0.43549,-595.89,0.0,57.15
1302,0.76442,316.4,0.0,57.15
1303,0.43158,624.57,12.717,55.717
1304,1.3354,1010.5,12.717,55.717
1305,0.053158,1155.7,0.0,-57.15
1306,0.56796,1827.8,0.0,-57.15
1307,0.013159,-275.85,0.0,57.15
1308,0.19921,1504.0,12.717,-55.717
1309,0.86515,1288.2,0.0,57.15
131,3.1675,1281.3,6.709,29.394
1310,1.0659,-414.13,11.288,49.458
1311,1.9171,367.48,0.0,57.15
1312,0.14729,1788.6,11.765,51.544
1313,1.1638,-310.1,11.765,51.544
1314,0.24455,721.44,0.0,57.15
1315,0.26146,-402.23,0.0,57.15
1316,0.41963,423.51,0.0,57.15
1317,0.1422,1502.3,0.0,-57.15
1318,0.85517,1416.2,0.0,57.15
1319,0.11752,-337.96,0.0,-57.15
132,2.8764,1442.3,0.0,30.15
1320,0.21931,-101.6,0.0,-57.15
1321,0.51833,928.32,0.0,-57.15
1322,0.034698,1712.9,0.0,-57.15
1323,0.12085,2011.4,12.717,-55.717
1324,0.14596,452.86,0.0,-57.15
1325,0.57552,-38.1,0.0,-57.15
1326,0.084016,-94.46,0.0,57.15
1327,1.298,769.53,12.241,53.631
1328,0.21885,2043.5,0.0,57.15
1329,0.37025,-308.21,0.0,57.15
133,1.3301,1716.2,6.4008,28.044
1330,1.0092,-533.65,22.011,45.706
1331,0.84974,-748.46,0.0,57.15
1332,0.7171,101.6,0.0,57.15
1333,0.040222,-644.82,0.0,-57.15
1334,0.60314,-1027.9,0.0,57.15
1335,0.30291,1341.6,0.0,-57.15
1336,0.04431,2653.3,0.0,-57.15
1337,1.1331,629.01,22.011,45.706
1338,1.2853,271.88,11.288,49.458
1339,0.30011,1248.8,0.0,-57.15
134,1.4457,509.53,12.481,25.916
1340,0.33768,-175.01,0.0,57.15
1341,0.096221,778.61,0.0,57.15
1342,0.00083174,85.9,48.284,5.4404
1343,0.14733,-205.96,0.0,57.15
1344,0.54574,-85.9,47.372,10.812
1345,0.63933,927.31,0.0,57.15
1346,0.058287,576.31,0.0,-57.15
1347,0.066157,1008.1,0.0,-57.15
1348,0.42737,-799.48,0.0,57.15
1349,0.58191,-644.77,0.0,57.15
135,21.445,937.95,16.208,20.324
1350,0.31969,305.15,0.0,57.15
1351,0.7563,1393.8,0.0,57.15
1352,0.14574,-1527.3,12.717,55.717
1353,0.024091,361.34,0.0,-57.15
1354,0.62268,1161.2,0.0,-57.15
1355,0.10377,-1379.4,12.241,53.631
1356,1.2566,-257.84,22.939,47.634
1357,1.904,558.85,11.288,49.458
1358,0.086331,-352.14,0.0,-57.15
1359,0.033369,-590.88,0.0,57.15
136,15.271,642.34,25.343,5.7844
1360,0.20513,1358.7,0.0,57.15
1361,0.0061016,44.5,0.0,-136.55
1362,0.11657,1930.9,12.717,-55.717
1363,0.084638,2545.1,0.0,-57.15
1364,0.098026,1837.7,0.0,-57.15
1365,0.49798,101.6,0.0,-57.15
1366,0.59933,1227.4,0.0,-57.15
1367,0.1582,1340.2,0.0,-57.15
1368,0.048859,76.2,0.0,-57.15
1369,0.2183,829.68,0.0,57.15
137,1.2937,90.26,0.0,30.15
1370,0.12864,514.01,0.0,-57.15
1371,0.24478,-287.41,0.0,57.15
1372,0.31893,2047.6,0.0,57.15
1373,0.64361,-629.65,0.0,57.15
1374,0.26972,208.88,0.0,57.15
1375,1.1951,-200.93,23.868,49.562
1376,0.0038836,44.5,0.0,-136.55
1377,0.087842,-887.73,0.0,-57.15
1378,0.43453,888.9,0.0,57.15
1379,0.36244,101.6,0.0,-57.15
138,5.6412,713.43,0.0,30.15
1380,0.95252,-25.45,0.0,-136.55
1381,0.76546,182.62,0.0,57.15
1382,0.19982,2127.1,0.0,57.15
1383,1.0388,406.04,11.765,51.544
1384,0.65297,-688.28,0.0,57.15
1385,0.65469,-632.26,0.0,57.15
1386,0.38368,-778.2,0.0,57.15
1387,0.041354,103.02,0.0,57.15
1388,0.60412,1277.3,12.717,55.717
1389,0.32143,945.77,12.717,55.717
139,0.56059,2214.3,0.0,30.15
1390,0.23816,336.42,0.0,57.15
1391,0.089719,318.08,0.0,-57.15
1392,0.56406,-265.19,0.0,57.15
1393,0.10147,1676.3,12.717,55.717
1394,0.18387,-204.09,12.717,55.717
1395,0.015887,1118.4,0.0,-57.15
1396,0.1008,2165.6,12.717,55.717
1397,0.60127,931.78,0.0,57.15
1398,0.020414,-76.2,0.0,-57.15
1399,0.245,508.11,12.717,55.717
14,32.289,428.77,6.0565,26.535
140,0.5631,-1131.6,6.709,29.394
1400,0.31926,1620.3,12.717,55.717
1401,0.083566,813.59,0.0,57.15
1402,0.073388,-496.84,0.0,57.15
1403,0.071943,1155.9,0.0,57.15
1404,0.87103,-131.31,0.0,57.15
1405,0.25444,2034.3,12.717,55.717
1406,1.66,566.75,0.0,57.15
1407,0.27372,101.6,-57.15,0.0
1408,0.63894,595.6,0.0,57.15
1409,0.030575,2543.1,0.0,-57.15
141,1.1329,-821.64,12.481,25.916
1410,1.3586,406.31,19.225,39.922
1411,0.0070984,1878.4,0.0,-57.15
1412,0.10788,-1583.2,11.765,51.544
1413,0.22896,1462.8,12.717,55.717
1414,0.8576,-202.88,0.0,57.15
1415,0.58351,-345.44,0.0,57.15
1416,0.22897,-695.47,12.717,55.717
1417,0.68137,85.9,0.0,57.15
1418,0.52131,-246.16,0.0,57.15
1419,0.23288,-254.87,0.0,57.15
142,1.1844,2512.7,5.7844,25.343
1420,0.44424,390.89,0.0,57.15
1421,1.3211,941.7,21.082,43.778
1422,0.32501,-285.4,0.0,57.15
1423,0.035189,-149.74,0.0,57.15
1424,0.24684,1975.4,0.0,57.15
1425,1.12,-101.6,-21.87,52.8
1426,0.19639,76.2,28.575,-49.493
1427,0.0030089,76.2,0.0,-57.15
1428,0.02869,714.95,0.0,-57.15
1429,0.31583,962.74,0.0,57.15
143,1.5412,1789.6,17.071,21.407
1430,0.26719,459.6,0.0,57.15
1431,1.28,509.7,11.765,51.544
1432,0.14277,2185.5,12.717,55.717
1433,0.65642,1052.7,0.0,57.15
1434,0.018125,523.11,0.0,57.15
1435,0.40301,1793.2,0.0,57.15
1436,0.13502,668.34,12.717,55.717
1437,0.00038983,44.5,0.0,-136.55
1438,0.54999,1354.2,0.0,57.15
1439,0.0044629,-44.5,0.0,-136.55
144,16.227,382.74,16.208,20.324
1440,0.54974,-592.99,0.0,57.15
1441,0.3989,-184.41,0.0,70.65
1442,0.1431,995.72,0.0,70.65
1443,0.81081,1152.5,0.0,70.65
1444,0.097576,-1737.0,0.0,70.65
1445,1.4339,441.58,14.628,64.089
1446,0.045443,1985.8,0.0,-70.65
1447,1.0252,-105.15,68.879,15.721
1448,0.43741,98.6,0.0,-70.65
1449,1.0199,98.6,70.65,0.0
145,9.2175,1200.7,6.709,29.394
1450,0.44411,907.02,0.0,-70.65
1451,0.047269,1144.0,0.0,-70.65
1452,1.1837,114.3,0.0,-70.65
1453,0.062978,-458.92,0.0,-70.65
1454,0.26472,114.3,0.0,-70.65
1455,0.27913,-937.29,15.721,-68.879
1456,0.11102,1735.0,0.0,70.65
1457,0.06169,770.46,0.0,70.65
1458,0.93513,-327.81,0.0,70.65
1459,0.029334,1687.0,0.0,70.65
146,0.35505,310.2,0.0,30.15
1460,0.41881,-190.97,0.0,70.65
1461,0.64217,610.08,0.0,-70.65
1462,0.0014223,-101.22,63.999,3.5941
1463,0.058506,35.1,0.0,-139.7
1464,0.01213,-762.86,0.0,-70.65
1465,0.0079318,1586.0,0.0,-70.65
1466,0.53838,608.85,0.0,-70.65
1467,0.73976,794.76,0.0,-70.65
1468,0.016112,50.9,0.0,-165.1
1469,0.02685,114.3,58.743,39.251
147,0.77936,-431.06,0.0,30.15
1470,0.079218,643.1,0.0,-70.65
1471,0.97311,689.82,0.0,70.65
1472,0.020109,-381.05,0.0,70.65
1473,0.25425,-899.69,0.0,70.65
1474,0.52546,797.27,0.0,70.65
1475,0.06717,2096.7,0.0,70.65
1476,0.047005,999.64,0.0,-70.65
1477,0.014133,-35.1,0.0,-139.7
1478,0.14137,98.6,0.0,-70.65
1479,0.3601,-508.21,0.0,-70.65
148,7.6553,867.81,0.0,30.15
1480,0.1339,531.07,15.721,-68.879
1481,0.081654,1228.2,0.0,-70.65
1482,0.12337,-1191.7,0.0,-70.65
1483,1.0766,334.41,28.522,59.227
1484,0.1177,1938.4,0.0,-70.65
1485,0.32745,706.43,0.0,-70.65
1486,0.19245,641.96,0.0,70.65
1487,0.0029796,-121.36,0.0,70.65
1488,0.3578,1479.4,15.721,68.879
1489,0.21879,185.68,0.0,70.65
149,9.5036,-223.43,0.0,30.15
1490,0.17378,2070.3,15.721,68.879
1491,0.090124,-346.41,0.0,-70.65
1492,0.36265,98.6,0.0,-70.65
1493,0.10841,438.58,0.0,-70.65
1494,0.15925,483.88,0.0,-70.65
1495,0.0086445,35.1,0.0,-139.7
1496,0.021531,1244.3,0.0,-70.65
1497,0.27483,1246.5,0.0,-70.65
1498,0.031979,2121.4,0.0,-70.65
1499,0.018801,770.01,0.0,-70.65
15,9.7253,1092.2,0.0,30.15
150,4.435,1162.0,0.0,30.15
1500,0.050318,2322.7,0.0,-70.65
1501,0.25447,1476.5,0.0,70.65
1502,0.13088,1580.3,15.721,68.879
1503,0.63024,904.83,0.0,70.65
1504,0.49203,-606.83,0.0,70.65
1505,0.070631,2062.7,0.0,70.65
1506,0.35144,670.46,0.0,-70.65
1507,0.049269,2334.1,0.0,-70.65
1508,0.074353,337.37,0.0,-70.65
1509,0.86788,98.6,0.0,-70.65
151,0.71516,1040.7,0.0,30.15
1510,0.03173,-35.1,0.0,-139.7
1511,1.042,666.79,15.357,67.282
1512,0.20687,50.9,0.0,-165.1
1513,0.12062,2251.5,0.0,-70.65
1514,0.85458,627.97,0.0,-70.65
1515,0.043284,-50.9,0.0,-165.1
1516,0.16433,1815.0,0.0,70.65
1517,0.28397,-832.59,15.721,68.879
1518,0.015956,2044.2,0.0,-70.65
1519,0.025157,396.16,0.0,70.65
152,0.61019,359.85,0.0,30.15
1520,1.252,310.81,14.628,64.089
1521,0.015713,778.64,0.0,-70.65
1522,0.55828,678.24,0.0,-70.65
1523,0.024009,-927.09,0.0,-70.65
1524,0.083782,-918.66,0.0,-70.65
1525,0.11273,1746.1,15.357,-67.282
1526,0.0065272,-50.9,0.0,-165.1
1527,0.14895,-1185.0,0.0,-70.65
1528,0.66398,-503.87,0.0,70.65
1529,0.027148,-958.64,0.0,-70.65
153,0.6232,695.81,0.0,30.15
1530,0.54657,1091.9,0.0,-70.65
1531,0.14927,-800.88,15.721,68.879
1532,0.027981,-1093.1,0.0,70.65
1533,0.85946,170.93,0.0,70.65
1534,0.28576,-514.72,0.0,70.65
1535,0.43548,-284.27,0.0,70.65
1536,0.18422,-389.86,0.0,-70.65
1537,0.40192,-869.31,0.0,-70.65
1538,0.31693,-782.53,0.0,-70.65
1539,0.39157,98.6,0.0,-70.65
154,0.34864,1773.5,0.0,30.15
1540,0.50024,-35.1,0.0,-139.7
1541,1.1061,850.03,14.628,64.089
1542,0.54779,1180.6,0.0,-70.65
1543,0.46405,374.28,0.0,70.65
1544,0.15188,-1408.4,0.0,70.65
1545,1.214,114.3,0.0,-70.65
1546,0.16972,152.91,0.0,70.65
1547,0.12989,687.32,0.0,70.65
1548,0.011024,150.37,0.0,70.65
1549,0.16102,-1377.5,14.992,65.686
155,3.309,1369.6,6.0926,26.694
1550,0.56835,787.08,0.0,70.65
1551,0.80086,1164.0,0.0,-70.65
1552,0.22759,-816.78,0.0,-70.65
1553,0.052824,-35.1,0.0,-139.7
1554,1.1846,953.35,29.943,62.178
1555,0.25257,374.71,0.0,-70.65
1556,0.91279,439.03,0.0,70.65
1557,0.15895,1720.0,15.721,-68.879
1558,0.87592,114.3,0.0,-70.65
1559,0.87774,593.72,0.0,-70.65
156,8.0911,1652.8,6.0926,26.694
1560,0.30341,50.9,0.0,-165.1
1561,0.088387,-1037.2,0.0,70.65
1562,0.054665,283.49,0.0,70.65
1563,0.67859,517.94,0.0,70.65
1564,0.062374,2325.7,0.0,70.65
1565,0.015732,-606.37,0.0,70.65
1566,0.17638,98.6,0.0,-70.65
1567,0.40666,98.6,0.0,70.65
1568,0.17213,1384.8,0.0,70.65
1569,0.11223,945.24,15.721,-68.879
157,10.779,481.22,20.324,16.208
1570,0.066058,-1039.2,0.0,-70.65
1571,0.14531,1670.6,15.721,-68.879
1572,0.25021,708.91,0.0,-70.65
1573,0.21671,339.34,0.0,70.65
1574,0.084886,457.01,0.0,-70.65
1575,0.42317,-773.35,0.0,70.65
1576,0.03959,-1169.5,0.0,70.65
1577,0.018511,-252.14,0.0,70.65
1578,0.013101,189.23,0.0,70.65
1579,0.063883,1196.8,0.0,70.65
158,1.8133,707.83,5.7844,25.343
1580,0.075631,699.32,0.0,70.65
1581,0.004164,35.1,0.0,-139.7
1582,0.34601,355.87,0.0,70.65
1583,1.2289,673.58,27.553,57.214
1584,0.49515,524.03,0.0,70.65
1585,0.14866,-409.12,15.721,-68.879
1586,0.74038,618.02,0.0,70.65
1587,0.057589,436.76,0.0,-70.65
1588,0.16101,1177.0,15.721,-68.879
1589,0.23246,945.18,0.0,-70.65
159,0.62804,-228.57,0.0,30.15
1590,0.049213,50.9,0.0,-165.1
1591,0.17626,-865.69,15.721,68.879
1592,0.10473,1376.5,14.661,64.233
1593,0.049237,-730.08,0.0,70.65
1594,0.04072,2423.2,0.0,70.65
1595,0.76067,770.99,0.0,70.65
1596,0.26285,98.6,0.0,-70.65
1597,0.47635,445.12,0.0,70.65
1598,0.034306,852.32,0.0,-70.65
1599,0.46382,-373.18,0.0,70.65
16,0.59216,-665.31,0.0,30.15
160,4.5603,382.45,6.709,29.394
1600,0.033778,-1433.7,0.0,-70.65
1601,0.016023,-784.1,0.0,-70.65
1602,0.17423,-939.32,0.0,-70.65
1603,0.075141,1946.5,0.0,-70.65
1604,0.079769,50.9,0.0,-165.1
1605,0.13289,114.3,0.0,-70.65
1606,0.041001,1734.0,0.0,70.65
1607,0.17818,613.03,15.721,68.879
1608,0.95648,377.71,0.0,70.65
1609,0.26013,-747.31,0.0,70.65
161,0.40839,834.81,0.0,30.15
1610,0.099575,326.94,0.0,70.65
1611,0.8203,502.16,0.0,70.65
1612,0.054144,1134.9,0.0,-70.65
1613,0.66141,1029.7,15.721,68.879
1614,0.23209,98.6,0.0,-70.65
1615,0.08539,-691.24,0.0,-70.65
1616,0.013391,1667.8,0.0,-70.65
1617,0.14429,527.81,15.191,-66.556
1618,0.012422,642.79,0.0,-70.65
1619,0.039206,-759.54,0.0,-70.65
162,0.13986,531.28,6.709,29.394
1620,0.67065,1153.9,0.0,70.65
1621,0.26221,-1032.0,0.0,70.65
1622,0.097303,178.4,0.0,70.65
1623,0.0034735,213.47,0.0,-70.65
1624,0.76533,1310.6,0.0,70.65
1625,0.14408,-748.17,0.0,70.65
1626,0.047449,-1512.6,0.0,70.65
1627,0.10198,-436.07,0.0,70.65
1628,0.061499,-1182.0,0.0,-70.65
1629,0.25694,1741.9,0.0,-70.65
163,1.8211,1109.0,0.0,30.15
1630,0.067004,-216.7,47.786,38.108
1631,0.0028653,50.9,0.0,-165.1
1632,0.53913,1025.3,0.0,-70.65
1633,0.058224,-1573.0,0.0,-70.65
1634,0.39107,291.39,0.0,70.65
1635,0.22623,1687.6,15.721,-68.879
1636,0.025165,454.12,0.0,70.65
1637,0.33715,1298.9,15.721,68.879
1638,0.7108,350.41,0.0,70.65
1639,0.13014,-721.14,15.721,68.879
164,21.524,661.41,23.421,11.279
1640,0.29702,-435.03,0.0,70.65
1641,0.1226,642.5,15.191,-66.556
1642,0.029414,574.05,0.0,-70.65
1643,0.21893,647.81,0.0,-70.65
1644,0.48442,-209.58,0.0,70.65
1645,0.80364,884.34,0.0,70.65
1646,0.17766,255.51,0.0,-70.65
1647,0.033225,50.9,0.0,-165.1
1648,0.12115,-502.37,0.0,-70.65
1649,0.13236,-683.55,15.721,-68.879
165,0.18569,1825.0,5.7844,25.343
1650,0.065141,2275.6,0.0,-70.65
1651,0.011249,756.36,0.0,70.65
1652,0.061123,-204.08,0.0,70.65
1653,0.21355,-138.12,0.0,70.65
1654,0.10539,180.6,0.0,70.65
1655,0.036652,157.0,0.0,70.65
1656,0.23306,-1004.2,15.721,68.879
1657,0.83175,1086.1,0.0,70.65
1658,0.1639,-98.6,0.0,-70.65
1659,0.19988,2013.3,15.191,66.556
166,6.0353,494.27,0.0,30.15
1660,0.5132,299.16,0.0,70.65
1661,0.13901,-114.3,0.0,-70.65
1662,0.46263,720.54,0.0,70.65
1663,0.18125,396.8,0.0,70.65
1664,1.1701,692.51,14.131,61.91
1665,0.24617,623.28,0.0,-70.65
1666,0.0092748,88.9,60.911,5.0472
1667,0.41827,486.65,0.0,70.65
1668,0.10301,-1559.7,0.0,70.65
1669,0.20575,-348.18,15.721,68.879
167,17.705,-69.04,30.15,0.0
1670,0.54603,442.66,0.0,70.65
1671,0.66358,644.43,0.0,70.65
1672,0.0026103,35.1,0.0,-139.7
1673,0.1737,1140.2,0.0,-70.65
1674,0.2571,669.51,0.0,-70.65
1675,0.21165,-1164.7,0.0,-70.65
1676,1.262,510.43,14.131,61.91
1677,0.15628,724.06,15.721,-68.879
1678,0.1898,327.05,0.0,70.65
1679,0.32057,1073.3,0.0,-70.65
168,5.8447,1795.6,0.0,30.15
1680,0.059367,2074.2,0.0,-70.65
1681,0.054385,-647.05,0.0,70.65
1682,0.14877,941.05,15.721,68.879
1683,0.024062,531.64,0.0,70.65
1684,0.13031,611.01,15.721,68.879
1685,0.025955,1033.8,0.0,70.65
1686,0.017868,1072.1,0.0,70.65
1687,0.016765,98.6,0.0,-70.65
1688,0.12435,98.6,0.0,70.65
1689,0.087391,-789.64,0.0,70.65
169,2.4731,1889.3,0.0,30.15
1690,0.0083706,526.7,0.0,-70.65
1691,0.033226,414.66,0.0,70.65
1692,0.44843,931.65,0.0,70.65
1693,0.21805,-749.39,15.721,68.879
1694,0.14078,-234.07,0.0,70.65
1695,0.15499,-770.81,15.721,68.879
1696,0.022372,-1696.3,0.0,70.65
1697,0.033958,1966.8,0.0,70.65
1698,0.46224,-229.8,0.0,70.65
1699,0.038212,-1020.0,0.0,70.65
17,1.6209,-578.81,0.0,30.15
170,1.7982,1726.5,11.279,23.421
1700,0.15309,569.28,15.721,68.879
1701,0.013081,-641.86,0.0,70.65
1702,0.0819,-1171.7,0.0,70.65
1703,0.37733,18.3,0.0,139.7
1704,0.24797,942.8,0.0,70.65
1705,0.0051909,98.6,0.0,-70.65
1706,0.050773,1661.1,0.0,-70.65
1707,0.62475,812.26,0.0,70.65
1708,0.014663,1069.0,0.0,-70.65
1709,0.0088842,727.76,0.0,-70.65
171,3.9881,-304.12,6.709,29.394
1710,0.40594,-114.3,-39.251,58.743
1711,0.50022,1010.3,15.721,68.879
1712,0.10923,-1339.9,0.0,70.65
1713,0.03483,-524.62,0.0,70.65
1714,0.083632,1439.9,0.0,70.65
1715,0.053846,-1101.9,0.0,70.65
1716,0.16423,-98.6,-49.957,49.957
1717,0.1864,709.36,15.721,68.879
1718,0.18391,-1053.9,0.0,70.65
1719,0.0010347,35.1,0.0,-139.7
172,0.85999,250.74,0.0,30.15
1720,0.26292,1577.2,0.0,70.65
1721,0.23257,270.01,0.0,70.65
1722,0.26766,608.55,0.0,70.65
1723,0.12368,-503.0,15.721,68.879
1724,0.0033229,2000.5,0.0,-70.65
1725,0.35439,702.4,0.0,70.65
1726,0.13198,762.57,15.721,68.879
1727,0.0012654,-23.9,19.867,125.44
1728,0.028825,1087.2,0.0,70.65
1729,0.007963,1960.1,0.0,-70.65
173,5.0016,1847.2,6.4008,28.044
1730,0.004485,632.35,0.0,70.65
1731,0.0067035,-98.6,0.0,-70.65
1732,0.11228,1513.4,15.721,68.879
1733,0.037349,478.04,0.0,-70.65
1734,0.077174,1373.6,0.0,70.65
1735,0.55748,393.85,0.0,70.65
1736,0.024844,-1186.7,0.0,-70.65
1737,0.059113,114.3,0.0,-70.65
1738,0.32893,114.3,0.0,70.65
1739,0.17546,1513.4,15.721,68.879
174,1.8459,769.9,6.709,29.394
1740,0.15293,-312.16,0.0,70.65
1741,0.0056282,2186.3,0.0,84.15
1742,0.62393,1079.2,0.0,84.15
1743,0.47064,1113.1,0.0,84.15
1744,0.085987,-1591.3,0.0,84.15
1745,0.50875,-88.9,84.15,0.0
1746,0.067308,-1583.6,0.0,84.15
1747,0.015713,-1003.3,0.0,84.15
1748,0.001426,-90.383,77.04,0.0
1749,0.086448,340.41,0.0,84.15
175,8.8625,-376.55,0.0,30.15
1750,0.010568,-98.6,77.04,0.0
1751,0.098681,-687.69,0.0,-84.15
1752,0.07603,-1230.7,0.0,-84.15
1753,0.71437,358.01,0.0,84.15
1754,0.21906,525.93,0.0,-84.15
1755,0.46617,947.48,0.0,-84.15
1756,0.12495,-331.15,0.0,84.15
1757,0.061491,-1032.8,0.0,84.15
1758,0.11615,861.76,18.725,82.04
1759,0.023845,456.61,0.0,84.15
176,12.787,213.08,20.324,16.208
1760,0.047152,2028.3,0.0,84.15
1761,0.82027,543.63,0.0,84.15
1762,0.014414,1226.0,0.0,84.15
1763,0.14213,-1128.2,18.33,80.307
1764,0.15109,98.6,76.841,17.539
1765,0.2144,1344.9,18.33,80.307
1766,0.30829,488.58,0.0,-84.15
1767,0.23896,117.3,0.0,-84.15
1768,0.0099863,2147.5,0.0,-84.15
1769,0.0007232,-331.22,69.411,33.426
177,1.7917,1320.6,6.0926,26.694
1770,0.010408,54.2,0.0,-177.8
1771,0.36933,-579.5,0.0,84.15
1772,0.002375,708.96,0.0,84.15
1773,0.72395,327.22,0.0,84.15
1774,0.025932,2431.5,0.0,84.15
1775,0.10835,1142.8,18.33,80.307
1776,0.1725,398.06,0.0,84.15
1777,0.018406,100.02,76.919,4.3197
1778,0.01852,-775.63,0.0,84.15
1779,0.0088647,168.78,0.0,-84.15
178,8.0374,893.31,6.709,29.394
1780,0.3612,286.11,0.0,84.15
1781,0.59239,-120.14,75.108,17.143
1782,0.13998,1248.9,18.725,-82.04
1783,0.30806,-604.25,0.0,-84.15
1784,0.13309,117.3,0.0,-84.15
1785,0.093682,449.62,0.0,-84.15
1786,0.00035119,-162.51,48.034,-60.232
1787,0.0032067,400.53,0.0,84.15
1788,0.17661,1654.6,0.0,84.15
1789,0.27452,1134.8,0.0,84.15
179,8.1474,-217.29,0.0,30.15
1790,0.43401,717.48,0.0,84.15
1791,0.34301,-591.03,0.0,84.15
1792,0.049574,-973.4,0.0,84.15
1793,0.031849,2482.9,0.0,84.15
1794,0.043293,-1602.8,0.0,84.15
1795,0.022736,-98.6,77.04,0.0
1796,0.01309,54.2,0.0,-177.8
1797,0.12949,648.99,0.0,-84.15
1798,0.15592,816.73,0.0,-84.15
1799,0.0095884,54.2,0.0,-177.8
18,14.699,711.18,6.0565,26.535
180,3.2916,1965.8,5.7844,25.343
1800,0.13356,1369.9,0.0,-84.15
1801,0.65887,684.7,0.0,84.15
1802,0.016957,160.9,0.0,-84.15
1803,0.017696,-88.9,82.872,-14.612
1804,0.020595,1789.4,0.0,84.15
1805,0.1391,-791.46,0.0,84.15
1806,0.22379,98.6,75.108,17.143
1807,0.0076511,-167.07,0.0,-84.15
1808,0.028354,2366.9,0.0,84.15
1809,0.026774,-98.6,77.04,0.0
181,0.51341,1287.9,0.0,30.15
1810,0.003579,-322.85,0.0,84.15
1811,0.0093252,54.2,0.0,-177.8
1812,0.0064099,54.2,0.0,-177.8
1813,0.35814,117.3,0.0,-84.15
1814,0.40997,610.8,0.0,-84.15
1815,0.017355,54.2,0.0,-177.8
1816,0.0024063,-96.01,74.029,-21.327
1817,0.12075,951.39,0.0,84.15
1818,0.076124,1553.4,0.0,84.15
1819,0.29588,-734.6,0.0,84.15
182,6.6125,-748.35,6.709,29.394
1820,0.0037171,-264.08,0.0,-77.04
1821,0.22882,-494.4,0.0,84.15
1822,0.27849,-408.09,0.0,84.15
1823,0.027139,-973.28,0.0,84.15
1824,0.05545,-1073.8,0.0,84.15
1825,0.010003,2743.8,0.0,84.15
1826,0.18397,853.33,18.725,-82.04
1827,0.13742,54.2,0.0,-177.8
1828,0.15179,117.3,0.0,-84.15
1829,0.35609,950.52,0.0,-84.15
183,3.6208,-909.03,6.0926,26.694
1830,0.0071503,-984.31,0.0,-84.15
1831,0.00518,-514.7,0.0,-84.15
1832,0.36766,573.25,0.0,84.15
1833,0.1193,-874.12,18.725,82.04
1834,0.052037,-984.76,0.0,-84.15
1835,0.6026,943.38,0.0,84.15
1836,0.26019,1355.2,0.0,84.15
1837,0.00051313,139.88,0.0,84.15
1838,0.21132,-577.56,18.725,82.04
1839,0.25161,-128.82,0.0,84.15
184,3.8919,2182.9,5.7844,25.343
1840,0.40026,937.57,0.0,84.15
1841,0.23664,1098.4,18.725,-82.04
1842,0.0013242,-302.2,69.411,33.426
1843,0.18119,1400.1,0.0,-84.15
1844,0.3157,117.3,0.0,-84.15
1845,0.0089693,-54.2,0.0,-177.8
1846,0.01653,1180.7,0.0,84.15
1847,0.21433,596.22,0.0,84.15
1848,0.23734,-924.36,0.0,84.15
1849,0.0094334,-88.9,82.872,-14.612
185,7.7723,-137.74,6.709,29.394
1850,0.3973,707.06,0.0,84.15
1851,0.08139,162.37,0.0,84.15
1852,0.17119,400.69,0.0,84.15
1853,0.13274,98.6,75.108,17.143
1854,0.64076,318.28,0.0,84.15
1855,0.036971,-1327.9,0.0,84.15
1856,0.1559,-693.81,0.0,-84.15
1857,0.021978,54.2,0.0,-177.8
1858,0.2127,-54.2,0.0,-177.8
1859,0.04133,-908.49,0.0,-84.15
186,1.1062,1648.0,6.709,29.394
1860,0.039305,1633.5,0.0,-84.15
1861,0.031708,552.19,0.0,84.15
1862,0.037048,-540.25,0.0,-84.15
1863,0.13762,-270.11,18.115,79.366
1864,0.019164,1484.7,0.0,84.15
1865,0.044033,-1286.7,0.0,84.15
1866,0.015363,-284.09,0.0,84.15
1867,0.039011,-1741.0,0.0,84.15
1868,0.16122,167.04,0.0,84.15
1869,0.11087,-540.81,0.0,84.15
187,3.6174,-1276.2,0.0,30.15
1870,0.069517,659.56,0.0,84.15
1871,0.044634,1696.5,0.0,-84.15
1872,0.085539,1077.9,0.0,-84.15
1873,0.022133,-54.2,0.0,-177.8
1874,0.12397,1953.7,0.0,84.15
1875,0.037606,117.3,0.0,-84.15
1876,0.010877,2500.3,18.725,82.04
1877,0.022341,765.21,0.0,84.15
1878,0.044946,1180.6,0.0,84.15
1879,0.092301,-910.09,0.0,84.15
188,0.48195,1905.7,0.0,30.15
1880,0.19634,527.52,0.0,84.15
1881,0.029573,-135.21,0.0,84.15
1882,0.13705,98.6,74.019,16.894
1883,0.046682,-1120.2,0.0,84.15
1884,0.057427,-36.6,0.0,158.75
1885,0.024115,2413.3,0.0,84.15
1886,0.062766,-603.05,0.0,-84.15
1887,0.16129,-514.97,0.0,-84.15
1888,0.26567,619.81,0.0,-84.15
1889,0.18487,1075.9,18.725,-82.04
189,6.1023,866.21,6.0926,26.694
1890,0.0035684,54.2,0.0,-177.8
1891,0.072746,1357.2,0.0,84.15
1892,0.13398,-1118.4,0.0,84.15
1893,0.0086422,-562.07,0.0,-84.15
1894,0.24899,-399.95,0.0,84.15
1895,0.041263,-1013.2,0.0,-84.15
1896,0.017678,2353.3,0.0,84.15
1897,0.088648,453.18,0.0,84.15
1898,0.041921,182.6,0.0,84.15
1899,0.062643,-937.49,0.0,84.15
19,8.4374,-1071.4,0.0,30.15
190,6.2411,1089.0,6.4008,28.044
1900,0.16284,628.48,0.0,84.15
1901,0.083907,117.3,0.0,-84.15
1902,0.040571,695.88,0.0,-84.15
1903,0.40511,117.3,0.0,-84.15
1904,0.022845,117.3,0.0,-84.15
1905,0.010176,2176.1,18.725,-82.04
1906,0.11749,554.31,18.725,82.04
1907,0.038175,867.05,0.0,84.15
1908,0.054555,-611.37,0.0,-84.15
1909,0.029851,-1176.2,0.0,-84.15
191,2.3706,2076.3,11.279,23.421
1910,0.43683,503.33,0.0,84.15
1911,0.25404,131.43,0.0,84.15
1912,0.26373,-511.28,0.0,84.15
1913,0.019608,-797.27,0.0,84.15
1914,0.0013871,-472.98,0.0,84.15
1915,0.0038978,2198.5,0.0,84.15
1916,0.12649,826.62,0.0,-84.15
1917,0.18192,117.3,0.0,-84.15
1918,0.1369,944.64,0.0,-84.15
1919,0.084151,54.2,0.0,-177.8
192,2.3371,1710.4,0.0,30.15
1920,0.013013,117.3,0.0,-84.15
1921,0.44925,1024.8,0.0,84.15
1922,0.27699,-183.76,18.725,82.04
1923,0.45541,233.31,18.725,82.04
1924,0.13894,782.63,18.725,82.04
1925,0.15357,584.63,18.725,82.04
1926,0.0013477,508.27,0.0,84.15
1927,0.0055804,2574.9,0.0,84.15
1928,0.074638,228.21,0.0,84.15
1929,0.10332,908.68,0.0,84.15
193,0.42058,881.32,0.0,30.15
1930,0.014324,-98.6,71.345,16.284
1931,0.030543,2269.1,0.0,-84.15
1932,0.3311,431.5,0.0,84.15
1933,0.009617,-54.2,0.0,-177.8
1934,0.039558,-1021.7,0.0,-84.15
1935,0.19657,562.05,0.0,84.15
1936,0.038351,1651.3,0.0,-84.15
1937,0.18842,634.68,0.0,84.15
1938,0.26046,906.1,18.725,82.04
1939,0.37357,99.87,0.0,84.15
194,27.121,648.15,20.324,16.208
1940,0.28639,992.49,0.0,84.15
1941,0.011128,-459.89,0.0,84.15
1942,0.46405,428.65,0.0,84.15
1943,0.25844,710.59,0.0,84.15
1944,0.030504,979.62,0.0,84.15
1945,0.0024817,-736.57,0.0,84.15
1946,0.063271,-919.43,0.0,-84.15
1947,0.27101,756.61,0.0,-84.15
1948,0.0044047,54.2,0.0,-177.8
1949,0.021237,577.95,0.0,-84.15
195,1.7878,-1780.2,11.279,23.421
1950,0.15419,-502.43,0.0,-84.15
1951,0.064193,1408.6,0.0,84.15
1952,0.31042,-427.12,0.0,84.15
1953,0.061074,-96.579,67.61,-28.005
1954,0.14146,1825.0,18.725,82.04
1955,0.00042103,349.05,0.0,84.15
1956,0.18303,968.72,0.0,84.15
1957,0.28836,816.65,0.0,84.15
1958,0.092388,-802.86,0.0,84.15
1959,0.55537,717.78,0.0,84.15
196,11.902,799.24,25.343,5.7844
1960,0.033243,-98.6,73.18,0.0
1961,0.35073,117.3,0.0,-84.15
1962,0.13612,-54.2,0.0,-177.8
1963,0.13679,1054.9,18.115,-79.366
1964,0.25413,-117.3,0.0,-84.15
1965,0.21429,1094.5,0.0,84.15
1966,0.025232,2243.2,0.0,84.15
1967,0.064095,561.16,0.0,84.15
1968,0.40235,779.31,0.0,84.15
1969,0.0268,238.88,0.0,-84.15
197,4.1018,1585.0,6.0926,26.694
1970,0.29269,499.66,0.0,84.15
1971,0.09236,830.34,0.0,84.15
1972,0.016879,2031.2,0.0,84.15
1973,0.044206,2075.4,0.0,84.15
1974,0.0043572,2256.8,0.0,84.15
1975,0.0043828,671.62,0.0,-84.15
1976,0.48194,314.08,0.0,84.15
1977,0.071553,1207.5,0.0,-84.15
1978,0.12911,1345.1,18.115,-79.366
1979,0.3413,689.97,0.0,84.15
198,8.6527,150.74,0.0,30.15
1980,0.13329,1544.5,18.115,-79.366
1981,0.06854,480.18,0.0,84.15
1982,0.17381,301.95,18.725,82.04
1983,0.044571,1854.6,0.0,84.15
1984,0.024327,-1078.3,0.0,84.15
1985,0.0080218,-88.9,64.463,54.091
1986,0.064245,652.45,0.0,84.15
1987,0.051261,1328.0,0.0,84.15
1988,0.034789,-1539.2,0.0,84.15
1989,0.00066399,600.6,0.0,84.15
199,14.244,116.01,6.4008,28.044
1990,0.052078,2240.7,0.0,84.15
1991,0.1746,1258.2,18.725,82.04
1992,0.08019,996.19,0.0,-84.15
1993,0.095566,946.07,0.0,-84.15
1994,0.031127,1501.5,0.0,-84.15
1995,0.00348,1007.3,0.0,-84.15
1996,0.0041413,2350.0,0.0,84.15
1997,0.002321,-207.22,0.0,-84.15
1998,0.06784,-535.3,0.0,84.15
1999,0.039254,-209.14,0.0,-84.15
2,25.476,887.44,6.274,27.488
20,4.2949,-433.39,6.4915,28.441
200,13.438,1326.7,25.343,5.7844
2000,0.050504,-333.72,0.0,84.15
2001,0.0062919,-198.74,0.0,84.15
2002,0.19703,486.49,18.725,82.04
2003,0.14216,-120.55,0.0,84.15
2004,0.14074,-120.55,0.0,84.15
2005,0.042776,1007.8,0.0,84.15
2006,0.043716,-1147.6,0.0,-84.15
2007,0.027813,2071.3,0.0,-84.15
2008,0.0051637,1904.1,0.0,-84.15
2009,0.23342,725.86,18.725,82.04
201,7.0216,-302.02,6.4008,28.044
2010,0.14642,117.3,0.0,-84.15
2011,0.060001,1205.4,0.0,84.15
2012,0.061142,-264.19,0.0,84.15
2013,0.16005,-605.69,18.725,82.04
2014,0.00088371,-188.15,0.0,-84.15
2015,0.032539,-375.91,0.0,-84.15
2016,0.0055359,409.04,0.0,84.15
2017,0.11618,-398.91,0.0,84.15
2018,0.073229,-734.36,0.0,-84.15
2019,0.0075962,1.5,13.836,158.15
202,12.662,-348.93,11.279,23.421
2020,0.019779,253.34,0.0,84.15
2021,0.00064264,54.2,0.0,-177.8
2022,0.019446,-1298.3,0.0,-84.15
2023,0.25186,117.3,0.0,84.15
2024,0.052636,-117.3,0.0,-84.15
2025,0.0014758,54.2,0.0,-177.8
2026,0.33039,928.17,0.0,84.15
2027,0.015286,2188.8,0.0,84.15
2028,0.0049292,1654.8,0.0,84.15
2029,0.18189,1111.5,18.725,82.04
203,8.8816,-147.99,6.4008,28.044
2030,0.01024,1956.7,0.0,84.15
2031,0.031015,611.44,0.0,84.15
2032,0.12696,-197.59,0.0,84.15
2033,0.08464,1344.5,0.0,84.15
2034,0.14499,-201.23,18.725,82.04
2035,0.14082,527.57,0.0,84.15
2036,0.013511,117.3,0.0,-84.15
2037,0.027214,627.0,0.0,-84.15
2038,0.16603,-365.86,0.0,84.15
2039,0.24805,743.37,0.0,84.15
204,17.294,223.84,11.279,23.421
2040,0.011023,1026.2,0.0,-84.15
2041,0.04766,356.29,0.0,-109.55
2042,0.074219,-555.26,0.0,-109.55
2043,0.0081385,101.6,-97.408,-28.063
2044,0.012056,1661.6,0.0,109.55
2045,0.01274,1417.7,0.0,109.55
2046,0.30907,617.09,0.0,109.55
2047,0.056023,1810.6,0.0,109.55
2048,0.17334,1251.4,23.922,104.81
2049,0.10702,1122.6,0.0,109.55
205,1.2998,-1709.4,5.7844,25.343
2050,0.1117,974.7,24.377,106.8
2051,0.048495,1228.4,0.0,109.55
2052,0.062765,584.07,0.0,109.55
2053,0.019296,-133.4,-101.37,0.0
2054,0.0035506,259.52,0.0,109.55
2055,0.089581,1080.2,0.0,109.55
2056,0.065396,1198.7,0.0,109.55
2057,0.023918,2125.0,0.0,109.55
2058,0.13903,387.13,0.0,109.55
2059,0.10219,-619.8,24.377,106.8
206,1.0383,-883.3,5.7844,25.343
2060,0.065888,-1159.6,0.0,109.55
2061,0.00069685,171.34,0.0,109.55
2062,0.32922,737.92,0.0,109.55
2063,0.066478,500.29,0.0,109.55
2064,0.011342,460.95,0.0,109.55
2065,0.013112,209.73,0.0,109.55
2066,0.13664,870.53,0.0,109.55
2067,0.14635,-133.4,100.82,23.012
2068,0.055598,356.7,0.0,109.55
2069,0.012607,659.17,0.0,109.55
207,0.99128,-459.37,0.0,30.15
2070,0.16078,-365.89,24.377,106.8
2071,0.17118,-451.15,24.377,106.8
2072,0.10124,-405.3,24.377,106.8
2073,0.042088,-997.44,0.0,-109.55
2074,0.032038,1404.8,0.0,109.55
2075,0.058403,830.5,0.0,109.55
2076,0.024777,-1147.6,0.0,109.55
2077,0.10256,783.92,24.377,106.8
2078,0.076703,1438.3,0.0,109.55
2079,0.10104,674.61,0.0,109.55
208,9.3385,1007.1,0.0,30.15
2080,0.048952,-521.9,0.0,109.55
2081,0.030599,318.95,0.0,109.55
2082,0.041853,1573.9,0.0,109.55
2083,0.19058,1107.5,0.0,109.55
2084,0.012512,1482.4,0.0,109.55
2085,0.047257,-891.91,0.0,109.55
2086,0.010309,672.15,0.0,109.55
2087,0.02592,1134.4,0.0,109.55
2088,0.14965,822.77,24.377,106.8
2089,0.010417,499.22,0.0,109.55
209,2.0562,90.948,0.0,30.15
2090,0.30377,604.58,0.0,109.55
2091,0.11102,566.86,0.0,109.55
2092,0.026258,-1077.6,0.0,109.55
2093,0.15836,632.0,24.377,106.8
2094,0.27224,720.02,0.0,109.55
2095,0.022615,1824.1,0.0,109.55
2096,0.028813,1201.5,0.0,109.55
2097,0.015191,-133.4,101.37,0.0
2098,0.0030478,-347.14,0.0,-109.55
2099,0.005993,135.04,101.37,0.0
21,7.7024,1380.0,6.274,27.488
210,0.5697,1468.7,0.0,30.15
2100,0.052045,6.4,0.0,209.55
2101,0.0058189,-104.87,98.828,-22.557
2102,0.0044903,167.18,0.0,-109.55
2103,0.017215,958.52,0.0,109.55
2104,0.20822,421.55,0.0,109.55
2105,0.11925,1105.1,0.0,109.55
2106,0.056995,-448.62,0.0,109.55
2107,0.018454,1752.9,0.0,109.55
2108,0.0047291,568.91,0.0,109.55
2109,0.16401,632.22,0.0,109.55
211,1.0425,1163.6,11.88,24.669
2110,0.09626,455.98,0.0,109.55
2111,0.011391,1624.8,0.0,109.55
2112,0.26589,309.86,0.0,109.55
2113,0.13347,-463.75,0.0,109.55
2114,0.0062297,1789.6,0.0,109.55
2115,0.24277,831.17,0.0,109.55
2116,0.036883,-758.17,0.0,-109.55
2117,0.017661,1152.4,0.0,109.55
2118,0.013073,-545.88,0.0,-101.37
2119,0.055565,372.28,0.0,-109.55
212,1.9618,1735.4,5.7844,25.343
2120,0.19147,1001.2,23.922,104.81
2121,0.00045674,245.02,0.0,109.55
2122,0.013705,-1342.1,0.0,109.55
2123,0.0031011,-183.57,0.0,109.55
2124,0.052421,183.73,0.0,109.55
2125,0.006585,112.3,109.55,0.0
2126,0.0038123,-1618.5,0.0,109.55
2127,0.12448,317.05,0.0,109.55
2128,0.14071,426.53,24.377,106.8
2129,0.066099,-420.61,0.0,109.55
213,2.6502,1765.4,0.0,30.15
2130,0.0084607,562.26,0.0,109.55
2131,0.00051892,-107.33,98.828,-22.557
2132,0.02104,-194.72,0.0,-109.55
2133,0.054875,551.92,0.0,-109.55
2134,0.025569,-764.28,0.0,-109.55
2135,0.020247,-845.7,0.0,-109.55
2136,0.027602,-731.53,0.0,109.55
2137,0.067258,987.51,0.0,109.55
2138,0.066498,-564.74,0.0,109.55
2139,0.12463,-324.5,0.0,109.55
214,15.195,767.1,20.324,16.208
2140,0.2723,701.86,0.0,109.55
2141,0.0017283,314.0,0.0,-109.55
2142,0.0063656,-416.86,0.0,109.55
2143,0.057457,-133.4,101.37,0.0
2144,0.019423,-871.64,0.0,109.55
2145,0.06609,-268.42,0.0,109.55
2146,0.0038869,286.39,0.0,109.55
2147,0.20001,636.26,0.0,109.55
2148,0.015281,617.88,0.0,109.55
2149,0.26912,567.07,0.0,109.55
215,1.5662,-1333.5,6.4008,28.044
2150,0.034636,841.09,0.0,109.55
2151,0.006458,-1591.2,0.0,109.55
2152,0.30095,740.29,0.0,109.55
2153,0.0032149,-416.87,0.0,109.55
2154,0.019155,511.52,0.0,109.55
2155,0.053,572.61,0.0,109.55
2156,0.028158,535.75,0.0,109.55
2157,0.0040567,-729.01,0.0,109.55
2158,0.0074965,-516.77,0.0,109.55
2159,0.0073575,-1011.4,0.0,109.55
216,19.749,771.69,25.343,5.7844
2160,0.0026558,-934.59,0.0,109.55
2161,0.081519,-880.43,0.0,109.55
2162,0.062553,1381.1,0.0,109.55
2163,0.047993,938.22,0.0,109.55
2164,0.00066507,102.87,-96.241,10.844
2165,0.043581,1605.6,0.0,109.55
2166,0.058875,712.45,0.0,109.55
2167,0.0067316,2644.3,0.0,-109.55
2168,0.10523,-577.0,0.0,109.55
2169,0.016057,912.58,0.0,109.55
217,2.8496,2117.9,6.4008,28.044
2170,0.012374,112.3,96.85,0.0
2171,0.088396,-222.49,0.0,109.55
2172,0.0023021,-443.54,0.0,109.55
2173,0.019647,-1567.3,0.0,109.55
2174,0.062905,-133.4,96.85,0.0
2175,0.021053,133.4,94.422,21.551
2176,0.0017869,2264.4,0.0,109.55
2177,0.03439,1658.6,0.0,109.55
2178,0.031379,1195.4,0.0,109.55
2179,0.0030796,1849.7,0.0,109.55
218,2.3787,-405.05,6.709,29.394
2180,0.011166,-345.13,0.0,-109.55
2181,0.034979,-236.79,0.0,-109.55
2182,0.017788,1967.6,0.0,109.55
2183,0.0062189,293.63,0.0,109.55
2184,0.0030211,176.0,0.0,109.55
2185,0.010294,267.08,0.0,-109.55
2186,0.15803,864.19,24.377,106.8
2187,0.11604,-202.64,24.377,106.8
2188,0.0011024,243.01,0.0,109.55
2189,0.0076359,239.21,0.0,109.55
219,2.7759,1525.4,5.7844,25.343
2190,0.006911,62.0,18.263,208.75
2191,0.010792,778.5,0.0,109.55
2192,0.010507,350.97,0.0,-109.55
2193,0.0036734,-623.8,0.0,-109.55
2194,0.0019213,1343.7,0.0,109.55
2195,0.021,-782.39,0.0,-109.55
2196,0.086365,1431.6,0.0,109.55
2197,0.034505,-358.0,0.0,109.55
2198,0.17209,206.07,0.0,109.55
2199,0.10856,1.5,0.0,190.5
22,37.153,629.23,11.809,24.522
220,3.7062,196.3,0.0,30.15
2200,0.0015558,939.11,0.0,109.55
2201,0.022676,1821.6,0.0,109.55
2202,0.0013423,1394.3,0.0,109.55
2203,0.15046,197.82,0.0,109.55
2204,0.040098,1838.4,0.0,109.55
2205,0.05648,387.34,0.0,109.55
2206,0.0017639,1219.2,0.0,109.55
2207,0.007794,-332.94,0.0,-109.55
2208,0.051021,-890.25,0.0,109.55
2209,0.0078712,897.89,0.0,109.55
221,5.7028,149.34,0.0,30.15
2210,0.038063,-439.64,0.0,-109.55
2211,0.039614,1602.5,0.0,-109.55
2212,0.054077,143.1,0.0,109.55
2213,0.021476,2139.3,0.0,109.55
2214,0.01059,-365.09,0.0,109.55
2215,0.14526,806.63,0.0,109.55
2216,0.011494,2021.6,24.377,106.8
2217,0.032931,209.33,0.0,109.55
2218,0.014085,859.73,0.0,109.55
2219,0.025925,450.04,0.0,109.55
222,17.171,154.28,16.208,20.324
2220,0.10777,1295.1,24.377,106.8
2221,0.010148,-1527.2,0.0,109.55
2222,0.0038092,356.85,0.0,109.55
2223,0.001176,-277.26,0.0,-96.85
2224,0.070223,-302.33,0.0,109.55
2225,0.021308,1500.8,0.0,109.55
2226,0.0062482,235.5,0.0,109.55
2227,0.0020842,620.33,0.0,109.55
2228,0.034785,796.85,0.0,109.55
2229,0.10237,400.75,0.0,109.55
223,1.6528,2237.5,16.208,20.324
2230,0.070978,1644.3,0.0,109.55
2231,0.062146,1235.6,0.0,109.55
2232,0.03635,-743.63,0.0,109.55
2233,0.060178,741.45,0.0,109.55
2234,0.033202,1372.1,0.0,109.55
2235,0.062149,184.29,0.0,109.55
2236,0.11878,608.73,0.0,109.55
2237,0.0029532,1750.2,0.0,109.55
2238,0.010235,-471.94,0.0,-109.55
2239,0.12553,631.89,0.0,109.55
224,0.30445,2332.4,6.4008,28.044
2240,0.22196,616.93,24.377,106.8
2241,0.0010893,995.43,0.0,109.55
2242,0.066549,-215.71,0.0,109.55
2243,0.0037803,2253.6,0.0,109.55
2244,0.077487,-112.3,96.85,0.0
2245,0.056191,358.58,0.0,109.55
2246,0.032432,338.7,0.0,109.55
2247,0.033014,-184.79,0.0,109.55
2248,0.019086,-1077.8,0.0,109.55
2249,0.0051766,-171.61,0.0,109.55
225,28.687,638.31,5.7844,25.343
2250,0.022674,1130.6,0.0,109.55
2251,0.09081,1458.8,0.0,109.55
2252,0.21354,865.36,24.377,106.8
2253,0.002385,429.68,0.0,109.55
2254,0.037688,1634.9,0.0,109.55
2255,0.01258,258.19,0.0,-109.55
2256,0.0076462,347.24,0.0,109.55
2257,0.077948,1393.0,0.0,109.55
2258,0.0072154,505.4,0.0,109.55
2259,0.01015,-1855.9,0.0,109.55
226,8.327,491.27,0.0,30.15
2260,0.018848,2259.7,0.0,109.55
2261,0.048539,-414.38,0.0,109.55
2262,0.00067164,-662.6,0.0,109.55
2263,0.024888,1708.2,0.0,109.55
2264,0.091235,424.09,0.0,109.55
2265,0.094224,-225.34,0.0,109.55
2266,0.048906,214.45,0.0,-109.55
2267,0.073224,1138.7,0.0,109.55
2268,0.015279,1111.1,0.0,109.55
2269,0.097302,717.41,0.0,109.55
227,0.11858,-119.56,0.0,30.15
2270,0.13563,310.17,24.377,106.8
2271,0.046347,887.08,0.0,-109.55
2272,0.034051,114.84,96.698,5.4304
2273,0.070508,1605.1,0.0,109.55
2274,0.016205,1288.5,0.0,109.55
2275,0.068686,1005.0,0.0,109.55
2276,0.027948,-884.34,0.0,109.55
2277,0.13555,692.4,24.377,106.8
2278,0.020181,-746.81,0.0,109.55
2279,0.0080721,-527.68,0.0,109.55
228,8.3932,1305.3,0.0,30.15
2280,0.024011,-668.22,0.0,109.55
2281,0.094339,1328.9,0.0,109.55
2282,0.011602,-1343.0,0.0,109.55
2283,0.00089985,564.89,0.0,109.55
2284,0.011648,-1281.2,0.0,109.55
2285,0.080378,860.89,0.0,109.55
2286,0.027079,1068.6,0.0,109.55
2287,0.024921,2118.4,0.0,109.55
2288,0.032755,882.54,0.0,109.55
2289,0.022957,1027.9,0.0,109.55
229,6.2545,-383.79,6.4008,28.044
2290,0.016511,421.2,0.0,109.55
2291,0.15004,816.15,24.377,106.8
2292,0.096697,710.54,0.0,109.55
2293,0.0033923,-470.85,0.0,109.55
2294,0.0039359,1665.1,0.0,109.55
2295,0.00039965,-109.6,0.0,117.98
2296,0.0018391,2454.6,0.0,109.55
2297,0.016582,1118.1,0.0,109.55
2298,0.0086607,270.34,0.0,-109.55
2299,0.11459,452.93,24.377,106.8
23,17.046,-155.71,6.709,29.394
230,3.994,916.55,0.0,30.15
2300,0.0015742,1448.5,0.0,109.55
2301,0.078763,121.19,0.0,109.55
2302,0.1463,575.08,24.377,106.8
2303,0.015926,-1491.2,0.0,109.55
2304,0.025815,424.25,0.0,109.55
2305,0.02201,-923.1,0.0,109.55
2306,0.016052,62.0,0.0,209.55
2307,3.9217e-05,294.86,0.0,109.55
2308,0.012312,1373.8,0.0,109.55
2309,0.029648,1549.4,0.0,-109.55
231,15.03,973.35,25.343,5.7844
2310,0.00070067,488.49,0.0,-109.55
2311,0.011074,-101.6,83.92,70.417
2312,0.008656,-101.6,83.92,70.417
2313,0.0053534,1844.1,0.0,109.55
2314,0.033523,867.72,0.0,109.55
2315,1.7275e-05,-101.6,95.881,52.991
2316,0.070517,1296.1,0.0,109.55
2317,0.0022969,1763.7,0.0,109.55
2318,0.01857,-1384.0,0.0,109.55
2319,0.10529,967.62,0.0,109.55
232,10.378,-177.53,11.279,23.421
2320,0.0077873,-161.44,0.0,-109.55
2321,0.028037,-217.42,0.0,109.55
2322,0.003514,533.1,0.0,109.55
2323,0.0021933,-474.23,0.0,109.55
2324,0.0094792,-657.46,0.0,-109.55
2325,0.022474,-1137.7,0.0,109.55
2326,0.030636,1997.0,0.0,109.55
2327,0.022455,-926.82,0.0,-109.55
2328,0.021207,-599.9,0.0,-109.55
2329,0.0067829,1998.9,0.0,109.55
233,16.06,748.48,20.324,16.208
2330,0.043174,-217.43,0.0,109.55
2331,0.011977,-647.51,0.0,109.55
2332,0.0066459,-1691.9,0.0,109.55
2333,0.054769,403.07,0.0,109.55
2334,0.0049642,2403.8,0.0,109.55
2335,0.020992,220.98,0.0,109.55
2336,0.00033361,637.92,0.0,109.55
2337,0.00238,587.94,0.0,-109.55
2338,0.017764,-390.58,0.0,109.55
2339,0.079369,-266.57,0.0,109.55
234,10.913,1478.2,25.343,5.7844
2340,0.0019849,2478.7,0.0,109.55
2341,0.078475,1222.4,0.0,136.5
2342,0.0074506,1139.3,0.0,136.5
2343,0.029961,821.0,0.0,136.5
2344,0.0040746,1688.1,0.0,136.5
2345,0.0031992,-368.89,0.0,136.5
2346,0.0082248,1360.4,0.0,136.5
2347,0.0067359,651.68,0.0,136.5
2348,0.001904,-678.42,0.0,-129.55
2349,0.011752,1469.7,0.0,136.5
235,6.6343,1807.8,5.7844,25.343
2350,0.004434,200.87,0.0,136.5
2351,0.0068152,69.9,0.0,-254.0
2352,0.054212,1651.8,0.0,-136.5
2353,0.0078558,69.9,0.0,-254.0
2354,0.14684,152.4,0.0,-136.5
2355,0.021742,69.9,0.0,-254.0
2356,0.021195,1836.0,0.0,136.5
2357,0.0082473,318.88,0.0,-136.5
2358,0.0058811,-800.68,0.0,136.5
2359,0.00037358,758.92,0.0,136.5
236,4.0567,-356.6,6.0926,26.694
2360,0.043098,1374.3,0.0,136.5
2361,0.011478,1408.9,0.0,136.5
2362,0.0060129,-450.6,0.0,-127.23
2363,0.054108,-225.15,0.0,-136.5
2364,0.007084,-126.57,124.04,-28.311
2365,0.023952,1420.8,0.0,136.5
2366,0.0095703,69.9,0.0,-254.0
2367,0.0075477,-69.9,0.0,-254.0
2368,0.039792,-69.9,0.0,-254.0
2369,0.0051463,69.9,0.0,-254.0
237,5.9855,-866.79,6.709,29.394
2370,0.018928,-69.9,0.0,-254.0
2371,0.0011902,1203.6,0.0,136.5
2372,0.021865,958.17,0.0,136.5
2373,0.034646,1654.2,0.0,136.5
2374,0.10788,264.13,0.0,136.5
2375,9.2688e-05,-105.31,127.23,0.0
2376,0.00026194,-313.64,0.0,-136.5
2377,0.11472,864.48,0.0,136.5
2378,0.010627,885.68,0.0,136.5
2379,0.0023312,1341.1,0.0,136.5
238,3.7394,-654.76,6.709,29.394
2380,0.065958,-126.57,124.04,-28.311
2381,0.047744,-69.9,0.0,-254.0
2382,0.030096,1491.3,0.0,-136.5
2383,0.015143,69.9,0.0,-254.0
2384,0.047181,-69.9,0.0,-254.0
2385,0.0066943,69.9,0.0,-254.0
2386,0.0035988,-698.24,0.0,136.5
2387,0.063304,718.79,0.0,136.5
2388,0.008475,988.1,0.0,-136.5
2389,0.020307,-340.67,0.0,136.5
239,9.5436,-225.43,0.0,30.15
2390,0.011352,-1278.5,0.0,136.5
2391,0.095664,230.46,0.0,136.5
2392,0.0087868,785.48,0.0,136.5
2393,0.004637,-242.16,99.472,-79.327
2394,0.027031,1661.5,0.0,136.5
2395,0.0064734,199.63,0.0,136.5
2396,0.019478,-69.9,0.0,-254.0
2397,0.009693,69.9,0.0,-254.0
2398,0.10163,69.9,0.0,-254.0
2399,0.0089089,69.9,0.0,-254.0
24,2.1906,-410.83,6.4915,28.441
240,18.524,707.08,16.208,20.324
2400,0.038713,69.9,0.0,-254.0
2401,0.00032261,239.84,0.0,136.5
2402,0.0027461,931.94,0.0,136.5
2403,0.12858,333.27,30.374,133.08
2404,0.0024307,887.9,0.0,136.5
2405,0.0019992,1326.2,0.0,136.5
2406,0.057842,-326.5,28.311,-124.04
2407,0.011201,1912.7,0.0,136.5
2408,0.0042155,-815.64,0.0,-136.5
2409,0.013996,117.3,-124.79,-24.821
241,2.6291,265.11,6.709,29.394
2410,0.007196,-841.43,0.0,-136.5
2411,0.012703,-69.9,0.0,-254.0
2412,0.046557,-69.9,0.0,-254.0
2413,0.0083736,69.9,0.0,-254.0
2414,0.023252,69.9,0.0,-254.0
2415,0.0064801,-1551.1,0.0,-136.5
2416,0.068254,959.9,0.0,136.5
2417,0.061628,938.5,0.0,136.5
2418,0.09177,655.62,0.0,136.5
2419,0.026474,-751.07,0.0,136.5
242,0.39801,198.04,0.0,30.15
2420,0.0071234,665.42,0.0,136.5
2421,0.0037201,1793.7,0.0,136.5
2422,0.0024547,-126.57,124.04,-28.311
2423,0.12084,345.48,30.374,133.08
2424,0.0027695,-1440.0,0.0,-136.5
2425,0.0035021,-921.42,0.0,136.5
2426,0.0046298,-69.9,0.0,-254.0
2427,0.09678,69.9,0.0,-254.0
2428,0.011875,69.9,0.0,-254.0
2429,0.013136,69.9,0.0,-254.0
243,5.9326,-146.48,6.0932,26.696
2430,0.0044214,69.9,0.0,-254.0
2431,0.049919,-743.21,0.0,136.5
2432,0.024341,-513.04,0.0,136.5
2433,0.04451,-507.26,0.0,136.5
2434,0.0088188,430.94,0.0,136.5
2435,0.060837,-316.54,0.0,136.5
2436,0.012446,-499.23,28.311,-124.04
2437,0.043448,622.63,0.0,136.5
2438,0.09433,229.26,0.0,136.5
2439,0.016237,376.72,0.0,136.5
244,10.408,1217.9,19.684,9.4793
2440,0.0018673,-823.11,0.0,-136.5
2441,0.073668,69.9,0.0,-254.0
2442,0.012287,-152.4,125.43,21.312
2443,0.0066396,69.9,0.0,-254.0
2444,0.026469,69.9,0.0,-254.0
2445,0.008727,-69.9,0.0,-254.0
2446,0.00052005,-844.05,0.0,136.5
2447,0.00094839,602.34,0.0,136.5
2448,0.0090409,1875.4,0.0,136.5
2449,0.033915,-694.11,0.0,136.5
245,0.89332,-778.91,0.0,30.15
2450,0.078257,1328.9,0.0,136.5
2451,0.044724,453.99,0.0,-136.5
2452,0.012263,-956.22,0.0,-136.5
2453,0.022684,-448.0,28.311,-124.04
2454,0.00019002,47.6,0.0,222.25
2455,0.0010239,196.15,0.0,136.5
2456,0.012168,-69.9,0.0,-254.0
2457,0.006656,69.9,0.0,-254.0
2458,0.015697,69.9,0.0,-254.0
2459,0.01616,69.9,0.0,-254.0
246,0.43814,759.65,6.709,29.394
2460,0.11579,69.9,0.0,-254.0
2461,0.0026532,2307.8,0.0,136.5
2462,0.04424,1353.5,0.0,136.5
2463,0.01059,-481.61,0.0,136.5
2464,0.015747,-1396.2,0.0,136.5
2465,0.021487,1659.7,0.0,136.5
2466,0.033532,455.6,0.0,-136.5
2467,0.005561,932.7,0.0,136.5
2468,0.0080113,-1782.3,0.0,136.5
2469,0.0035743,-125.6,114.6,-40.099
247,5.2276,-469.54,6.709,29.394
2470,0.00073065,2532.5,0.0,136.5
2471,0.0086656,1838.3,0.0,-136.5
2472,0.054639,1059.0,0.0,-136.5
2473,0.00070775,2435.7,0.0,-136.5
2474,0.102,793.48,29.535,129.4
2475,0.0038179,-69.9,0.0,-254.0
2476,0.015049,101.6,120.83,11.9
2477,0.0042343,-1376.3,0.0,136.5
2478,0.0087437,1232.3,0.0,136.5
2479,0.016803,825.73,0.0,136.5
248,1.1007,196.67,6.709,29.394
2480,0.0020225,779.88,0.0,-136.5
2481,0.00066206,1228.1,0.0,136.5
2482,0.035916,-117.3,116.18,-35.243
2483,0.0011277,123.34,112.17,-46.462
2484,0.0030898,475.15,0.0,136.5
2485,0.0010013,184.83,0.0,136.5
2486,0.020752,69.9,0.0,-254.0
2487,0.037905,747.17,0.0,-136.5
2488,0.024449,69.9,0.0,-254.0
2489,0.0043801,69.9,0.0,-254.0
249,1.0303,-1457.4,10.68,22.177
2490,0.0018039,69.9,0.0,-254.0
2491,0.025994,1845.2,0.0,136.5
2492,0.054737,1305.0,0.0,136.5
2493,0.014756,1847.3,0.0,136.5
2494,0.042411,1463.9,0.0,136.5
2495,0.0070795,1428.9,0.0,136.5
2496,0.015019,-974.99,0.0,-136.5
2497,0.0042048,224.7,0.0,-136.5
2498,0.00047538,-300.73,0.0,136.5
2499,0.0054037,1178.5,0.0,136.5
25,26.739,287.49,12.657,26.284
250,1.4609,-469.47,5.4774,23.998
2500,0.073687,577.93,0.0,136.5
2501,0.017024,-868.21,0.0,136.5
2502,0.0018062,-69.9,0.0,-254.0
2503,0.016409,-726.92,0.0,-136.5
2504,0.0071204,-69.9,0.0,-254.0
2505,0.037301,1240.9,0.0,-136.5
2506,0.016534,319.13,0.0,136.5
2507,0.018143,1997.6,0.0,136.5
2508,0.059734,1041.0,0.0,136.5
2509,0.043992,595.28,0.0,136.5
251,16.54,813.7,10.68,22.177
2510,0.0077536,2183.5,0.0,136.5
2511,0.0219,-965.37,0.0,-136.5
2512,0.020763,363.27,0.0,-136.5
2513,0.012333,705.71,0.0,136.5
2514,0.056961,448.77,0.0,136.5
2515,0.016925,-890.41,0.0,-136.5
2516,0.0054103,69.9,0.0,-254.0
2517,0.0091012,-69.9,0.0,-254.0
2518,0.0030411,-69.9,0.0,-254.0
2519,0.0031239,69.9,0.0,-254.0
252,2.4275,-689.68,6.0932,26.696
2520,0.026466,69.9,0.0,-254.0
2521,0.0082754,372.68,0.0,136.5
2522,0.014351,1638.4,0.0,136.5
2523,0.0086405,895.11,0.0,136.5
2524,0.010678,-210.21,0.0,136.5
2525,0.04037,441.13,0.0,136.5
2526,0.010284,781.0,0.0,136.5
2527,0.0018212,2478.8,0.0,136.5
2528,0.0061544,-763.26,0.0,-136.5
2529,0.0014806,-679.13,0.0,-136.5
253,0.40723,-1188.5,0.0,30.15
2530,0.080211,453.5,0.0,136.5
2531,0.025827,1081.6,0.0,-136.5
2532,0.0066515,-69.9,0.0,-254.0
2533,0.0038455,69.9,0.0,-254.0
2534,0.03634,1032.7,0.0,-136.5
2535,0.012787,-69.9,0.0,-254.0
2536,0.009072,1760.2,0.0,136.5
2537,0.0070198,-499.62,0.0,-136.5
2538,0.032969,272.73,0.0,136.5
2539,0.037918,-414.64,0.0,136.5
254,2.936,149.53,6.0932,26.696
2540,0.034541,-409.35,0.0,136.5
2541,0.0023689,1430.9,0.0,136.5
2542,0.01962,-371.31,0.0,-126.97
2543,0.057095,999.0,0.0,136.5
2544,0.00089827,446.2,0.0,136.5
2545,0.019534,348.75,0.0,-136.5
2546,0.083087,69.9,0.0,-254.0
2547,0.011431,-1042.2,0.0,-136.5
2548,0.0096533,-69.9,0.0,-254.0
2549,0.067502,69.9,0.0,-254.0
255,3.1548,868.2,6.0932,26.696
2550,0.073004,976.03,0.0,-136.5
2551,0.0082922,275.19,0.0,136.5
2552,0.01805,553.2,0.0,136.5
2553,0.024886,101.6,123.8,0.0
2554,0.0077423,326.16,0.0,136.5
2555,0.016983,-1434.3,0.0,136.5
2556,6.3036e-05,-117.3,118.21,68.25
2557,0.010212,2187.0,0.0,136.5
2558,0.051765,410.75,0.0,-136.5
2559,0.035508,450.87,0.0,-136.5
256,0.60633,555.18,0.0,30.15
2560,0.072764,825.05,0.0,136.5
2561,0.019987,69.9,0.0,-254.0
2562,0.01056,69.9,0.0,-254.0
2563,0.0055682,69.9,0.0,-254.0
2564,0.021792,69.9,0.0,-254.0
2565,0.021282,1329.9,0.0,-136.5
2566,0.0051892,-101.6,123.61,6.9415
2567,0.053736,1.5,0.0,203.2
2568,0.011806,-919.82,0.0,136.5
2569,0.00074239,-485.9,0.0,136.5
257,0.3663,2535.4,6.0932,26.696
2570,0.0020097,-712.93,0.0,136.5
2571,0.014704,1101.8,0.0,136.5
2572,0.013727,388.84,0.0,-136.5
2573,0.0022597,-1044.8,0.0,136.5
2574,0.03725,-225.71,0.0,-136.5
2575,0.00016706,791.89,0.0,136.5
2576,0.0056099,-69.9,0.0,-254.0
2577,0.0095777,69.9,0.0,-254.0
2578,0.0037324,69.9,0.0,-254.0
2579,0.056281,700.48,0.0,-136.5
258,0.035584,365.35,0.0,30.15
2580,0.088757,69.9,0.0,-254.0
2581,0.018712,-101.6,0.0,136.5
2582,0.0023039,2492.0,0.0,136.5
2583,0.046823,1096.7,0.0,136.5
2584,0.037356,656.72,0.0,136.5
2585,0.016204,-101.6,0.0,136.5
2586,0.0085242,756.34,0.0,136.5
2587,0.049046,839.22,0.0,136.5
2588,0.03847,-127.46,0.0,136.5
2589,0.0010066,1540.8,0.0,136.5
259,11.802,1131.5,21.3,4.8615
2590,0.0055094,1514.5,0.0,136.5
2591,0.039653,152.4,68.25,-118.21
2592,0.0038699,908.14,0.0,-136.5
2593,0.011476,1156.9,0.0,-136.5
2594,0.0046291,1184.9,0.0,-136.5
2595,0.00083152,69.9,0.0,-254.0
2596,0.0053048,-1393.4,0.0,136.5
2597,0.015375,1140.9,0.0,136.5
2598,0.018744,1449.6,0.0,136.5
2599,0.034582,900.68,0.0,136.5
26,9.5973,95.764,6.709,29.394
260,4.0751,147.35,6.0932,26.696
2600,0.0032514,2284.7,0.0,136.5
2601,0.0060442,1669.3,0.0,136.5
2602,0.005473,-1324.9,0.0,-136.5
2603,0.0028182,-1886.3,0.0,-136.5
2604,0.010055,-251.07,0.0,-136.5
2605,0.036362,447.64,0.0,136.5
2606,0.042873,614.66,0.0,-136.5
2607,0.0016686,1634.1,0.0,-136.5
2608,0.00385,1328.0,0.0,-136.5
2609,0.0021462,1764.4,0.0,-136.5
261,7.5553,883.78,6.709,29.394
2610,0.0010053,2252.9,0.0,-136.5
2611,0.03412,-351.57,0.0,136.5
2612,0.0059479,2277.2,0.0,136.5
2613,0.0031847,-536.82,0.0,136.5
2614,0.0085655,-751.24,0.0,136.5
2615,0.0015699,1157.1,0.0,136.5
2616,0.023513,-117.3,104.57,87.741
2617,0.016199,-1076.2,0.0,-136.5
2618,0.0025407,-1347.1,0.0,-136.5
2619,0.0023972,-1465.5,0.0,-136.5
262,0.77071,1400.2,6.709,29.394
2620,0.00311,1369.1,0.0,136.5
2621,0.020971,-830.87,0.0,136.5
2622,0.011232,779.08,0.0,-136.5
2623,0.029507,152.4,0.0,-136.5
2624,0.0013632,69.9,0.0,-254.0
2625,0.001055,69.9,0.0,-254.0
2626,0.013498,1121.3,0.0,136.5
2627,0.0018158,-507.55,0.0,136.5
2628,0.0046192,2101.5,0.0,136.5
2629,0.031468,-585.86,0.0,136.5
263,0.23205,164.39,0.0,30.15
2630,0.02584,1450.1,0.0,-136.5
2631,0.0069407,-117.3,104.57,87.741
2632,0.0010733,984.63,0.0,136.5
2633,0.00022934,-457.75,0.0,136.5
2634,0.017815,1505.9,0.0,136.5
2635,0.015236,1299.1,0.0,136.5
2636,0.00039585,-69.9,0.0,-254.0
2637,0.053895,152.4,0.0,-136.5
2638,0.021797,152.4,0.0,-136.5
2639,0.0026323,-1562.4,0.0,-136.5
264,0.26902,-615.97,0.0,30.15
2640,0.030105,819.99,0.0,-136.5
2641,0.0031559,-1072.6,0.0,161.9
2642,0.0029597,617.21,0.0,161.9
2643,0.0026334,-358.35,0.0,161.9
2644,0.0335,213.21,0.0,161.9
2645,0.00108,1824.8,0.0,161.9
2646,0.00074462,1227.6,0.0,161.9
2647,0.027803,1234.3,0.0,-161.9
2648,8.2299e-05,-307.41,0.0,161.9
2649,0.003701,-130.0,151.35,8.4997
265,1.1351,2269.1,6.0932,26.696
2650,0.00032727,543.54,0.0,161.9
2651,0.0014906,-159.52,148.68,-29.574
2652,0.0095286,1604.7,0.0,161.9
2653,0.0099543,569.33,0.0,161.9
2654,0.0008832,431.17,0.0,161.9
2655,0.0090737,1183.2,0.0,161.9
2656,0.015113,-576.25,0.0,161.9
2657,0.01398,-376.64,0.0,161.9
2658,0.013224,1804.5,0.0,161.9
2659,0.070595,482.98,0.0,161.9
266,2.9154,1734.2,6.709,29.394
2660,0.0066292,1864.5,0.0,161.9
2661,0.015936,1748.3,0.0,161.9
2662,0.0040309,1989.0,0.0,161.9
2663,0.018548,560.01,0.0,161.9
2664,0.0092928,1682.4,0.0,161.9
2665,0.060618,592.07,0.0,161.9
2666,0.0025821,444.3,0.0,161.9
2667,0.010084,1594.9,0.0,161.9
2668,0.022289,-594.55,33.732,-147.79
2669,0.0013413,465.9,0.0,161.9
267,8.4045,564.76,6.709,29.394
2670,0.00032572,-1040.5,0.0,161.9
2671,0.010451,1623.7,0.0,161.9
2672,0.015787,-808.29,0.0,161.9
2673,0.00024323,-281.41,0.0,161.9
2674,0.0022265,-552.94,0.0,161.9
2675,0.065351,348.08,0.0,161.9
2676,0.0026731,1909.3,0.0,161.9
2677,0.048387,574.94,0.0,161.9
2678,0.050202,582.28,0.0,161.9
2679,0.026626,1194.7,0.0,161.9
268,5.7747,-224.69,6.709,29.394
2680,0.013557,1370.0,0.0,161.9
2681,0.00065393,-313.23,118.52,-94.515
2682,0.038661,644.03,0.0,161.9
2683,0.036365,256.91,0.0,-161.9
2684,0.0046959,542.81,0.0,161.9
2685,0.022031,616.54,0.0,161.9
2686,0.039298,-288.16,0.0,161.9
2687,0.0097185,-754.35,0.0,161.9
2688,0.0028319,558.69,0.0,-161.9
2689,0.019327,-611.25,0.0,161.9
269,6.6234,-511.96,6.709,29.394
2690,0.02426,1320.7,0.0,161.9
2691,0.00054765,-1396.0,0.0,161.9
2692,0.006006,226.17,0.0,-161.9
2693,8.4038e-05,776.72,151.59,0.0
2694,0.0040578,1656.5,0.0,161.9
2695,0.00010234,502.76,151.59,0.0
2696,0.020821,331.06,0.0,161.9
2697,0.0095134,1361.2,0.0,161.9
2698,0.0027291,-1110.1,0.0,-161.9
2699,0.028092,747.49,0.0,161.9
27,1.5798,1221.3,6.0565,26.535
270,11.014,741.07,21.3,4.8615
2700,0.0018763,1476.3,0.0,161.9
2701,0.0049447,116.21,152.37,0.0
2702,0.067871,456.93,0.0,161.9
2703,0.0093924,822.62,0.0,-161.9
2704,0.0055357,1873.5,0.0,161.9
2705,0.027012,861.97,0.0,161.9
2706,0.0079361,-1545.6,0.0,161.9
2707,0.009668,133.81,152.37,0.0
2708,0.030459,1420.2,0.0,161.9
2709,1.9936e-05,-130.0,152.37,0.0
271,3.2469,317.57,6.0932,26.696
2710,0.030419,-529.04,0.0,161.9
2711,0.008415,771.1,0.0,161.9
2712,0.004083,-321.86,119.13,-95.001
2713,0.00059167,164.93,8.4732,161.68
2714,0.0021617,1529.7,0.0,161.9
2715,0.041301,538.12,0.0,161.9
2716,0.014481,1805.8,0.0,161.9
2717,0.0047207,116.21,152.37,0.0
2718,0.014338,1561.5,0.0,161.9
2719,7.7004e-05,-287.18,152.37,0.0
272,1.4259,408.9,5.4774,23.998
2720,0.0038743,-114.3,152.13,8.5435
2721,0.037346,-133.81,152.13,8.5435
2722,0.066054,891.18,0.0,161.9
2723,0.065915,869.08,0.0,161.9
2724,0.0020912,925.87,0.0,161.9
2725,0.046341,-133.81,152.37,0.0
2726,0.016053,767.47,0.0,161.9
2727,0.00039766,-979.63,0.0,-152.37
2728,0.00014606,554.47,0.0,161.9
2729,0.057401,745.86,0.0,161.9
273,2.7479,-52.4,0.0,34.1
2730,0.010337,1274.1,0.0,161.9
2731,0.027578,287.51,0.0,161.9
2732,0.0090386,-120.97,152.37,0.0
2733,0.013062,-630.31,0.0,161.9
2734,0.002299,982.64,0.0,161.9
2735,0.020327,-589.19,0.0,161.9
2736,0.0097278,1158.2,0.0,161.9
2737,0.025736,-425.8,0.0,161.9
2738,0.078312,753.14,0.0,161.9
2739,4.31e-05,-133.81,152.37,0.0
274,12.409,1067.7,21.3,4.8615
2740,0.034541,1137.1,0.0,161.9
2741,0.047981,458.37,0.0,-161.9
2742,0.0062637,-159.21,149.44,-29.726
2743,0.062094,612.31,0.0,161.9
2744,0.00015009,-1090.9,0.0,-154.75
2745,0.0029934,155.4,151.64,-14.935
2746,0.018229,-300.98,0.0,161.9
2747,0.0035155,-707.16,0.0,161.9
2748,0.03945,-114.3,152.37,0.0
2749,0.0015411,1553.0,0.0,161.9
275,10.575,98.786,6.0932,26.696
2750,0.0049676,-1340.5,0.0,-161.9
2751,0.0098255,942.74,0.0,-161.9
2752,0.019219,984.74,0.0,161.9
2753,0.0090486,-796.65,0.0,161.9
2754,0.0042322,130.0,152.13,8.5435
2755,0.00022879,-828.05,0.0,161.9
2756,0.011043,-430.36,95.001,-119.13
2757,0.0038591,-553.12,33.906,-148.55
2758,0.0052713,-700.17,0.0,-152.37
2759,0.023575,1127.6,0.0,161.9
276,1.5713,-692.05,6.709,29.394
2760,0.00058051,-1213.9,0.0,161.9
2761,0.00020384,31.8,0.0,241.3
2762,0.036331,1104.9,0.0,161.9
2763,0.0082283,-727.13,0.0,-161.9
2764,0.0037038,-448.23,0.0,-161.9
2765,0.037559,958.56,0.0,161.9
2766,0.054353,806.02,0.0,161.9
2767,0.045283,889.67,0.0,161.9
2768,0.024751,-480.16,0.0,-161.9
2769,0.020178,274.58,0.0,-161.9
277,6.3592,809.86,6.709,29.394
2770,0.039115,842.61,0.0,161.9
2771,0.0083364,-909.08,0.0,-161.9
2772,0.0078063,944.16,0.0,161.9
2773,0.0033226,2099.0,0.0,161.9
2774,0.00078796,-985.1,0.0,161.9
2775,0.02796,130.57,0.0,-161.9
2776,0.00063755,-114.3,144.19,8.0977
2777,0.00051985,1165.8,0.0,161.9
2778,0.010775,-1112.8,0.0,161.9
2779,0.015091,-882.25,0.0,161.9
278,6.8417,-744.25,0.0,30.15
2780,0.020456,-232.05,0.0,161.9
2781,0.032407,583.76,0.0,161.9
2782,0.017203,271.08,0.0,161.9
2783,0.0013095,-259.79,0.0,161.9
2784,0.014431,-130.0,144.42,0.0
2785,0.001015,1486.0,0.0,161.9
2786,0.00011932,72.9,0.0,279.4
2787,0.0082254,1898.4,0.0,161.9
2788,0.0065922,-633.69,0.0,-161.9
2789,0.02456,313.72,0.0,161.9
279,12.253,526.64,21.3,4.8615
2790,0.0026062,1333.0,0.0,161.9
2791,0.00030729,-452.38,0.0,-161.9
2792,0.001641,1081.0,0.0,161.9
2793,1.3438e-05,-117.8,144.42,0.0
2794,0.016747,114.3,141.65,28.175
2795,0.023453,-241.29,0.0,161.9
2796,0.04417,885.25,0.0,161.9
2797,0.013006,652.51,0.0,161.9
2798,0.0065706,1935.7,0.0,161.9
2799,0.0060935,-130.0,144.42,0.0
28,6.1258,1356.2,6.0565,26.535
280,2.5271,1.5,0.0,58.15
2800,0.0081762,594.56,0.0,-161.9
2801,0.000121,556.24,0.0,161.9
2802,0.00043138,382.24,0.0,161.9
2803,0.032325,1131.1,0.0,161.9
2804,0.0089453,-162.39,136.32,-47.699
2805,0.0065484,521.58,0.0,161.9
2806,0.012188,1723.6,0.0,161.9
2807,0.021826,-114.3,141.65,28.175
2808,0.0075595,-745.59,0.0,-161.9
2809,0.023779,-351.31,0.0,161.9
281,1.2691,-355.57,11.881,24.671
2810,0.030781,-246.67,0.0,161.9
2811,0.0016358,-819.65,0.0,161.9
2812,0.0023218,-136.99,144.19,8.0977
2813,0.019387,419.19,0.0,161.9
2814,0.028294,823.51,0.0,161.9
2815,0.0021613,1072.9,0.0,161.9
2816,0.027457,-172.88,136.32,-47.699
2817,0.0010103,481.3,0.0,161.9
2818,0.022399,648.35,0.0,-161.9
2819,0.0337,-155.4,138.2,-41.923
282,1.8952,557.09,0.0,30.15
2820,0.0098233,-155.4,137.6,-43.857
2821,0.050734,977.5,0.0,161.9
2822,0.034683,-182.18,0.0,161.9
2823,0.041884,768.37,0.0,161.9
2824,0.023879,-899.07,0.0,161.9
2825,0.014795,-1064.7,0.0,161.9
2826,0.01139,2125.3,0.0,161.9
2827,0.016969,-508.73,0.0,161.9
2828,0.014203,1341.6,0.0,161.9
2829,0.0047295,-1516.5,0.0,161.9
283,0.52191,-73.2,0.0,30.15
2830,0.01882,-322.0,0.0,161.9
2831,0.011749,-686.81,0.0,-152.38
2832,0.05162,1047.3,0.0,161.9
2833,0.0075568,-716.63,0.0,-149.2
2834,0.001079,646.93,0.0,161.9
2835,0.0076154,-1384.1,0.0,-161.9
2836,0.0020641,2102.1,0.0,161.9
2837,0.00016,-431.18,0.0,161.9
2838,0.00366,-452.0,0.0,161.9
2839,0.040415,-119.38,148.97,8.3657
284,1.5091,-578.2,6.0932,26.696
2840,0.011202,114.3,146.33,29.107
2841,0.0083532,1190.2,0.0,161.9
2842,0.032565,1434.9,0.0,161.9
2843,0.0039277,1057.8,0.0,161.9
2844,0.0037921,221.21,0.0,-161.9
2845,0.041708,464.14,0.0,161.9
2846,0.015787,-701.5,0.0,-152.38
2847,0.0010613,1207.0,0.0,161.9
2848,0.022464,342.71,0.0,-161.9
2849,0.0048465,-160.48,144.47,-37.267
285,3.1884,-495.72,0.0,30.15
2850,0.038072,-160.48,144.47,-37.267
2851,0.0022376,2302.5,0.0,161.9
2852,0.0019899,2276.5,0.0,161.9
2853,0.027172,395.58,0.0,161.9
2854,0.012241,1649.8,0.0,161.9
2855,0.023551,867.65,0.0,161.9
2856,0.00045739,-513.75,0.0,161.9
2857,0.011633,130.0,149.2,0.0
2858,0.011006,130.0,149.2,0.0
2859,0.0023352,503.25,0.0,161.9
286,9.4746,-102.3,6.709,29.394
2860,0.0044162,2220.5,0.0,161.9
2861,0.0069776,592.82,0.0,161.9
2862,0.00011142,-559.56,0.0,-149.2
2863,0.017117,-307.1,33.2,-145.46
2864,0.024052,346.43,0.0,-161.9
2865,0.031195,1210.5,0.0,161.9
2866,0.013204,-388.43,0.0,161.9
2867,0.026912,591.87,0.0,161.9
2868,0.018187,739.85,0.0,161.9
2869,3.6058e-05,-123.19,149.2,0.0
287,7.8129,-339.42,6.0932,26.696
2870,0.01127,-553.25,0.0,161.9
2871,0.0026226,-130.0,149.2,0.0
2872,0.0017052,1818.5,0.0,161.9
2873,0.0087198,-487.78,0.0,161.9
2874,0.024198,-130.0,149.2,0.0
2875,9.6628e-05,-847.28,-149.2,0.0
2876,0.045503,318.33,0.0,-161.9
2877,0.0069355,379.76,0.0,161.9
2878,0.0035241,-168.1,143.37,-41.304
2879,0.024257,749.82,0.0,161.9
288,1.4334,2144.2,9.4793,19.684
2880,0.0012328,72.9,0.0,279.4
2881,0.0080269,1574.4,0.0,161.9
2882,0.0045205,1141.4,0.0,161.9
2883,0.0012285,968.74,0.0,161.9
2884,0.034384,1031.9,0.0,161.9
2885,0.00033492,1141.0,0.0,161.9
2886,0.00025321,690.16,0.0,161.9
2887,0.00097221,859.6,0.0,161.9
2888,0.0066335,2066.9,0.0,161.9
2889,0.018305,1008.6,0.0,161.9
289,3.4171,850.11,6.709,29.394
2890,0.0044692,989.64,0.0,161.9
2891,0.022461,826.62,0.0,-161.9
2892,0.016749,1138.0,0.0,161.9
2893,0.0073048,-348.71,0.0,-161.9
2894,0.00081062,769.58,0.0,161.9
2895,0.026575,1252.5,0.0,161.9
2896,0.00082723,1241.0,0.0,161.9
2897,0.0073268,508.42,0.0,161.9
2898,0.00050457,-988.83,0.0,161.9
2899,0.0040602,-1253.6,0.0,161.9
29,0.62473,934.35,0.0,30.15
290,0.30398,-119.89,0.0,30.15
2900,0.0073976,990.53,0.0,161.9
2901,0.028634,155.4,0.0,161.9
2902,0.027488,488.53,0.0,161.9
2903,0.011374,575.74,0.0,161.9
2904,0.00036957,269.28,0.0,161.9
2905,0.017188,839.05,0.0,161.9
2906,0.0023376,357.48,0.0,161.9
2907,8.7487e-05,341.7,0.0,161.9
2908,1.9997e-05,72.9,15.666,278.96
2909,0.0070914,1912.1,0.0,161.9
291,8.2625,839.98,6.0932,26.696
2910,0.0025665,-764.06,0.0,-161.9
2911,0.0084504,-977.5,0.0,161.9
2912,0.00047485,124.46,136.29,7.6536
2913,0.018444,504.35,0.0,161.9
2914,0.0035537,2042.5,0.0,-161.9
2915,0.0012563,2311.4,0.0,161.9
2916,0.0014147,2318.3,0.0,161.9
2917,0.00035255,266.37,0.0,161.9
2918,0.014937,283.22,0.0,161.9
2919,0.00034482,1163.1,0.0,161.9
292,0.02799,557.98,0.0,30.15
2920,0.003436,2120.8,0.0,161.9
2921,0.011726,-712.98,0.0,-161.9
2922,0.01012,-462.06,0.0,-161.9
2923,0.012083,180.8,0.0,-161.9
2924,0.0062209,1869.2,0.0,161.9
2925,0.010857,884.59,0.0,161.9
2926,0.00058567,1858.3,0.0,161.9
2927,9.1273e-05,-286.4,0.0,161.9
2928,0.010552,1240.7,0.0,161.9
2929,0.00038021,-427.47,0.0,161.9
293,0.0057847,80.97,0.0,-30.15
2930,6.9908e-05,436.2,-18.127,160.88
2931,0.0029814,-628.25,0.0,161.9
2932,0.0023471,1596.8,0.0,161.9
2933,0.025458,865.39,0.0,161.9
2934,0.033185,905.81,0.0,161.9
2935,0.015542,-370.0,0.0,161.9
2936,0.00087598,1075.3,0.0,161.9
2937,0.00049599,1950.4,0.0,161.9
2938,0.0081371,1158.2,0.0,161.9
2939,0.024381,619.24,0.0,-161.9
294,3.6364,-335.61,0.0,30.15
2940,0.0032107,929.18,0.0,161.9
2941,0.0004294,-527.27,0.0,-203.2
2942,0.0090548,-410.15,0.0,203.2
2943,0.0095808,-231.86,0.0,-203.2
2944,0.0020963,-1545.8,0.0,203.2
2945,0.0038602,1481.6,0.0,203.2
2946,0.001946,2141.1,0.0,203.2
2947,0.026307,377.42,0.0,203.2
2948,0.016067,1138.9,0.0,203.2
2949,0.00053285,553.85,0.0,-203.2
295,1.043,1487.0,6.709,29.394
2950,0.00012455,151.18,-189.78,-16.603
2951,0.0028467,-1076.1,0.0,-190.5
2952,0.00060901,888.51,0.0,203.2
2953,0.0019766,-1553.2,0.0,-203.2
2954,0.00021202,519.38,0.0,203.2
2955,0.0074632,-864.97,0.0,-190.5
2956,0.016224,-127.0,190.5,0.0
2957,0.0029664,1762.6,0.0,203.2
2958,0.0066777,629.54,0.0,-203.2
2959,0.01742,-132.08,190.2,10.681
296,1.277,-113.4,0.0,30.15
2960,3.0213e-05,139.7,190.5,0.0
2961,0.001635,1428.4,0.0,203.2
2962,0.00036804,146.1,190.2,-10.681
2963,0.0054574,310.26,0.0,-203.2
2964,0.0017123,2274.6,0.0,203.2
2965,0.010218,975.64,0.0,203.2
2966,6.3908e-05,612.43,0.0,203.2
2967,0.02088,349.02,0.0,-203.2
2968,0.00022669,1071.4,0.0,203.2
2969,0.015745,-190.5,185.72,-42.39
297,0.52068,406.53,0.0,30.15
2970,0.00077614,-1284.4,0.0,-203.2
2971,0.017089,770.22,0.0,203.2
2972,0.023428,1094.8,0.0,203.2
2973,0.00069226,479.78,0.0,203.2
2974,0.0092115,390.64,0.0,-203.2
2975,0.00065169,-858.9,0.0,-203.2
2976,0.010501,-261.78,0.0,203.2
2977,0.0019498,1084.0,0.0,203.2
2978,0.0026411,-1041.6,0.0,203.2
2979,0.0070762,-346.76,0.0,-203.2
298,0.10744,2679.0,13.622,17.081
2980,0.0079045,700.88,0.0,203.2
2981,0.027258,425.64,0.0,-203.2
2982,0.021127,526.71,0.0,-203.2
2983,0.00017473,815.73,0.0,203.2
2984,0.00038487,1683.5,0.0,203.2
2985,0.0031813,1515.6,0.0,203.2
2986,0.028397,495.98,0.0,203.2
2987,0.005097,1250.9,0.0,-203.2
2988,0.0040472,769.36,0.0,203.2
2989,0.025408,864.48,0.0,203.2
299,1.1906,2353.4,17.081,13.622
2990,0.0069814,1599.3,0.0,203.2
2991,0.0049044,1626.0,0.0,203.2
2992,0.0097314,1115.8,0.0,203.2
2993,0.01055,151.18,190.2,10.681
2994,0.00010106,956.8,190.5,0.0
2995,0.013641,146.1,189.58,18.672
2996,0.0091759,-403.81,134.7,-134.7
2997,0.0006027,-470.45,118.77,-148.94
2998,5.8543e-05,419.33,0.0,203.2
2999,8.3712e-05,-592.6,82.655,-171.63
3,1.7367,2186.6,11.809,24.522
30,13.097,-173.87,0.0,30.15
300,2.4442,885.95,6.0932,26.696
3000,1.1895e-05,82.6,15.836,342.53
3001,0.0071747,561.34,0.0,-203.2
3002,0.0091095,797.68,0.0,-203.2
3003,0.015543,595.9,0.0,203.2
3004,0.00075406,2011.3,0.0,203.2
3005,0.0025862,-128.91,193.59,5.6191
3006,0.025024,149.91,193.59,5.6191
3007,0.002506,-267.75,0.0,203.2
3008,0.024726,-385.74,0.0,203.2
3009,0.0067991,681.99,0.0,-203.2
301,5.3781,921.95,0.0,36.5
3010,0.018103,-591.95,0.0,203.2
3011,0.0021037,-187.33,190.93,-32.441
3012,0.0007841,-398.12,174.49,-84.03
3013,0.001435,-958.37,-84.03,-174.49
3014,0.011221,305.77,0.0,203.2
3015,0.026667,-187.33,193.28,-32.84
3016,0.00014422,-1111.4,193.67,0.0
3017,0.0011242,821.27,0.0,203.2
3018,0.0046208,748.62,0.0,-203.2
3019,0.0046226,-895.57,0.0,-203.2
302,1.3221,2242.6,7.2609,31.812
3020,0.013286,934.82,0.0,203.2
3021,0.00043027,1080.9,0.0,203.2
3022,0.0045091,1376.3,0.0,-203.2
3023,0.01049,941.7,0.0,203.2
3024,0.0019986,721.7,0.0,203.2
3025,0.0008951,1463.7,0.0,-203.2
3026,0.00092405,482.42,0.0,203.2
3027,0.036759,426.92,0.0,203.2
3028,0.003801,181.61,193.67,0.0
3029,0.0093218,-181.61,190.68,-33.918
303,0.32506,2169.3,0.0,36.5
3030,0.00017014,-607.89,120.75,-151.42
3031,0.0036634,1927.7,0.0,203.2
3032,0.00063001,-127.0,193.59,5.6191
3033,0.0012151,-456.7,0.0,-203.2
3034,0.035214,491.74,0.0,203.2
3035,0.0014062,-1069.7,0.0,203.2
3036,0.00053079,-149.91,193.59,5.6191
3037,0.00063498,-1444.4,0.0,203.2
3038,4.2271e-05,146.1,193.67,0.0
3039,0.030673,152.77,193.67,0.0
304,1.6351,-591.78,7.2609,31.812
3040,0.0015714,-146.1,193.67,0.0
3041,0.00099376,-1140.1,-84.03,-174.49
3042,0.027435,525.47,0.0,203.2
3043,0.0016317,1233.7,0.0,203.2
3044,0.00049215,-949.92,-84.03,-174.49
3045,0.00085819,837.49,0.0,203.2
3046,0.021987,1036.4,0.0,203.2
3047,0.0013697,2100.4,0.0,203.2
3048,0.002645,2297.3,0.0,203.2
3049,0.0035297,1664.1,0.0,203.2
305,3.569,-1182.1,7.2609,31.812
3050,0.00045839,-418.86,0.0,-203.2
3051,4.1671e-05,-146.1,193.67,0.0
3052,1.9089e-05,146.1,193.49,8.4478
3053,0.004457,1719.5,0.0,-203.2
3054,0.0017085,1959.1,0.0,203.2
3055,0.00017572,679.97,0.0,203.2
3056,0.00028501,737.49,0.0,203.2
3057,0.006922,-487.38,151.42,-120.75
3058,0.0068218,1170.8,0.0,203.2
3059,0.0065869,-187.33,190.93,-32.441
306,3.4511,-685.07,7.5479,33.07
3060,0.011249,555.51,0.0,203.2
3061,0.0076338,926.87,0.0,203.2
3062,0.011633,148.44,0.0,203.2
3063,0.0031415,1789.9,0.0,203.2
3064,0.0079337,512.95,0.0,203.2
3065,3.9078e-05,127.0,181.76,0.0
3066,0.015796,378.23,0.0,203.2
3067,0.0090466,-484.29,0.0,-203.2
3068,1.4205e-05,-167.54,181.57,-8.3453
3069,0.00077298,-412.48,0.0,203.2
307,6.2227,1632.8,7.835,34.327
3070,0.0033533,769.74,0.0,203.2
3071,0.00081697,-1192.6,0.0,-203.2
3072,0.019117,780.21,0.0,-203.2
3073,0.0047475,-186.38,171.56,-60.032
3074,0.010461,1498.3,0.0,203.2
3075,0.00098124,1509.1,0.0,203.2
3076,0.00051148,931.35,0.0,203.2
3077,0.022317,733.37,0.0,203.2
3078,1.7672e-05,-362.38,181.76,0.0
3079,0.0016627,-917.27,0.0,203.2
308,1.8467,1078.2,8.122,35.585
3080,0.0071116,1630.0,0.0,203.2
3081,0.0041235,879.43,0.0,203.2
3082,0.00090145,150.39,181.76,0.0
3083,0.010113,-278.07,0.0,203.2
3084,0.0010614,-838.4,0.0,203.2
3085,0.0043551,-675.21,0.0,203.2
3086,0.00987,736.71,0.0,-203.2
3087,0.016664,669.85,0.0,-203.2
3088,0.00059826,423.21,0.0,203.2
3089,0.00054889,-177.8,164.39,119.44
309,7.6937,1199.3,0.0,36.5
3090,0.00044614,682.39,0.0,203.2
3091,0.010378,195.4,0.0,203.2
3092,0.0017231,127.0,181.76,0.0
3093,0.00052451,705.92,0.0,203.2
3094,0.013861,690.49,0.0,203.2
3095,0.0042586,631.37,0.0,203.2
3096,0.00056786,2052.3,0.0,203.2
3097,0.0094855,-504.5,0.0,203.2
3098,0.00041679,-150.39,181.76,0.0
3099,0.0019875,-154.68,181.47,10.191
31,23.731,92.598,6.709,29.394
310,0.36887,-1225.3,8.122,35.585
3100,6.8841e-05,518.21,0.0,-203.2
3101,0.00018415,82.6,0.0,342.9
3102,1.0845e-05,82.6,16.825,342.49
3103,3.5577e-05,-177.8,179.92,94.432
3104,0.00089663,-419.01,0.0,-203.2
3105,0.0013578,-604.67,0.0,-187.12
3106,0.0018983,884.58,0.0,203.2
3107,0.0018882,-1070.7,0.0,-203.2
3108,1.5039e-05,-507.57,181.76,0.0
3109,0.00029051,1500.8,0.0,203.2
311,6.0168,838.04,8.122,35.585
3110,0.0075926,727.84,0.0,203.2
3111,0.0032016,562.34,0.0,-203.2
3112,0.0067972,1212.2,0.0,203.2
3113,0.0021348,-732.01,0.0,203.2
3114,0.0017371,2035.9,0.0,203.2
3115,3.8473e-05,150.39,181.76,0.0
3116,0.0014492,971.8,0.0,203.2
3117,0.0052034,-349.27,0.0,-203.2
3118,1.2212e-05,82.6,17.946,342.43
3119,0.0122,905.31,0.0,203.2
312,0.028141,-203.63,0.0,36.5
3120,0.00043168,303.62,0.0,203.2
3121,0.00095366,2022.5,0.0,203.2
3122,0.0049504,-129.54,190.5,0.0
3123,0.018457,888.39,0.0,203.2
3124,0.0026374,-600.79,0.0,203.2
3125,0.0050008,1619.8,0.0,203.2
3126,0.0018805,1258.1,0.0,203.2
3127,0.012112,839.68,0.0,203.2
3128,0.022232,1232.5,0.0,203.2
3129,0.0026807,-1146.5,0.0,203.2
313,0.56123,-1159.2,0.0,36.5
3130,0.018049,574.04,0.0,203.2
3131,0.010784,-706.35,43.097,-188.82
3132,0.010744,541.44,0.0,203.2
3133,2.1037e-05,-190.5,186.84,-37.165
3134,0.0033883,180.34,-189.3,-21.329
3135,0.01155,-837.2,0.0,-190.5
3136,0.02998,845.18,0.0,203.2
3137,0.0044988,1052.3,0.0,203.2
3138,3.7095e-05,132.08,190.5,0.0
3139,0.022635,580.57,0.0,203.2
314,0.36701,-1348.8,0.0,36.5
3140,0.0015928,786.2,0.0,203.2
3141,0.00035723,2574.3,0.0,203.2
3142,5.8656e-05,-151.18,190.5,0.0
3143,0.03439,644.57,0.0,203.2
3144,0.0062325,672.94,0.0,203.2
3145,0.00034118,2510.6,0.0,203.2
3146,0.00070978,-1015.5,0.0,-190.5
3147,0.00036819,1982.3,0.0,203.2
3148,4.1037e-05,544.82,0.0,203.2
3149,0.00010262,553.06,0.0,203.2
315,0.17912,303.32,0.0,36.5
3150,0.0046534,180.34,185.72,-42.39
3151,0.011154,405.73,0.0,203.2
3152,0.00081472,-135.89,190.5,0.0
3153,2.8725e-05,317.38,190.5,0.0
3154,6.7627e-05,-678.24,190.5,0.0
3155,0.00041359,-816.07,0.0,-203.2
3156,0.0031591,597.15,0.0,-203.2
3157,0.011351,1240.5,0.0,203.2
3158,0.00048916,943.88,0.0,203.2
3159,0.0026847,-399.96,0.0,203.2
316,1.0907,177.01,7.2609,31.812
3160,0.0039764,528.04,0.0,203.2
3161,0.013546,382.08,0.0,-203.2
3162,0.019247,623.29,0.0,203.2
3163,0.0057798,-704.99,0.0,-190.5
3164,7.8843e-05,-833.52,-62.95,-179.8
3165,0.017081,608.76,0.0,203.2
3166,0.0014768,360.47,0.0,-203.2
3167,0.010808,-127.0,190.5,0.0
3168,0.0059951,-853.14,0.0,203.2
3169,0.0040097,418.89,0.0,-203.2
317,12.063,947.29,31.812,7.2609
3170,0.014588,277.5,0.0,203.2
3171,0.0022682,-146.1,189.58,-18.672
3172,0.0084997,151.18,190.5,0.0
3173,0.011634,660.54,0.0,203.2
3174,0.022454,883.57,0.0,203.2
3175,8.8454e-06,-146.1,190.34,-7.8724
3176,0.00046402,730.39,0.0,203.2
3177,0.00015155,-812.97,0.0,-190.5
3178,9.7535e-05,1469.5,0.0,203.2
3179,0.014316,335.6,0.0,-203.2
318,5.371,1359.9,7.835,34.327
3180,0.00048285,1187.1,0.0,203.2
319,2.46,669.45,0.0,36.5
32,13.196,433.14,16.97,21.279
320,3.4698,1277.1,7.2609,31.812
321,0.22741,-733.27,0.0,36.5
322,11.957,238.55,14.158,29.399
323,0.62173,-748.91,0.0,36.5
324,0.31392,-42.333,0.0,47.033
325,3.5805,1593.5,14.717,30.561
326,1.376,-245.05,7.5479,33.07
327,11.798,359.06,20.344,25.511
328,2.6202,440.23,7.835,34.327
329,2.2757,1046.2,7.2609,31.812
33,2.1311,39.87,0.0,34.232
330,11.114,79.2,0.0,36.5
331,5.318,-218.38,8.122,35.585
332,0.070729,2021.2,0.0,36.5
333,0.39958,263.74,0.0,36.5
334,0.22872,612.99,8.122,35.585
335,13.691,240.89,8.122,35.585
336,0.14425,-403.56,0.0,36.5
337,3.9186,-965.48,0.0,36.5
338,1.0689,-321.87,7.2609,31.812
339,2.8088,-886.02,7.835,34.327
34,2.9713,-1580.6,6.4915,28.441
340,10.225,-42.333,0.0,47.033
341,0.042817,187.24,0.0,36.5
342,1.3706,313.99,15.277,31.723
343,7.904,79.2,0.0,36.5
344,0.2223,535.53,0.0,36.5
345,0.11977,625.15,0.0,36.5
346,9.1881,-163.11,0.0,36.5
347,0.60219,2059.3,0.0,36.5
348,5.9277,-548.88,8.122,35.585
349,1.117,-1659.0,20.344,25.511
35,12.605,887.36,26.535,6.0565
350,10.836,767.1,8.122,35.585
351,13.967,439.91,7.835,34.327
352,4.4774,-518.23,0.0,36.5
353,5.366,392.73,7.5479,33.07
354,3.8228,-81.36,0.0,36.5
355,8.6694,328.83,7.835,34.327
356,0.17166,-101.44,0.0,36.5
357,0.64618,-772.03,0.0,36.5
358,11.318,890.3,25.511,20.344
359,0.56329,2162.8,0.0,36.5
36,5.2548,368.35,0.0,30.15
360,1.3888,-746.37,7.5479,33.07
361,0.22706,71.964,0.0,36.5
362,1.8522,133.62,0.0,36.5
363,0.08196,180.83,0.0,36.5
364,10.699,816.91,31.812,7.2609
365,1.9473,1981.8,14.158,29.399
366,0.67559,-1163.3,0.0,36.5
367,4.3056,1666.9,7.2609,31.812
368,6.7039,1167.3,7.2609,31.812
369,3.1426,1501.2,7.2609,31.812
37,9.0569,-603.96,0.0,30.15
370,4.1846,737.74,7.5479,33.07
371,0.19656,-64.4,0.0,41.767
372,0.151,1010.3,8.122,35.585
373,9.5048,1127.8,0.0,36.5
374,2.4688,-402.99,8.122,35.585
375,0.64829,-436.49,0.0,36.5
376,0.47402,-166.85,0.0,36.5
377,0.29405,1223.4,8.122,35.585
378,0.78921,-1762.0,0.0,36.5
379,1.5831,1198.5,7.2609,31.812
38,12.407,-98.03,6.0565,26.535
380,0.58279,-549.76,0.0,36.5
381,0.16909,758.78,8.122,35.585
382,0.094808,119.02,0.0,36.5
383,1.4766,1112.8,0.0,36.5
384,2.8021,-761.36,0.0,36.5
385,1.2445,1324.1,14.158,29.399
386,5.7519,348.41,7.835,34.327
387,0.90794,298.63,0.0,36.5
388,0.63151,-1126.0,0.0,36.5
389,0.96541,2438.3,8.122,35.585
39,1.4434,158.02,0.0,30.15
390,5.1594,424.95,7.835,34.327
391,0.65407,-1809.5,0.0,36.5
392,2.6937,1187.5,0.0,36.5
393,1.8489,159.52,7.835,34.327
394,0.037559,-139.95,0.0,36.5
395,1.7644,-621.37,7.2609,31.812
396,7.9915,1026.1,7.835,34.327
397,2.4638,-970.57,7.835,34.327
398,0.05144,59.267,0.0,41.767
399,0.56792,-90.315,0.0,36.5
4,23.558,602.49,6.4915,28.441
40,4.6816,-217.82,6.4915,28.441
400,3.7154,1802.4,7.835,34.327
401,2.0889,839.99,7.835,34.327
402,2.6925,539.2,7.2609,31.812
403,7.5064,-245.42,8.122,35.585
404,6.6853,986.35,0.0,36.5
405,2.1252,550.42,8.122,35.585
406,6.8405,354.55,0.0,36.5
407,7.2051,758.06,0.0,36.5
408,7.0966,1305.7,7.5479,33.07
409,0.11151,-416.66,0.0,36.5
41,17.027,170.31,21.279,16.97
410,1.4284,-202.72,7.835,34.327
411,0.92701,1617.1,0.0,36.5
412,8.7331,-193.4,0.0,36.5
413,4.5632,-521.4,0.0,36.5
414,1.9904,1018.2,7.2609,31.812
415,4.4285,450.67,0.0,36.5
416,0.30575,471.73,0.0,36.5
417,0.36512,1785.3,0.0,36.5
418,0.022018,497.72,0.0,36.5
419,6.9212,935.89,7.2609,31.812
42,7.8535,413.77,0.0,30.15
420,0.48498,-1195.2,8.122,35.585
421,1.1177,1161.0,13.556,28.149
422,1.9163,1016.7,0.0,36.5
423,4.9843,445.92,8.122,35.585
424,9.6103,409.25,8.122,35.585
425,0.57201,397.11,0.0,36.5
426,0.072206,-499.76,0.0,36.5
427,1.077,1917.5,7.732,33.876
428,0.14975,2143.9,0.0,36.5
429,5.7484,-410.62,7.732,33.876
43,1.3544,326.04,6.0565,26.535
430,4.8601,1268.7,7.3421,32.168
431,0.56235,642.13,0.0,36.5
432,1.385,1813.5,0.0,-36.5
433,1.2282,1445.5,0.0,36.5
434,4.2263,438.74,0.0,36.5
435,10.126,1039.7,13.556,28.149
436,6.2525,1400.3,8.122,35.585
437,7.472,812.11,8.122,35.585
438,3.9087,-643.55,8.122,35.585
439,0.47765,-1562.0,0.0,36.5
44,7.2956,-157.32,6.4915,28.441
440,1.7553,1762.3,15.076,31.306
441,0.5858,-1321.3,8.122,35.585
442,3.0288,-494.43,6.9521,30.459
443,2.2194,-609.41,8.122,35.585
444,1.1696,2326.9,19.479,24.426
445,1.391,-535.77,0.0,36.5
446,0.48977,206.21,0.0,36.5
447,0.12569,733.79,0.0,36.5
448,0.80429,-1099.4,0.0,36.5
449,0.88575,853.91,0.0,36.5
45,5.2604,-527.35,0.0,30.15
450,0.79599,-1228.0,0.0,36.5
451,5.7703,145.34,8.122,35.585
452,0.25926,-534.37,0.0,36.5
453,7.8121,810.06,7.3421,32.168
454,0.624,2389.7,0.0,36.5
455,0.83013,394.77,0.0,36.5
456,1.7164,809.67,13.556,28.149
457,4.0825,-498.05,7.732,33.876
458,5.9833,771.83,7.732,33.876
459,0.018931,159.08,0.0,36.5
46,7.671,497.22,0.0,30.15
460,4.5177,1497.7,0.0,36.5
461,7.1612,822.04,7.3421,32.168
462,1.0532,765.91,0.0,36.5
463,0.14749,1697.6,7.732,33.876
464,9.6826,363.83,8.122,35.585
465,2.953,160.15,7.732,33.876
466,0.38838,372.13,0.0,36.5
467,0.24878,72.704,0.0,36.5
468,3.5778,857.44,6.9521,30.459
469,2.5023,948.68,0.0,36.5
47,3.9216,-867.18,0.0,30.15
470,4.5124,-76.91,0.0,36.5
471,2.2323,1737.3,8.122,35.585
472,1.1538,-211.91,7.3421,32.168
473,1.5917,-266.23,7.732,33.876
474,0.79577,110.97,0.0,36.5
475,0.91117,238.11,0.0,36.5
476,5.7146,425.3,7.732,33.876
477,1.2244,-1014.1,7.732,33.876
478,6.4407,157.7,7.3421,32.168
479,1.1146,1237.9,14.316,29.727
48,0.49005,1525.8,0.0,30.15
480,0.17608,-946.29,0.0,36.5
481,1.9404,-966.71,0.0,36.5
482,0.058593,-302.38,0.0,36.5
483,1.2901,-276.92,7.732,33.876
484,0.19518,-184.13,0.0,36.5
485,3.1721,-1051.3,7.732,33.876
486,5.709,-50.483,0.0,41.114
487,0.45854,-1396.9,0.0,36.5
488,0.011612,69.85,0.0,38.475
489,1.686,987.15,13.556,28.149
49,23.914,554.55,21.279,16.97
490,0.95099,1177.3,0.0,36.5
491,0.057208,758.15,0.0,36.5
492,1.3938,100.13,7.732,33.876
493,6.0978,-246.35,7.732,33.876
494,2.6545,-213.85,0.0,36.5
495,0.68679,-742.25,0.0,36.5
496,10.429,967.22,30.459,6.9521
497,11.277,677.05,24.426,19.479
498,0.38207,2133.2,8.122,35.585
499,0.013838,-181.29,0.0,36.5
5,0.062174,-67.41,0.0,-30.15
50,4.1126,-944.93,6.0565,26.535
500,0.047837,69.9,0.0,36.5
501,0.032126,92.539,0.0,36.5
502,0.53745,1174.4,0.0,36.5
503,1.2046,1030.5,0.0,36.5
504,7.1621,505.85,7.732,33.876
505,3.5928,808.17,7.3421,32.168
506,2.6173,1010.7,6.9521,30.459
507,0.28162,-370.55,0.0,36.5
508,0.82934,885.86,0.0,36.5
509,5.6327,511.44,7.3421,32.168
51,12.748,702.8,12.657,26.284
510,0.053537,555.46,0.0,36.5
511,0.16746,479.48,8.122,35.585
512,0.39362,548.37,0.0,36.5
513,2.3777,69.9,0.0,36.5
514,0.027972,494.03,0.0,36.5
515,1.9038,-1160.3,8.122,35.585
516,0.077889,-246.94,0.0,36.5
517,10.947,499.11,24.426,19.479
518,0.53693,864.0,0.0,36.5
519,0.47927,164.31,0.0,36.5
52,0.15711,1057.9,6.4915,28.441
520,0.2945,-1141.7,0.0,36.5
521,1.6085,925.04,15.076,31.306
522,2.2024,-455.7,7.732,33.876
523,1.3486,1018.2,15.076,31.306
524,2.2662,294.94,7.3421,32.168
525,7.1065,1073.4,0.0,36.5
526,2.8865,616.94,0.0,36.5
527,2.6413,180.04,0.0,36.5
528,9.6934,1061.1,8.122,35.585
529,0.081119,2180.3,0.0,36.5
53,15.537,687.42,6.0565,26.535
530,0.69638,-1059.8,0.0,36.5
531,1.3164,-1401.1,7.3421,32.168
532,3.7667,-153.97,8.122,35.585
533,8.9238,190.62,8.122,35.585
534,5.3492,-59.267,0.0,41.767
535,0.11606,228.05,0.0,36.5
536,4.4909,-561.14,0.0,36.5
537,0.21837,-143.49,0.0,36.5
538,1.2792,-764.14,13.556,28.149
539,1.1567,-1068.5,6.9521,30.459
54,0.3173,2196.6,0.0,30.15
540,1.2196,1441.7,13.556,28.149
541,0.074379,1855.1,0.0,36.5
542,1.3537,280.84,14.316,29.727
543,0.23888,-1537.3,8.122,35.585
544,3.8328,414.77,0.0,36.5
545,6.3935,847.0,7.3421,32.168
546,0.86134,2039.7,0.0,36.5
547,2.1342,1203.9,8.122,35.585
548,2.8299,566.23,7.3421,32.168
549,0.14002,-990.76,0.0,36.5
55,19.35,589.76,12.657,26.284
550,3.162,1114.9,14.316,29.727
551,0.72107,1806.6,8.122,35.585
552,2.0272,319.7,8.122,35.585
553,4.3175,986.86,7.3421,32.168
554,8.1231,699.64,0.0,36.5
555,1.2321,-517.82,7.3421,32.168
556,0.74985,-750.13,8.122,35.585
557,0.48629,791.94,8.122,35.585
558,0.97533,-416.82,0.0,36.5
559,0.29792,460.94,0.0,36.5
56,7.0779,551.88,6.709,29.394
560,1.6008,866.74,7.3421,32.168
561,3.5105,134.04,7.3421,32.168
562,0.8853,-376.39,0.0,36.5
563,0.65378,846.97,0.0,36.5
564,0.098187,598.63,0.0,36.5
565,0.43384,-1509.1,8.122,35.585
566,3.4289,736.51,8.122,35.585
567,0.53963,2325.8,8.122,35.585
568,0.13693,-490.16,8.122,35.585
569,0.057245,399.6,0.0,36.5
57,0.783,1575.8,0.0,30.15
570,0.24609,235.95,0.0,36.5
571,4.4372,1066.1,8.122,35.585
572,0.36265,-237.57,0.0,36.5
573,0.069823,-221.46,0.0,36.5
574,2.7159,-906.55,0.0,36.5
575,4.9753,133.41,8.122,35.585
576,2.2165,-222.53,7.3421,32.168
577,1.8374,-304.67,0.0,36.5
578,0.41479,-281.79,0.0,36.5
579,2.4701,1720.4,6.5621,28.751
58,8.5742,592.15,6.274,27.488
580,1.1359,583.5,6.5621,28.751
581,6.8959,635.19,0.0,36.5
582,0.74544,1236.9,0.0,36.5
583,0.18175,-176.76,0.0,36.5
584,4.9102,985.38,0.0,36.5
585,0.86981,610.38,0.0,36.5
586,0.0053292,83.92,0.0,36.5
587,1.7937,386.26,14.316,29.727
588,0.053198,523.75,0.0,36.5
589,2.8316,953.34,12.795,26.57
59,0.79059,733.87,0.0,30.15
590,0.78064,138.72,0.0,36.5
591,1.2744,-1247.4,8.122,35.585
592,2.6653,1619.2,14.316,29.727
593,0.85964,-994.08,0.0,36.5
594,6.0588,170.2,7.3421,32.168
595,6.4149,90.22,0.0,36.5
596,0.091354,2443.7,0.0,36.5
597,2.5045,-385.63,8.122,35.585
598,0.24935,-1419.5,7.3421,32.168
599,2.75,-610.13,8.122,35.585
6,3.6947,1298.7,6.709,29.394
60,12.915,-126.52,16.97,21.279
600,0.059213,608.22,0.0,-36.5
601,0.6067,-854.13,0.0,44.45
602,4.1086,683.38,0.0,-44.45
603,1.5258,571.38,9.5856,41.997
604,0.40882,2484.9,0.0,44.45
605,0.12214,-773.53,0.0,-44.45
606,1.6461,-624.05,9.2802,40.659
607,1.3873,1926.7,9.8911,43.336
608,0.14847,-28.4,0.0,-107.95
609,1.6002,1002.2,18.691,38.811
61,2.6533,807.01,6.4915,28.441
610,3.933,-487.38,8.9748,39.321
611,0.057619,82.6,0.0,-44.45
612,0.30313,1425.1,0.0,-44.45
613,0.23947,2099.7,9.5856,-41.997
614,0.74966,857.47,0.0,-44.45
615,1.4689,-1124.4,18.691,38.811
616,0.81573,-172.77,0.0,44.45
617,1.1729,1351.3,18.691,-38.811
618,0.1461,2371.5,9.2802,40.659
619,4.191,649.22,0.0,44.45
62,1.1789,-1162.3,11.809,24.522
620,0.51308,2243.2,0.0,-44.45
621,1.226,-325.21,8.9748,39.321
622,0.31544,79.2,0.0,-44.45
623,0.06591,751.23,0.0,-44.45
624,0.061095,-80.298,38.899,2.1845
625,1.06,-1176.1,17.5,36.338
626,0.16654,1051.9,9.5856,-41.997
627,0.27355,-413.9,0.0,-44.45
628,0.71285,1628.8,0.0,-44.45
629,2.794,663.29,9.2802,-40.659
63,8.6967,957.56,6.709,29.394
630,0.19769,-646.71,0.0,-44.45
631,3.7175,69.9,0.0,44.45
632,0.08785,774.16,0.0,-44.45
633,5.3663,227.87,8.9748,39.321
634,5.1419,-135.85,8.9748,39.321
635,1.2381,2102.9,9.2802,40.659
636,6.0208,743.14,9.2802,40.659
637,0.14337,-822.08,0.0,-44.45
638,3.5727,-84.69,39.321,8.9748
639,0.59137,-128.62,35.102,16.904
64,0.23817,1704.7,6.4915,28.441
640,0.35692,1224.2,9.8911,-43.336
641,0.31082,-803.99,0.0,-44.45
642,0.4394,280.92,0.0,44.45
643,2.5148,208.92,0.0,44.45
644,3.648,223.0,9.5856,41.997
645,0.65947,-782.05,0.0,44.45
646,0.19608,311.58,0.0,-44.45
647,0.30748,1393.7,9.8911,-43.336
648,1.2657,-1122.6,0.0,44.45
649,0.91232,-444.32,0.0,44.45
65,1.2775,1930.7,6.274,27.488
650,0.91571,-125.24,35.102,16.904
651,7.045,446.55,9.8911,43.336
652,0.38295,-1696.4,0.0,-44.45
653,5.391,79.2,0.0,44.45
654,1.8144,-147.12,39.321,8.9748
655,1.8591,1306.5,8.9748,39.321
656,3.6688,-193.14,30.46,24.291
657,0.039872,-515.99,0.0,-44.45
658,0.23629,309.66,0.0,-44.45
659,0.0072464,38.2,0.0,-104.8
66,13.223,-382.04,11.809,24.522
660,0.50955,-336.45,0.0,44.45
661,6.3787,411.52,9.8911,43.336
662,2.9986,-594.44,9.8911,43.336
663,0.10678,-939.27,0.0,-44.45
664,0.095823,1205.6,0.0,-44.45
665,0.10305,2253.5,0.0,44.45
666,6.1692,1052.4,9.5856,41.997
667,0.43692,-1233.3,9.8911,43.336
668,3.3743,1499.1,8.9748,39.321
669,4.4633,-142.31,17.5,36.338
67,12.323,-709.29,11.809,24.522
670,0.77517,79.2,0.0,-44.45
671,3.9785,-555.61,9.8911,43.336
672,0.79253,1880.4,9.8911,-43.336
673,3.1049,460.64,0.0,-44.45
674,6.6762,82.6,0.0,44.45
675,0.11091,-38.2,0.0,-104.8
676,0.24345,-215.51,0.0,44.45
677,0.48974,455.95,0.0,44.45
678,1.2361,69.9,0.0,-44.45
679,3.0779,477.5,9.5856,41.997
68,2.4833,73.81,0.0,30.15
680,0.53433,336.52,0.0,44.45
681,3.607,1276.5,8.9748,39.321
682,0.3377,261.35,0.0,-44.45
683,0.036319,-298.28,0.0,-44.45
684,0.77681,1272.5,0.0,-44.45
685,6.1356,426.88,0.0,44.45
686,2.5639,-489.35,8.9748,39.321
687,6.4795,248.79,0.0,-44.45
688,0.278,-1176.1,0.0,-44.45
689,0.045023,2413.3,0.0,-44.45
69,19.091,-298.01,11.809,24.522
690,3.7173,657.04,0.0,44.45
691,1.7691,1763.6,9.2802,40.659
692,1.9924,1733.4,8.9748,39.321
693,0.75381,-772.62,0.0,44.45
694,1.3999,-1147.8,0.0,44.45
695,0.20105,-612.04,0.0,-44.45
696,5.8856,893.99,9.5856,41.997
697,0.35094,262.3,0.0,-44.45
698,1.9814,1699.0,17.5,36.338
699,2.7414,533.41,9.8911,43.336
7,3.346,268.86,0.0,30.15
70,0.55712,-339.18,0.0,30.15
700,0.21404,374.02,0.0,-44.45
701,1.0978,-1272.3,8.9748,39.321
702,0.053031,1696.6,0.0,-44.45
703,1.3133,1489.0,9.5856,41.997
704,0.011376,38.2,0.0,-104.8
705,0.71728,-1138.6,0.0,-44.45
706,0.086919,69.9,0.0,-44.45
707,0.080082,-23.9,0.0,-95.25
708,0.016205,23.9,0.0,-95.25
709,0.87007,1921.5,0.0,-44.45
71,20.056,23.1,0.0,30.15
710,4.7304,69.9,0.0,44.45
711,7.8497,455.05,9.8911,43.336
712,4.7309,79.2,0.0,44.45
713,0.46398,-249.78,0.0,44.45
714,0.57608,1985.3,0.0,-44.45
715,1.1278,79.2,0.0,-44.45
716,0.043681,-223.35,0.0,-44.45
717,0.49219,-306.16,0.0,44.45
718,2.6861,539.39,9.2802,-40.659
719,0.94781,-833.67,0.0,44.45
72,18.067,1300.9,16.97,21.279
720,0.42273,1360.8,0.0,-44.45
721,0.29609,-352.16,0.0,-44.45
722,0.62276,1325.7,0.0,-44.45
723,4.1986,229.79,9.4672,41.478
724,5.3333,808.02,9.8911,43.336
725,0.72633,1272.6,0.0,-44.45
726,0.17915,556.36,0.0,-44.45
727,0.85156,1785.6,9.8911,-43.336
728,0.16314,785.55,0.0,-44.45
729,0.5353,79.2,0.0,44.45
73,27.65,773.72,6.0565,26.535
730,0.67312,1411.6,9.8911,-43.336
731,0.17193,-222.85,0.0,44.45
732,0.69088,853.51,0.0,-44.45
733,1.651,-222.28,9.4672,41.478
734,0.36458,720.43,0.0,-44.45
735,3.3566,82.6,0.0,44.45
736,0.070077,69.9,0.0,-44.45
737,0.29924,1021.7,0.0,-44.45
738,1.2699,-288.26,16.806,34.899
739,2.6167,492.17,9.0433,-39.621
74,14.97,1219.5,12.233,25.403
740,2.9259,-183.2,9.4672,41.478
741,1.1185,-337.12,16.806,34.899
742,0.10191,79.2,0.0,-44.45
743,0.55108,245.1,0.0,44.45
744,0.43547,-210.96,0.0,44.45
745,1.7732,-153.66,0.0,44.45
746,2.2122,82.6,0.0,44.45
747,0.70292,1238.2,0.0,-44.45
748,0.16294,-635.2,9.8911,-43.336
749,1.5383,1318.7,16.806,34.899
75,3.2541,158.41,6.4915,28.441
750,0.69052,82.6,0.0,-44.45
751,1.187,372.24,8.6193,-37.764
752,2.3648,1471.1,8.6193,37.764
753,4.1263,281.44,9.0433,39.621
754,1.0285,674.82,9.4672,41.478
755,1.788,-976.95,9.8911,43.336
756,1.0471,1486.3,0.0,44.45
757,5.4932,438.25,9.4672,41.478
758,1.5895,-508.2,0.0,44.45
759,3.6677,79.2,0.0,44.45
76,19.955,313.08,6.274,27.488
760,0.33281,2141.0,9.8911,-43.336
761,1.5642,657.05,9.4672,-41.478
762,0.15172,241.88,9.8911,43.336
763,0.49407,-878.43,0.0,44.45
764,0.37092,1450.3,0.0,-44.45
765,0.051143,553.72,0.0,-44.45
766,4.5388,787.96,0.0,44.45
767,0.27772,-69.9,0.0,-44.45
768,1.5919,959.71,8.6193,37.764
769,1.6526,1347.0,16.806,34.899
77,14.253,-118.75,11.809,24.522
770,0.69633,346.38,0.0,44.45
771,0.078154,-520.81,0.0,-44.45
772,1.3207,886.29,17.633,36.615
773,0.024,331.22,0.0,-44.45
774,0.8305,-1252.4,0.0,44.45
775,1.1284,370.52,9.8911,43.336
776,1.9583,476.13,9.8911,43.336
777,0.34375,82.6,0.0,-44.45
778,3.8384,-147.46,8.6193,37.764
779,0.038683,82.6,0.0,-44.45
78,17.147,252.5,6.709,29.394
780,0.33622,914.47,0.0,-44.45
781,2.1545,381.58,9.0433,39.621
782,1.5742,1259.8,9.8911,43.336
783,5.3535,360.68,0.0,-44.45
784,0.99828,-1274.8,0.0,44.45
785,5.2966,242.29,9.8911,43.336
786,2.2467,79.2,0.0,44.45
787,0.3421,-1239.0,0.0,44.45
788,0.069086,1157.4,0.0,-44.45
789,0.11566,-964.61,0.0,44.45
79,5.3864,-511.73,6.274,27.488
790,1.7931,1318.7,9.8911,43.336
791,5.2336,370.27,0.0,44.45
792,0.21237,82.6,0.0,-44.45
793,4.608,361.32,0.0,-44.45
794,0.16588,2539.6,0.0,-44.45
795,0.21051,1099.6,9.8911,-43.336
796,1.3698,612.31,9.4672,41.478
797,0.7229,564.55,0.0,44.45
798,0.10364,939.3,9.8911,-43.336
799,0.35439,222.23,0.0,44.45
8,7.898,332.73,6.709,29.394
80,5.7396,723.95,6.4915,28.441
800,1.3516,843.75,9.8911,43.336
801,0.72153,209.07,0.0,44.45
802,0.23514,-1606.9,0.0,44.45
803,0.75336,1314.1,0.0,44.45
804,1.9649,79.2,0.0,44.45
805,4.6376,739.75,0.0,44.45
806,4.936,196.52,8.6193,37.764
807,0.4813,-1085.2,0.0,44.45
808,0.75117,82.6,0.0,-44.45
809,1.4441,978.18,0.0,44.45
81,0.28908,-380.28,0.0,30.15
810,0.85193,-586.55,0.0,44.45
811,0.057558,917.44,0.0,-44.45
812,1.5463,1391.6,8.6193,37.764
813,0.65207,240.54,0.0,44.45
814,1.0045,-69.9,36.615,17.633
815,5.105,973.98,9.0433,39.621
816,1.9602,-661.47,8.6193,37.764
817,0.38677,79.2,0.0,-44.45
818,0.11063,2216.7,9.8911,43.336
819,1.0453,-1061.9,16.806,34.899
82,25.448,99.51,6.0565,26.535
820,0.61696,344.44,0.0,44.45
821,0.56082,-913.43,0.0,44.45
822,0.85702,-237.73,0.0,44.45
823,0.90921,-541.57,0.0,44.45
824,3.2545,-199.57,9.8911,43.336
825,0.63831,1578.9,0.0,-44.45
826,0.39789,1707.7,0.0,44.45
827,0.13007,1538.4,0.0,-44.45
828,1.9898,-69.9,-41.066,-17.01
829,1.7116,-364.84,0.0,44.45
83,6.1839,-443.75,6.709,29.394
830,3.6949,1227.6,9.4672,41.478
831,0.394,2193.4,9.8911,-43.336
832,0.19677,1532.6,0.0,-44.45
833,0.082261,1349.5,0.0,-44.45
834,0.55233,79.2,0.0,-44.45
835,1.2733,1023.4,16.806,34.899
836,1.072,82.6,24.695,-36.959
837,0.64632,-623.86,0.0,44.45
838,0.70827,1632.3,9.8911,43.336
839,2.9176,82.6,0.0,44.45
84,2.1521,-452.52,6.274,27.488
840,0.058067,461.6,0.0,44.45
841,0.090094,-890.57,0.0,44.45
842,0.35021,-1279.8,9.8911,43.336
843,1.4889,523.02,9.8911,43.336
844,1.3182,-904.66,0.0,44.45
845,3.5742,895.22,0.0,44.45
846,0.42598,-79.2,-41.066,-17.01
847,0.34962,-79.2,-41.066,-17.01
848,0.99636,-463.73,0.0,44.45
849,1.1886,478.14,9.0433,39.621
85,0.44272,594.97,0.0,30.15
850,0.36932,-79.2,-24.695,36.959
851,0.47165,-349.19,0.0,44.45
852,0.018828,1187.0,0.0,-44.45
853,0.97325,-367.07,0.0,44.45
854,0.75847,1511.3,0.0,-44.45
855,1.8037,-549.09,9.0433,39.621
856,2.6467,-69.9,-17.01,41.066
857,0.07597,1679.7,0.0,-44.45
858,0.1497,1628.8,0.0,-44.45
859,0.026561,69.9,0.0,-44.45
86,2.4561,-520.87,6.0565,26.535
860,0.047764,-69.9,-44.45,0.0
861,0.53301,1100.6,9.8911,43.336
862,0.26976,2144.0,0.0,-44.45
863,0.21974,-1765.2,9.0433,39.621
864,0.0054642,79.2,0.0,-44.45
865,1.3718,911.83,0.0,44.45
866,0.9147,-180.72,0.0,44.45
867,0.020623,484.74,0.0,-44.45
868,1.7776,-174.65,9.0433,39.621
869,0.9151,1325.3,9.8911,43.336
87,16.753,1038.0,6.0565,26.535
870,1.3234,853.27,15.98,33.183
871,0.23453,722.07,9.8911,43.336
872,0.25957,1762.0,9.8911,43.336
873,0.24962,-723.26,9.8911,43.336
874,0.34825,-314.63,9.8911,43.336
875,3.1342,1017.9,15.98,33.183
876,0.0070106,-79.2,0.0,-44.45
877,0.049794,185.32,0.0,-44.45
878,0.2106,-810.17,0.0,44.45
879,0.0036253,-79.2,0.0,-44.45
88,9.271,-841.11,0.0,30.15
880,0.56968,79.2,0.0,44.45
881,0.03271,884.56,0.0,-44.45
882,0.39983,-649.12,0.0,44.45
883,0.56538,779.85,0.0,44.45
884,0.023633,-262.18,0.0,-44.45
885,1.0534,-913.52,15.98,33.183
886,1.3745,69.9,0.0,44.45
887,0.0059857,69.9,0.0,-44.45
888,0.1877,685.69,0.0,44.45
889,1.1556,-69.9,-17.01,41.066
89,1.2176,-492.69,12.657,26.284
890,0.0018926,69.9,0.0,-44.45
891,0.62064,1636.8,0.0,44.45
892,1.2514,79.2,0.0,44.45
893,0.85496,-652.24,0.0,44.45
894,0.021055,304.29,0.0,-44.45
895,0.77073,351.74,0.0,44.45
896,0.49924,1191.4,0.0,44.45
897,0.63749,539.65,0.0,44.45
898,0.93126,-406.97,0.0,44.45
899,0.013078,82.6,0.0,-44.45
9,18.812,212.07,6.274,27.488
90,1.6121,-570.31,0.0,30.15
900,0.050888,389.07,0.0,44.45
901,1.8011,-435.46,21.419,44.476
902,0.34378,-727.03,0.0,50.8
903,1.0486,1448.1,11.304,49.526
904,0.018596,421.6,0.0,50.8
905,0.14774,1378.8,10.985,48.127
906,2.3632,1117.8,11.304,49.526
907,1.2303,1263.6,10.346,45.329
908,2.7564,333.22,10.346,45.329
909,0.15328,2249.4,0.0,50.8
91,23.764,382.71,16.97,21.279
910,0.42543,1446.1,0.0,-50.8
911,0.27128,-1308.6,0.0,50.8
912,2.1756,-641.0,11.304,49.526
913,1.2545,-91.64,0.0,50.8
914,0.82675,-54.925,0.0,57.15
915,0.34879,-1595.9,10.985,48.127
916,2.6417,149.05,10.985,48.127
917,0.23053,2237.2,10.985,48.127
918,1.9026,-681.25,10.346,45.329
919,0.047296,-394.85,0.0,50.8
92,0.36472,2280.5,0.0,30.15
920,0.36646,533.51,0.0,50.8
921,1.899,214.04,0.0,50.8
922,0.58621,-642.06,0.0,-50.8
923,0.40038,777.26,0.0,-50.8
924,0.97397,-209.54,0.0,50.8
925,1.019,1012.3,20.173,41.891
926,0.92521,-527.93,0.0,50.8
927,1.4836,66.025,0.0,50.8
928,0.13235,2011.4,10.665,46.728
929,0.69659,-539.06,0.0,50.8
93,1.5508,-1329.4,12.233,25.403
930,3.1293,963.4,10.346,45.329
931,0.65131,553.06,0.0,50.8
932,0.23705,754.24,0.0,50.8
933,2.5432,-185.09,10.985,48.127
934,1.0652,71.4,0.0,50.8
935,0.8099,893.35,0.0,50.8
936,0.42959,1208.9,0.0,50.8
937,0.021698,30.2,0.0,-114.3
938,0.37036,-1343.6,11.304,49.526
939,0.1358,-724.34,0.0,-50.8
94,0.52003,-136.63,0.0,30.15
940,0.02984,30.2,0.0,-114.3
941,2.9868,288.1,10.346,45.329
942,0.9009,-1212.8,0.0,50.8
943,3.0141,468.31,11.304,49.526
944,0.17238,2441.8,0.0,-50.8
945,0.20574,156.29,0.0,50.8
946,0.086021,535.7,0.0,50.8
947,0.2421,1711.4,11.304,49.526
948,0.025951,-161.86,0.0,50.8
949,0.076455,-621.38,0.0,50.8
95,2.2402,2093.5,11.809,24.522
950,1.8633,291.85,10.665,46.728
951,1.3716,1049.7,20.173,41.891
952,0.88603,786.77,0.0,-50.8
953,3.7365,303.37,11.304,49.526
954,0.12243,81.0,0.0,-50.8
955,1.6824,1466.8,0.0,50.8
956,4.0493,505.16,0.0,50.8
957,0.085634,-1302.3,0.0,50.8
958,0.38135,782.18,0.0,50.8
959,0.72869,-1167.2,0.0,50.8
96,0.23505,1369.8,6.709,29.394
960,0.12207,-775.78,10.985,48.127
961,0.11449,1113.8,11.304,49.526
962,0.49165,2178.3,0.0,50.8
963,0.055744,314.2,0.0,50.8
964,0.0080335,537.63,0.0,50.8
965,0.57236,-1606.8,0.0,50.8
966,1.1291,-823.32,0.0,50.8
967,0.26756,1227.5,0.0,-50.8
968,0.58669,-684.06,0.0,50.8
969,0.36705,988.8,0.0,-50.8
97,30.555,675.28,6.709,29.394
970,0.18549,-827.05,11.304,-49.526
971,0.11437,1644.8,10.346,45.329
972,0.70996,2147.3,0.0,50.8
973,0.5518,945.17,0.0,50.8
974,0.50106,-1319.1,0.0,50.8
975,0.27818,649.23,0.0,50.8
976,0.25742,-433.71,0.0,50.8
977,0.087973,520.25,0.0,50.8
978,4.1951,733.5,11.304,49.526
979,1.0432,-1121.7,10.665,46.728
98,7.9385,501.97,6.709,29.394
980,0.25993,-994.29,0.0,50.8
981,0.0745,-124.39,40.598,19.551
982,0.28233,-201.18,40.598,19.551
983,1.8239,81.0,0.0,-50.8
984,1.1629,81.0,0.0,-50.8
985,1.158,-671.37,10.985,48.127
986,0.15462,-85.9,43.93,10.027
987,1.8122,356.34,10.346,45.329
988,0.089481,503.63,0.0,50.8
989,0.0050175,-113.85,0.0,-50.8
99,18.188,581.73,6.274,27.488
990,1.8852,1060.1,10.346,45.329
991,0.59099,1747.9,11.304,49.526
992,4.0247,293.97,10.346,45.329
993,0.5215,375.28,0.0,50.8
994,0.14173,-1562.8,10.346,45.329
995,2.7044,216.51,0.0,50.8
996,3.6381,1062.0,10.346,45.329
997,2.7871,452.9,10.985,48.127
998,1.3883,-774.45,0.0,50.8
999,0.33218,30.2,0.0,-114.3
