File Name,Max Deformation,X,Y,Z
0,30.829,-408.36,6.0565,26.535
1,30.653,-457.07,6.4915,28.441
10,28.001,-627.06,6.4915,28.441
100,28.503,-301.5,11.809,24.522
1000,4.7761,-243.19,0.0,-50.8
1001,4.1763,-363.54,0.0,50.8
1002,4.2471,-433.59,10.346,45.329
1003,3.5696,-642.16,11.304,49.526
1004,4.1922,-409.34,10.665,46.728
1005,4.0342,-459.22,11.304,49.526
1006,3.6144,-171.4,11.304,49.526
1007,4.2293,-220.37,0.0,50.8
1008,3.8738,-548.22,0.0,50.8
1009,4.5484,-331.39,11.304,49.526
101,29.005,-275.2,6.4915,28.441
1010,4.3507,-390.71,10.346,45.329
1011,4.1203,-446.77,0.0,-50.8
1012,4.3135,-303.47,0.0,-50.8
1013,3.0856,30.2,0.0,-114.3
1014,4.432,-377.23,0.0,-50.8
1015,3.429,30.2,0.0,-114.3
1016,2.667,172.2,11.304,49.526
1017,2.3684,-233.33,0.0,50.8
1018,3.5548,-574.66,0.0,50.8
1019,4.141,-382.73,10.665,46.728
102,27.34,-277.32,12.233,25.403
1020,3.9602,-395.63,0.0,50.8
1021,3.207,-500.71,0.0,50.8
1022,3.0813,-501.41,0.0,50.8
1023,3.1483,-523.09,0.0,50.8
1024,2.4721,-851.76,0.0,50.8
1025,2.8526,-265.98,10.405,45.588
1026,2.451,-841.29,10.855,-47.557
1027,3.2749,-457.54,10.855,-47.557
1028,2.7244,-678.95,0.0,-50.8
1029,3.2133,-420.63,10.855,47.557
103,18.853,220.75,6.0565,26.535
1030,2.1512,291.43,0.0,-50.8
1031,2.9509,-451.88,10.405,45.588
1032,2.7416,-227.04,10.405,45.588
1033,3.3496,-374.54,0.0,50.8
1034,3.1856,-480.73,0.0,50.8
1035,2.9012,-179.27,11.304,49.526
1036,3.3463,-358.27,11.304,49.526
1037,2.7999,-635.57,11.304,49.526
1038,2.2538,-278.67,9.9556,43.618
1039,2.6925,-344.01,10.855,47.557
104,17.486,333.19,6.4915,28.441
1040,1.8213,-547.87,10.405,45.588
1041,3.1786,-271.28,0.0,-50.8
1042,2.9694,-556.16,0.0,-50.8
1043,2.8058,242.17,0.0,-50.8
1044,2.6866,30.2,0.0,-114.3
1045,2.6833,-30.2,0.0,-114.3
1046,2.7022,-558.17,0.0,50.8
1047,3.2207,-384.3,11.304,49.526
1048,2.2834,-654.23,0.0,50.8
1049,3.1267,-413.05,10.855,47.557
105,30.296,-438.81,0.0,30.15
1050,2.2271,368.54,11.304,49.526
1051,3.2825,-478.69,11.304,49.526
1052,3.2607,-447.11,9.9556,43.618
1053,3.158,-373.66,9.9556,43.618
1054,3.1807,-497.44,10.405,45.588
1055,2.1567,342.97,0.0,50.8
1056,3.4021,-367.04,0.0,-50.8
1057,3.0438,-368.07,0.0,-50.8
1058,2.7568,-23.025,0.0,-114.3
1059,1.9915,-30.2,0.0,-114.3
106,31.807,-383.5,11.809,24.522
1060,3.1479,-263.78,0.0,-50.8
1061,2.2482,-241.21,0.0,50.8
1062,2.514,71.1,0.0,57.15
1063,3.2013,-403.77,11.304,49.526
1064,1.6855,244.49,11.304,49.526
1065,1.8315,307.94,11.304,49.526
1066,1.6863,-472.58,10.855,47.557
1067,3.1465,-496.13,9.9556,43.618
1068,2.6008,-278.63,10.405,45.588
1069,3.2976,-369.11,0.0,50.8
107,29.859,-406.48,0.0,-30.15
1070,1.9561,271.36,11.304,49.526
1071,2.1444,203.21,10.855,47.557
1072,2.7529,-608.15,0.0,-50.8
1073,3.0662,-30.2,0.0,-114.3
1074,3.082,-201.76,0.0,-50.8
1075,2.4721,61.125,0.0,50.8
1076,3.0571,-503.69,10.405,45.588
1077,2.8885,-570.98,10.405,45.588
1078,3.1564,-355.04,0.0,50.8
1079,2.7532,-463.82,11.304,49.526
108,30.336,-430.79,16.97,21.279
1080,3.2104,-387.47,10.855,47.557
1081,2.0481,322.01,10.405,45.588
1082,3.272,-434.07,11.304,49.526
1083,3.1329,-365.09,10.405,45.588
1084,3.1311,-543.23,10.405,45.588
1085,2.7342,-724.23,0.0,50.8
1086,2.5194,41.25,0.0,50.8
1087,2.8644,-198.54,11.304,49.526
1088,1.8813,-89.08,0.0,-50.8
1089,1.25,-147.29,0.0,50.8
109,26.474,-203.34,6.709,29.394
1090,3.3009,-423.49,0.0,-50.8
1091,2.5592,-790.45,11.304,49.526
1092,2.4516,-830.93,10.855,47.557
1093,3.0028,-567.58,9.9556,43.618
1094,3.1844,-499.3,10.855,47.557
1095,2.8407,-543.89,11.304,49.526
1096,3.2602,-424.36,0.0,50.8
1097,2.6675,-160.1,9.9556,43.618
1098,0.98712,77.056,2.8484,50.72
1099,3.2541,-413.43,10.855,47.557
11,26.21,-336.17,16.97,21.279
110,30.635,-410.46,16.97,21.279
1100,3.2257,-451.64,11.304,49.526
1101,2.2827,30.2,0.0,-114.3
1102,2.4507,30.2,0.0,-114.3
1103,3.401,-356.77,0.0,-50.8
1104,3.2239,-429.07,10.855,47.557
1105,3.2398,-289.72,0.0,-50.8
1106,1.6266,-482.36,9.9556,43.618
1107,2.5517,-93.98,0.0,50.8
1108,2.7597,-644.78,11.304,49.526
1109,3.1459,-356.15,0.0,50.8
111,30.742,-382.97,11.809,24.522
1110,3.2324,-415.98,0.0,50.8
1111,3.2566,-466.69,9.9556,43.618
1112,2.164,53.925,0.0,50.8
1113,3.2328,-430.78,10.405,45.588
1114,3.3707,-372.09,0.0,50.8
1115,2.7241,-671.57,9.9556,43.618
1116,3.0863,-547.32,0.0,-50.8
1117,3.3484,-391.79,0.0,-50.8
1118,1.5336,-295.73,9.9556,43.618
1119,2.4321,-776.9,0.0,-50.8
112,20.287,-157.66,16.97,21.279
1120,3.2302,-369.52,0.0,-50.8
1121,2.1978,91.556,2.7351,48.703
1122,3.505,-274.29,10.405,45.588
1123,3.353,-257.25,0.0,50.8
1124,3.3938,-320.08,10.855,47.557
1125,3.3304,-371.22,10.855,47.557
1126,3.5066,-306.29,11.304,49.526
1127,3.6094,-276.46,0.0,50.8
1128,3.2106,-344.88,9.9556,43.618
1129,2.2485,189.09,0.0,50.8
113,30.832,-399.56,6.709,29.394
1130,3.2681,-387.53,10.405,45.588
1131,3.3838,-364.95,0.0,-50.8
1132,3.5003,-289.43,0.0,-50.8
1133,3.3937,-375.76,0.0,-50.8
1134,3.3317,-396.57,0.0,-50.8
1135,3.3842,-366.4,0.0,-50.8
1136,2.6604,-649.87,0.0,50.8
1137,3.2209,-416.88,11.304,49.526
1138,2.7213,-621.73,9.9556,43.618
1139,3.2284,-395.5,0.0,50.8
114,29.024,-457.92,11.809,24.522
1140,3.2587,-434.41,10.405,45.588
1141,1.8214,-82.22,48.261,16.887
1142,2.8456,-423.39,12.382,-54.25
1143,2.8638,-463.46,12.717,-55.717
1144,2.8823,-412.64,12.047,-52.783
1145,2.2111,-727.04,0.0,-57.15
1146,2.9919,-309.5,12.717,55.717
1147,2.1618,-466.94,11.712,51.315
1148,2.7884,-488.69,12.047,52.783
1149,2.7204,-364.58,12.047,52.783
115,24.964,222.28,16.97,21.279
1150,2.7271,-368.15,0.0,57.15
1151,2.9106,-393.02,12.047,-52.783
1152,2.7971,-466.16,0.0,-57.15
1153,2.7151,-518.25,12.047,-52.783
1154,2.8149,-327.8,12.382,-54.25
1155,2.8853,-387.02,0.0,-57.15
1156,2.9786,-384.83,0.0,-57.15
1157,2.35,-284.57,0.0,-57.15
1158,2.7592,-23.9,0.0,-114.3
1159,2.9325,-352.36,0.0,-57.15
116,12.468,157.77,6.0565,26.535
1160,2.8986,-321.05,0.0,-57.15
1161,1.7913,175.7,12.047,52.783
1162,2.4916,-528.0,12.717,55.717
1163,2.7685,-371.05,12.382,54.25
1164,2.8214,-392.64,0.0,57.15
1165,2.3217,-128.9,0.0,57.15
1166,2.7013,-274.23,0.0,-57.15
1167,2.4565,-510.34,0.0,-57.15
1168,2.5337,-44.5,0.0,-136.55
1169,2.7848,-463.96,0.0,-57.15
117,28.126,-225.43,11.809,24.522
1170,2.9909,-280.41,0.0,-57.15
1171,2.7359,-471.28,11.712,51.315
1172,2.253,-319.19,0.0,-57.15
1173,2.1296,-666.41,0.0,-57.15
1174,3.1062,-266.68,0.0,-57.15
1175,2.229,-23.9,0.0,-114.3
1176,2.7713,-368.95,0.0,57.15
1177,1.5862,-85.9,52.783,12.047
1178,2.8035,-415.86,12.717,55.717
1179,1.5221,421.83,11.712,51.315
118,30.046,-417.39,11.809,24.522
1180,2.1388,158.2,0.0,57.15
1181,1.641,283.32,0.0,-57.15
1182,1.9042,-223.98,47.422,22.837
1183,2.6009,-44.5,0.0,-136.55
1184,2.9419,-382.76,0.0,-57.15
1185,2.9587,-358.96,0.0,-57.15
1186,2.5171,-464.68,0.0,-57.15
1187,2.9021,-359.29,0.0,-57.15
1188,2.1527,23.9,0.0,-114.3
1189,2.7199,-206.74,0.0,-57.15
119,21.853,-470.11,12.657,26.284
1190,2.8957,-367.05,0.0,-57.15
1191,1.4455,286.93,12.382,54.25
1192,2.8222,-402.27,12.382,54.25
1193,2.8041,-408.77,12.382,54.25
1194,2.9642,-328.31,12.717,55.717
1195,2.386,-166.87,0.0,57.15
1196,2.8604,-378.65,0.0,-57.15
1197,2.743,-44.5,0.0,-136.55
1198,2.9046,-330.26,0.0,-57.15
1199,2.9056,-348.83,0.0,-57.15
12,30.559,-463.21,11.809,24.522
120,30.757,-402.76,16.97,21.279
1200,3.1368,-44.5,0.0,-136.55
1201,2.8929,-433.1,12.382,-54.25
1202,2.4169,-82.22,51.315,11.712
1203,3.0168,-328.67,0.0,-57.15
1204,2.471,-677.77,12.717,-55.717
1205,3.1661,-251.88,11.712,51.315
1206,2.5814,-270.71,12.047,52.783
1207,2.7941,-455.93,11.712,51.315
1208,1.7088,-434.25,12.717,55.717
1209,2.8256,-434.93,0.0,57.15
121,25.733,-317.04,16.208,20.324
1210,2.5591,-314.87,12.717,55.717
1211,2.7726,-298.15,12.382,-54.25
1212,3.024,-347.09,12.047,-52.783
1213,2.6094,-215.89,47.422,22.837
1214,1.8217,101.6,0.0,57.15
1215,2.4359,-107.62,51.315,11.712
1216,2.9724,-383.62,0.0,-57.15
1217,2.308,-327.74,0.0,-57.15
1218,2.9192,-368.32,0.0,-57.15
1219,1.9798,23.9,0.0,-114.3
122,17.187,-881.19,20.324,16.208
1220,2.046,23.9,0.0,-114.3
1221,2.6209,-394.69,0.0,57.15
1222,2.825,-393.11,0.0,57.15
1223,1.6582,302.34,12.382,54.25
1224,1.0295,85.9,48.078,30.898
1225,1.9363,151.07,12.382,54.25
1226,2.9526,-344.54,0.0,-57.15
1227,1.6325,-315.9,0.0,-57.15
1228,2.9305,-353.83,0.0,-57.15
1229,2.9349,-328.53,0.0,-57.15
123,22.073,-578.62,12.481,25.916
1230,1.7778,44.5,0.0,-136.55
1231,2.1205,-785.57,0.0,-57.15
1232,2.805,-328.2,0.0,-57.15
1233,2.7115,-260.42,0.0,-57.15
1234,2.595,-535.28,0.0,-57.15
1235,2.7608,-324.3,0.0,-57.15
1236,2.0881,179.09,11.712,51.315
1237,2.4711,-243.99,12.382,54.25
1238,2.8134,-414.11,11.712,51.315
1239,2.7143,-501.75,12.047,52.783
124,20.471,-191.3,5.7844,25.343
1240,2.374,-182.3,12.047,52.783
1241,2.5461,-447.1,0.0,-57.15
1242,2.1045,396.72,0.0,-57.15
1243,2.6033,44.5,0.0,-136.55
1244,2.9987,-351.99,0.0,-57.15
1245,2.5389,-546.29,0.0,-57.15
1246,2.8,-492.81,0.0,-57.15
1247,2.116,23.9,0.0,-114.3
1248,1.9367,-23.9,0.0,-114.3
1249,2.0743,-555.65,0.0,-57.15
125,22.986,-373.16,16.208,20.324
1250,2.0106,23.9,0.0,-114.3
1251,1.9207,419.04,0.0,57.15
1252,2.7205,-362.48,11.712,51.315
1253,1.9252,269.96,0.0,57.15
1254,2.8415,-413.59,0.0,57.15
1255,2.7836,-433.09,12.047,52.783
1256,1.8729,325.39,0.0,-57.15
1257,2.1337,-738.9,0.0,-57.15
1258,2.6965,-44.5,0.0,-136.55
1259,2.6632,-337.16,0.0,-57.15
126,25.282,-357.21,16.208,20.324
1260,2.8166,-309.8,0.0,-57.15
1261,1.4868,212.72,0.0,-57.15
1262,1.4002,-138.94,0.0,-57.15
1263,1.7111,76.2,0.0,57.15
1264,1.7172,-701.53,12.241,-53.631
1265,2.1484,-183.82,12.717,-55.717
1266,1.1682,292.89,0.0,57.15
1267,1.8257,-173.51,11.288,49.458
1268,1.648,-771.89,0.0,57.15
1269,1.6565,-231.33,0.0,57.15
127,24.584,-371.57,11.279,23.421
1270,1.8131,-187.31,12.241,53.631
1271,1.7017,-688.25,12.717,-55.717
1272,2.1726,-417.05,11.288,-49.458
1273,1.1663,-131.18,12.241,-53.631
1274,2.2621,-366.63,11.765,-51.544
1275,2.0673,-299.68,11.765,-51.544
1276,2.2078,-406.63,0.0,-57.15
1277,1.7159,-608.07,0.0,-57.15
1278,2.2998,-336.51,0.0,-57.15
1279,2.1744,-470.65,0.0,-57.15
128,12.792,433.71,17.935,22.489
1280,2.102,-472.91,0.0,-57.15
1281,1.7718,-518.38,12.717,55.717
1282,1.7956,-520.19,11.288,49.458
1283,1.6766,-104.11,0.0,57.15
1284,1.5656,-823.84,12.241,53.631
1285,2.115,-246.96,0.0,57.15
1286,2.4148,-44.5,0.0,-136.55
1287,2.1049,-456.27,0.0,-57.15
1288,2.1797,-358.29,0.0,-57.15
1289,2.0664,-356.14,0.0,-57.15
129,20.925,-252.14,11.279,23.421
1290,2.4014,-44.5,0.0,-136.55
1291,2.0324,-23.9,0.0,-114.3
1292,1.6769,23.9,0.0,-114.3
1293,2.2534,-353.53,0.0,-57.15
1294,1.6899,-271.11,0.0,-57.15
1295,2.1893,-397.25,0.0,-57.15
1296,2.1204,-419.92,12.241,53.631
1297,1.6677,-131.7,12.241,53.631
1298,1.6542,-163.78,0.0,57.15
1299,1.9878,-484.41,0.0,57.15
13,29.523,-326.8,6.0565,26.535
130,20.965,-253.59,16.208,20.324
1300,1.9449,-123.78,12.241,53.631
1301,2.0973,-463.42,0.0,-57.15
1302,2.1998,-362.78,0.0,-57.15
1303,2.1175,-309.82,0.0,-57.15
1304,2.3137,-304.27,0.0,-57.15
1305,1.5441,44.5,0.0,-136.55
1306,2.2365,-23.9,0.0,-114.3
1307,1.3906,-469.62,0.0,-57.15
1308,1.8394,-18.3,0.0,-114.3
1309,2.2508,-290.25,0.0,-57.15
131,20.771,-216.35,6.709,29.394
1310,2.2093,-414.13,0.0,-57.15
1311,2.1524,-395.55,11.765,51.544
1312,1.6322,89.324,0.0,57.15
1313,2.1234,-417.93,12.241,53.631
1314,1.9143,-261.01,12.717,55.717
1315,1.9885,-455.58,12.241,53.631
1316,2.1413,-312.73,0.0,-57.15
1317,1.735,44.5,0.0,-136.55
1318,2.3321,-44.5,0.0,-136.55
1319,1.9288,-451.87,0.0,-57.15
132,20.305,-186.97,6.709,29.394
1320,2.065,-357.95,0.0,-57.15
1321,2.1124,-347.23,11.288,-49.458
1322,1.3977,220.44,12.241,-53.631
1323,1.6796,76.2,0.0,57.15
1324,1.9069,-179.36,12.717,-55.717
1325,2.1677,-415.58,11.288,-49.458
1326,1.7306,-403.08,11.288,49.458
1327,2.1321,-449.08,0.0,57.15
1328,1.7811,85.9,0.0,57.15
1329,2.0417,-480.59,0.0,57.15
133,17.675,118.68,11.279,23.421
1330,2.1056,-478.76,12.241,53.631
1331,2.1498,-482.5,12.717,-55.717
1332,2.1704,-413.72,0.0,-57.15
1333,1.5628,-693.42,0.0,-57.15
1334,2.0737,-518.06,12.717,-55.717
1335,1.9401,-191.05,0.0,-57.15
1336,1.6203,375.53,0.0,-57.15
1337,2.2192,-371.45,0.0,-57.15
1338,2.2088,-400.65,0.0,-57.15
1339,1.9748,-23.9,0.0,-114.3
134,20.029,-214.47,16.208,20.324
1340,2.1282,-445.76,0.0,-57.15
1341,1.6595,-94.46,0.0,57.15
1342,0.83339,-140.57,0.0,57.15
1343,1.8971,-428.97,11.288,49.458
1344,2.102,-422.81,0.0,57.15
1345,2.0721,-372.96,12.717,55.717
1346,1.6723,44.5,0.0,-136.55
1347,1.6176,44.5,0.0,-136.55
1348,2.0564,-477.8,0.0,-57.15
1349,2.1295,-401.76,0.0,-57.15
135,24.87,-363.83,0.0,30.15
1350,2.1132,-300.48,0.0,-57.15
1351,2.2244,-248.6,0.0,-57.15
1352,1.7236,-740.45,0.0,-57.15
1353,1.4049,23.9,0.0,-114.3
1354,2.1539,-299.35,0.0,-57.15
1355,1.689,-724.89,0.0,-57.15
1356,2.1237,-421.21,0.0,57.15
1357,2.1709,-381.47,0.0,57.15
1358,1.7573,-506.74,12.717,55.717
1359,1.5631,-640.52,11.288,49.458
136,23.933,-384.7,16.208,20.324
1360,1.756,-141.16,0.0,57.15
1361,1.1415,44.5,0.0,-136.55
1362,1.6788,44.5,0.0,-136.55
1363,1.7523,262.34,0.0,-57.15
1364,1.6256,44.5,0.0,-136.55
1365,2.1773,-323.98,0.0,-57.15
1366,2.1493,-291.77,0.0,-57.15
1367,1.7942,1.5,0.0,-114.3
1368,1.6278,-209.84,0.0,-57.15
1369,1.952,-23.9,0.0,-114.3
137,20.406,-349.83,11.279,23.421
1370,1.8759,-23.9,0.0,-114.3
1371,1.9905,-443.01,11.765,51.544
1372,1.9501,1.5,0.0,78.6
1373,2.068,-435.04,11.288,49.458
1374,2.0152,-341.25,11.765,51.544
1375,2.1226,-413.86,12.717,55.717
1376,1.0002,44.5,0.0,-136.55
1377,1.7937,-623.5,0.0,-57.15
1378,2.0849,-239.59,0.0,-57.15
1379,2.1427,-308.86,0.0,-57.15
138,22.935,-358.33,17.935,22.489
1380,2.2051,-357.65,0.0,-57.15
1381,1.3718,-444.52,0.0,57.15
1382,1.272,76.2,0.0,57.15
1383,1.3812,-432.69,11.765,-51.544
1384,1.3714,-471.93,10.812,47.372
1385,1.3715,-470.58,12.717,-55.717
1386,1.2928,-537.06,11.765,51.544
1387,1.0439,-339.7,22.939,47.634
1388,1.3567,-399.39,19.225,39.922
1389,1.2853,-364.02,12.717,55.717
139,15.828,287.94,20.324,16.208
1390,1.2968,-402.5,12.717,55.717
1391,1.2005,-257.33,10.812,-47.372
1392,1.3647,-411.67,10.812,-47.372
1393,1.1008,101.6,0.0,57.15
1394,1.3063,-460.21,0.0,-57.15
1395,0.86745,218.69,0.0,-57.15
1396,1.1372,23.9,0.0,-114.3
1397,1.3921,-358.44,0.0,-57.15
1398,0.95844,-316.15,0.0,-57.15
1399,1.3373,-327.49,0.0,-57.15
14,31.488,-456.29,6.0565,26.535
140,17.192,-809.63,11.279,23.421
1400,1.3361,-176.46,0.0,-57.15
1401,1.1021,-124.39,0.0,57.15
1402,1.1421,-586.65,10.812,47.372
1403,1.0344,1.5,0.0,78.6
1404,1.3408,-442.47,10.812,47.372
1405,1.2932,-103.02,0.0,57.15
1406,1.4849,-308.76,0.0,-57.15
1407,1.3614,-377.44,0.0,-57.15
1408,1.39,-390.74,0.0,-57.15
1409,0.99868,305.21,0.0,-57.15
141,19.051,-659.42,0.0,30.15
1410,1.4251,-361.84,0.0,-57.15
1411,0.78279,389.06,0.0,-57.15
1412,1.0982,-770.52,0.0,-57.15
1413,1.2658,-190.24,0.0,-57.15
1414,1.3854,-422.01,0.0,-57.15
1415,1.3773,-395.87,0.0,-57.15
1416,1.2533,-526.2,22.939,47.634
1417,1.3357,-456.52,10.812,47.372
1418,1.3319,-437.02,11.765,51.544
1419,1.2978,-478.17,12.717,55.717
142,19.004,278.55,6.709,29.394
1420,1.33,-431.12,21.082,43.778
1421,1.5077,-44.5,0.0,-136.55
1422,1.3625,-410.41,0.0,-57.15
1423,1.0863,-408.27,0.0,-57.15
1424,1.3296,-25.45,0.0,-136.55
1425,1.4008,-422.36,0.0,-57.15
1426,1.3358,-385.03,0.0,-57.15
1427,0.65678,23.9,0.0,-114.3
1428,0.98786,23.9,0.0,-114.3
1429,1.3312,-298.64,0.0,-57.15
143,18.073,96.867,12.481,25.916
1430,1.3472,-337.45,0.0,-57.15
1431,1.3748,-399.8,22.939,47.634
1432,1.1676,92.748,0.0,57.15
1433,1.3662,-369.93,0.0,57.15
1434,0.88509,103.02,0.0,57.15
1435,1.3738,-202.28,12.717,55.717
1436,1.2433,-44.5,0.0,-136.55
1437,0.50018,-44.5,-8.9308,-136.26
1438,1.4302,-256.82,0.0,-57.15
1439,0.82759,-296.37,0.0,-57.15
144,23.696,-401.06,16.208,20.324
1440,1.3749,-434.9,0.0,-57.15
1441,1.3259,-451.3,0.0,70.65
1442,1.1739,-245.78,15.721,68.879
1443,1.3891,-387.73,14.992,65.686
1444,1.0298,-871.44,15.357,67.282
1445,1.3762,-479.81,0.0,70.65
1446,0.96684,98.6,39.251,-58.743
1447,1.3896,-459.81,14.628,64.089
1448,1.3766,-450.43,0.0,70.65
1449,1.386,-442.26,0.0,70.65
145,23.848,-323.93,20.324,16.208
1450,1.3623,-340.73,0.0,70.65
1451,0.95184,114.3,63.697,7.1769
1452,1.3913,-418.61,0.0,70.65
1453,1.1453,-571.6,14.628,64.089
1454,1.344,-323.91,0.0,70.65
1455,1.275,-517.41,14.628,64.089
1456,1.0658,50.092,0.0,77.018
1457,1.0496,-95.45,0.0,70.65
1458,1.355,-443.99,29.943,62.178
1459,0.86172,233.85,0.0,70.65
146,15.891,-106.81,0.0,30.15
1460,1.3336,-436.39,29.943,62.178
1461,1.406,-359.23,0.0,-70.65
1462,0.67887,-312.57,0.0,70.65
1463,1.1401,-35.1,0.0,-139.7
1464,1.0197,-653.24,0.0,-70.65
1465,0.78189,332.98,0.0,-70.65
1466,1.3474,-373.61,0.0,-70.65
1467,1.4295,-331.71,0.0,-70.65
1468,0.92822,50.9,0.0,-165.1
1469,1.063,-276.02,14.628,64.089
147,18.767,-556.89,6.4008,28.044
1470,1.1712,-50.9,0.0,-165.1
1471,1.367,-419.91,29.943,62.178
1472,0.96598,-546.22,0.0,70.65
1473,1.2438,-542.25,0.0,70.65
1474,1.3346,-439.87,14.628,64.089
1475,0.98819,182.46,0.0,-70.65
1476,1.0408,35.1,0.0,-139.7
1477,0.94184,-480.8,0.0,-70.65
1478,1.2908,-35.1,0.0,-139.7
1479,1.3617,-438.35,0.0,-70.65
148,23.172,-351.15,0.0,30.15
1480,1.2648,-35.1,0.0,-139.7
1481,1.1034,50.9,0.0,-165.1
1482,1.1673,-578.37,0.0,-70.65
1483,1.415,-343.59,0.0,-70.65
1484,1.1604,50.9,0.0,-165.1
1485,1.352,-50.9,0.0,-165.1
1486,1.2499,-332.1,15.721,68.879
1487,0.73854,-328.67,0.0,-70.65
1488,1.307,-232.42,15.721,68.879
1489,1.3011,-368.46,14.628,64.089
149,23.468,-416.35,16.208,20.324
1490,1.1965,88.9,0.0,70.65
1491,1.2351,-467.04,0.0,-70.65
1492,1.3912,-343.01,0.0,-70.65
1493,1.2408,-35.1,0.0,-139.7
1494,1.2899,-35.1,0.0,-139.7
1495,0.61236,35.1,0.0,-139.7
1496,0.9357,50.9,0.0,-165.1
1497,1.3198,-50.9,0.0,-165.1
1498,0.92075,50.9,0.0,-165.1
1499,0.98445,50.9,0.0,-165.1
15,30.007,-375.33,11.809,24.522
150,21.73,-267.17,11.279,23.421
1500,1.0326,50.9,0.0,-165.1
1501,1.2339,-280.01,0.0,70.65
1502,1.1084,-118.75,14.628,64.089
1503,1.3409,-448.29,15.721,68.879
1504,1.3201,-504.55,15.721,68.879
1505,0.99317,180.98,0.0,70.65
1506,1.3526,-392.36,14.628,64.089
1507,1.0114,223.12,14.628,64.089
1508,1.1718,-185.62,59.227,28.522
1509,1.3822,-428.16,15.357,67.282
151,17.068,126.2,11.279,23.421
1510,1.0364,-433.31,0.0,70.65
1511,1.4101,-339.3,28.522,59.227
1512,1.3285,-388.17,28.522,59.227
1513,1.1791,114.3,-70.65,0.0
1514,1.391,-376.97,14.628,64.089
1515,1.0919,-415.84,28.522,59.227
1516,1.1518,-95.45,0.0,70.65
1517,1.2553,-556.16,14.628,64.089
1518,0.79407,320.3,0.0,70.65
1519,0.94151,-88.9,62.493,14.264
152,17.584,-135.92,17.935,22.489
1520,1.363,-405.09,14.628,64.089
1521,0.90673,35.1,0.0,-139.7
1522,1.3994,-355.39,0.0,-70.65
1523,1.0515,-674.18,0.0,-70.65
1524,1.1551,-622.84,0.0,-70.65
1525,1.1375,35.1,0.0,-139.7
1526,0.83221,-515.06,0.0,-70.65
1527,1.1949,-534.11,0.0,-70.65
1528,1.4031,-394.44,0.0,-70.65
1529,1.0614,-679.38,0.0,-70.65
153,17.186,69.04,0.0,30.15
1530,1.4237,-50.9,0.0,-165.1
1531,1.1872,-565.74,0.0,70.65
1532,0.96053,-843.66,0.0,-70.65
1533,1.3412,-414.32,14.628,64.089
1534,1.2936,-514.72,14.628,64.089
1535,1.3298,-423.1,0.0,70.65
1536,1.3204,-461.04,0.0,-70.65
1537,1.3463,-461.76,0.0,-70.65
1538,1.3254,-432.16,0.0,-70.65
1539,1.3942,-349.32,0.0,-70.65
154,14.631,282.1,0.0,-30.15
1540,1.3982,-386.04,0.0,-70.65
1541,1.4935,-50.9,0.0,-165.1
1542,1.4403,-50.9,0.0,-165.1
1543,1.3923,-375.45,0.0,-70.65
1544,1.1382,-665.6,0.0,-70.65
1545,1.4196,-358.7,0.0,-70.65
1546,1.2769,-413.15,15.357,67.282
1547,1.1834,-248.41,0.0,70.65
1548,0.85331,-176.41,0.0,70.65
1549,1.1259,-653.76,15.721,68.879
155,20.928,-204.37,16.208,20.324
1550,1.3414,-431.73,29.943,62.178
1551,1.499,-35.1,0.0,-139.7
1552,1.2854,-460.96,0.0,-70.65
1553,1.1489,-387.56,0.0,-70.65
1554,1.5337,-35.1,0.0,-139.7
1555,1.3585,-307.14,0.0,-70.65
1556,1.4122,-324.59,0.0,-70.65
1557,1.2222,50.9,0.0,-165.1
1558,1.4014,-339.56,0.0,-70.65
1559,1.4214,-324.52,0.0,-70.65
156,24.457,-226.61,16.208,20.324
1560,1.3821,-348.41,0.0,-70.65
1561,0.83838,-724.27,0.0,70.65
1562,0.83904,-266.87,0.0,70.65
1563,0.98684,-469.67,0.0,70.65
1564,0.78103,257.71,0.0,70.65
1565,0.68576,-691.59,0.0,70.65
1566,0.98834,-389.06,0.0,-70.65
1567,1.0021,-454.62,15.721,68.879
1568,0.91976,-225.79,0.0,70.65
1569,0.90148,-184.11,0.0,-70.65
157,23.572,-391.32,6.709,29.394
1570,0.83292,-681.11,0.0,-70.65
1571,0.89972,-118.11,57.808,19.846
1572,0.95255,-416.56,0.0,70.65
1573,0.9907,-341.09,0.0,-70.65
1574,0.90369,-224.37,0.0,-70.65
1575,0.9733,-502.72,0.0,70.65
1576,0.75412,-812.51,0.0,70.65
1577,0.72937,-487.83,0.0,70.65
1578,0.66218,-184.56,0.0,70.65
1579,0.78122,-92.712,0.0,-70.65
158,20.224,-192.05,0.0,-30.15
1580,0.84886,-192.4,0.0,70.65
1581,0.45842,-35.1,0.0,-139.7
1582,1.0048,-357.2,14.131,61.91
1583,1.118,-294.12,0.0,-70.65
1584,1.0298,-375.8,0.0,-70.65
1585,0.97098,-484.37,0.0,-70.65
1586,1.0528,-337.28,0.0,-70.65
1587,0.88019,-50.9,0.0,-165.1
1588,0.93527,-50.9,0.0,-165.1
1589,0.94962,-329.06,0.0,-70.65
159,18.133,-447.33,6.709,29.394
1590,0.88674,-318.48,0.0,-70.65
1591,0.91042,-536.86,0.0,70.65
1592,0.83223,-147.74,0.0,70.65
1593,0.80703,-666.91,0.0,-70.65
1594,0.74461,297.4,0.0,-70.65
1595,1.0137,-371.39,14.131,61.91
1596,1.0178,-337.7,0.0,-70.65
1597,1.0276,-371.94,0.0,-70.65
1598,0.77774,35.1,0.0,-139.7
1599,1.0255,-373.18,0.0,-70.65
16,22.455,-690.22,6.274,27.488
160,22.951,-357.84,16.208,20.324
1600,0.75219,-809.93,0.0,-70.65
1601,0.78802,-664.05,0.0,-70.65
1602,0.93675,-519.93,0.0,-70.65
1603,0.82625,50.9,0.0,-165.1
1604,0.93632,-342.75,0.0,-70.65
1605,0.98249,-318.53,0.0,-70.65
1606,0.70038,156.84,0.0,-70.65
1607,0.94328,-364.85,0.0,-70.65
1608,1.0077,-406.56,0.0,-70.65
1609,0.94855,-525.33,0.0,-70.65
161,15.663,176.3,0.0,30.15
1610,0.90991,-322.27,0.0,70.65
1611,1.0279,-328.97,28.586,59.36
1612,0.80442,35.1,0.0,-139.7
1613,1.0896,-306.18,0.0,-70.65
1614,1.0162,-332.22,0.0,-70.65
1615,0.9023,-545.46,0.0,-70.65
1616,0.59537,325.22,0.0,-70.65
1617,0.9655,-50.9,0.0,-165.1
1618,0.71714,50.9,0.0,-165.1
1619,0.85659,-547.63,0.0,-70.65
162,13.203,208.04,5.7844,25.343
1620,1.125,-50.9,0.0,-165.1
1621,0.93484,-589.8,0.0,70.65
1622,0.91236,-385.74,0.0,70.65
1623,0.44264,1.5,0.0,127.0
1624,1.0652,-310.76,0.0,70.65
1625,0.90805,-585.73,0.0,70.65
1626,0.75998,-851.69,0.0,-70.65
1627,0.92772,-501.66,0.0,-70.65
1628,0.80974,-721.78,0.0,-70.65
1629,0.99723,-174.36,0.0,70.65
163,19.225,-124.07,11.279,23.421
1630,0.89512,-488.11,0.0,-70.65
1631,0.30138,-148.95,55.067,26.519
1632,1.0376,-329.66,14.661,-64.233
1633,0.77167,-805.78,0.0,-70.65
1634,1.0089,-377.29,14.131,-61.91
1635,0.96887,-190.05,0.0,-70.65
1636,0.72375,-98.43,0.0,-70.65
1637,0.98196,-328.08,0.0,-70.65
1638,0.98996,-433.53,0.0,70.65
1639,0.89873,-565.46,0.0,-70.65
164,24.501,-374.24,20.324,16.208
1640,0.97092,-435.03,0.0,-70.65
1641,0.9431,-35.1,0.0,-139.7
1642,0.77782,35.1,0.0,-139.7
1643,0.99153,-314.06,0.0,-70.65
1644,1.0273,-361.75,0.0,-70.65
1645,1.0828,-320.01,0.0,-70.65
1646,0.96835,-394.8,0.0,-70.65
1647,0.84511,-326.58,0.0,-70.65
1648,0.95288,-426.66,0.0,-70.65
1649,0.94305,-443.67,0.0,-70.65
165,13.381,347.4,6.0926,26.694
1650,0.83337,50.9,0.0,-165.1
1651,0.61017,213.49,0.0,70.65
1652,0.86434,-468.19,0.0,-70.65
1653,0.96998,-415.99,0.0,-70.65
1654,0.92206,-393.11,0.0,-70.65
1655,0.79479,-287.99,0.0,-70.65
1656,0.9592,-506.38,0.0,-70.65
1657,1.1279,-35.1,0.0,-139.7
1658,0.99294,-395.45,0.0,-70.65
1659,0.9933,98.6,0.0,70.65
166,23.283,-373.26,0.0,30.15
1660,1.0278,-387.21,0.0,-70.65
1661,0.98218,-401.37,0.0,-70.65
1662,1.0308,-369.37,0.0,-70.65
1663,0.9919,-320.26,0.0,-70.65
1664,1.123,-50.9,0.0,-165.1
1665,0.96698,-343.2,0.0,-70.65
1666,0.64402,-243.51,0.0,70.65
1667,0.9846,-427.92,0.0,-70.65
1668,0.80568,-744.37,0.0,70.65
1669,0.95858,-431.44,0.0,-70.65
167,23.806,-423.79,16.208,20.324
1670,0.98745,-445.26,0.0,-70.65
1671,1.0473,-312.57,0.0,-70.65
1672,0.37579,-222.58,0.0,-70.65
1673,0.94502,-35.1,0.0,-139.7
1674,1.0023,-328.71,0.0,-70.65
1675,0.94046,-510.62,0.0,-70.65
1676,1.1068,-251.83,0.0,-70.65
1677,0.95931,-50.9,0.0,-165.1
1678,0.99813,-329.26,0.0,-70.65
1679,1.0178,-50.9,0.0,-165.1
168,23.519,-170.45,6.709,29.394
1680,0.79725,50.9,0.0,-165.1
1681,0.54308,-647.05,0.0,70.65
1682,0.58697,-387.37,0.0,70.65
1683,0.48336,-144.6,0.0,70.65
1684,0.59001,-382.96,0.0,70.65
1685,0.4652,88.9,0.0,70.65
1686,0.44948,98.6,49.957,49.957
1687,0.47125,-217.49,0.0,-70.65
1688,0.61259,-382.65,0.0,-70.65
1689,0.57228,-602.44,0.0,-70.65
169,19.916,-69.04,0.0,30.15
1690,0.40864,98.6,0.0,70.65
1691,0.52123,-214.47,0.0,70.65
1692,0.64485,-338.89,0.0,-70.65
1693,0.61056,-492.71,0.0,-70.65
1694,0.61183,-476.27,0.0,-70.65
1695,0.5959,-480.04,0.0,-70.65
1696,0.4372,-894.05,0.0,-70.65
1697,0.45853,140.37,0.0,-70.65
1698,0.61454,-473.5,0.0,70.65
1699,0.49619,-747.15,0.0,-70.65
17,25.791,-608.9,6.709,29.394
170,18.695,28.444,0.0,36.208
1700,0.59743,-427.18,0.0,-70.65
1701,0.45968,-694.28,0.0,70.65
1702,0.52787,-635.07,0.0,70.65
1703,0.63158,-389.98,0.0,-70.65
1704,0.63195,-364.83,0.0,-70.65
1705,0.39617,-35.1,0.0,-139.7
1706,0.5137,50.9,0.0,-165.1
1707,0.67807,-250.98,0.0,-70.65
1708,0.44411,50.9,0.0,-165.1
1709,0.43152,50.9,0.0,-165.1
171,22.79,-456.58,11.279,23.421
1710,0.63353,-361.98,0.0,-70.65
1711,0.64198,-376.7,0.0,70.65
1712,0.54353,-676.54,0.0,-70.65
1713,0.51764,-584.14,0.0,-70.65
1714,0.53699,-191.74,0.0,70.65
1715,0.51174,-685.65,0.0,70.65
1716,0.62548,-428.54,0.0,-70.65
1717,0.62052,-352.21,0.0,-70.65
1718,0.6042,-481.75,0.0,-70.65
1719,0.27688,35.1,0.0,-139.7
172,18.901,-218.35,11.279,23.421
1720,0.66336,-222.12,0.0,-70.65
1721,0.62969,-384.94,0.0,-70.65
1722,0.63035,-383.33,0.0,-70.65
1723,0.60464,-438.93,0.0,-70.65
1724,0.35679,348.79,0.0,-70.65
1725,0.63878,-330.97,0.0,-70.65
1726,0.58604,-379.96,0.0,70.65
1727,0.30958,-235.22,0.0,70.65
1728,0.46853,67.233,0.0,-78.05
1729,0.36877,318.24,0.0,-70.65
173,22.897,-136.78,11.88,24.669
1730,0.352,205.42,0.0,-70.65
1731,0.44251,-380.78,0.0,-70.65
1732,0.58345,-35.1,0.0,-139.7
1733,0.54081,-35.1,0.0,-139.7
1734,0.54143,-143.78,0.0,70.65
1735,0.64202,-353.19,0.0,-70.65
1736,0.49197,-710.99,0.0,-70.65
1737,0.59009,-370.92,0.0,-70.65
1738,0.63115,-386.2,0.0,-70.65
1739,0.62896,-50.9,0.0,-165.1
174,20.126,-166.73,12.481,25.916
1740,0.61933,-377.9,0.0,-70.65
1741,0.4053,483.11,0.0,84.15
1742,0.76639,-322.39,0.0,84.15
1743,0.74957,-401.48,0.0,84.15
1744,0.5981,-793.82,0.0,84.15
1745,0.72158,-523.43,0.0,84.15
1746,0.57515,-752.27,0.0,84.15
1747,0.51664,-823.78,0.0,84.15
1748,0.26165,-195.09,0.0,84.15
1749,0.67307,-346.96,0.0,84.15
175,23.43,-426.74,12.481,25.916
1750,0.4744,-329.95,0.0,84.15
1751,0.6781,-526.75,0.0,84.15
1752,0.62249,-634.98,0.0,84.15
1753,0.75965,-365.97,0.0,84.15
1754,0.7328,-357.88,0.0,84.15
1755,0.76818,-325.21,0.0,84.15
1756,0.6963,-487.91,0.0,-84.15
1757,0.60816,-642.45,0.0,-84.15
1758,0.67082,-280.23,0.0,-84.15
1759,0.56654,-25.4,0.0,139.7
176,23.525,-375.53,6.0926,26.694
1760,0.55664,139.93,0.0,-84.15
1761,0.76149,-353.94,0.0,84.15
1762,0.46692,223.64,0.0,84.15
1763,0.65457,-616.94,0.0,84.15
1764,0.70844,-407.54,0.0,84.15
1765,0.70967,-251.4,0.0,84.15
1766,0.75336,-299.0,0.0,-84.15
1767,0.7496,-54.2,0.0,-177.8
1768,0.45416,54.2,0.0,-177.8
1769,0.44418,-538.03,0.0,-84.15
177,18.761,-101.13,11.279,23.421
1770,0.44546,-54.2,0.0,-177.8
1771,0.72573,-495.69,0.0,-84.15
1772,0.36777,321.83,0.0,84.15
1773,0.74037,-409.96,0.0,-84.15
1774,0.53648,290.63,0.0,-84.15
1775,0.65134,-270.41,0.0,-84.15
1776,0.7056,-404.52,0.0,84.15
1777,0.56538,-307.59,0.0,84.15
1778,0.56462,-714.73,0.0,84.15
1779,0.50039,-199.07,0.0,84.15
178,23.266,-352.8,16.208,20.324
1780,0.71861,-398.31,0.0,84.15
1781,0.73772,-425.82,0.0,-84.15
1782,0.70475,-54.2,0.0,-177.8
1783,0.74997,-354.73,0.0,-84.15
1784,0.7269,-54.2,0.0,-177.8
1785,0.685,-306.84,0.0,-84.15
1786,0.33955,-362.01,0.0,84.15
1787,0.41605,25.4,0.0,139.7
1788,0.7065,-196.4,0.0,-84.15
1789,0.72586,-342.1,0.0,-84.15
179,23.415,-402.01,0.0,30.15
1790,0.73269,-394.93,0.0,-84.15
1791,0.72049,-422.79,0.0,84.15
1792,0.60619,-657.88,0.0,84.15
1793,0.55238,303.81,0.0,84.15
1794,0.55298,-760.67,0.0,84.15
1795,0.59776,-377.1,0.0,84.15
1796,0.50405,54.2,0.0,-177.8
1797,0.7162,-54.2,0.0,-177.8
1798,0.71905,-54.2,0.0,-177.8
1799,0.44227,54.2,0.0,-177.8
18,30.933,-387.91,16.97,21.279
180,21.301,-59.4,0.0,35.417
1800,0.70507,-54.2,0.0,-177.8
1801,0.74304,-425.46,0.0,84.15
1802,0.52458,-235.45,0.0,-77.04
1803,0.53491,-352.73,0.0,-78.817
1804,0.48014,243.26,0.0,-84.15
1805,0.68076,-530.67,0.0,84.15
1806,0.71308,-446.94,0.0,84.15
1807,0.44104,-412.53,0.0,84.15
1808,0.52442,294.14,0.0,84.15
1809,0.57738,-400.64,0.0,84.15
181,15.946,217.68,16.208,20.324
1810,0.37367,-485.71,0.0,84.15
1811,0.49145,117.3,0.0,-84.15
1812,0.36027,117.3,0.0,-84.15
1813,0.74146,-413.33,0.0,84.15
1814,0.74574,-419.46,0.0,84.15
1815,0.54717,-192.83,71.012,34.198
1816,0.43349,-375.29,0.0,84.15
1817,0.66701,-275.54,0.0,-84.15
1818,0.60201,-120.86,0.0,-84.15
1819,0.71712,-415.3,0.0,-84.15
182,22.832,-505.74,11.279,23.421
1820,0.47332,-465.76,0.0,84.15
1821,0.70843,-397.23,0.0,84.15
1822,0.7142,-408.09,0.0,84.15
1823,0.5737,-684.09,0.0,84.15
1824,0.6033,-670.42,0.0,84.15
1825,0.50256,496.53,0.0,84.15
1826,0.72907,-54.2,0.0,-177.8
1827,0.7375,-335.95,0.0,-84.15
1828,0.73803,-54.2,0.0,-177.8
1829,0.77954,-54.2,0.0,-177.8
183,21.596,-615.03,16.208,20.324
1830,0.56857,-697.67,0.0,-84.15
1831,0.49599,-640.31,0.0,84.15
1832,0.725,-383.93,0.0,-84.15
1833,0.66254,-528.29,0.0,-84.15
1834,0.60576,-688.51,0.0,84.15
1835,0.76632,-319.23,0.0,-84.15
1836,0.72522,-334.3,0.0,84.15
1837,0.31312,-98.6,84.15,0.0
1838,0.70189,-483.19,0.0,84.15
1839,0.71648,-383.01,0.0,84.15
184,22.409,28.444,0.0,36.208
1840,0.73442,-394.88,0.0,84.15
1841,0.75,-54.2,0.0,-177.8
1842,0.46597,-515.56,0.0,-84.15
1843,0.73648,-54.2,0.0,-177.8
1844,0.75405,-387.11,0.0,-84.15
1845,0.54952,-615.57,0.0,-84.15
1846,0.49075,210.18,0.0,84.15
1847,0.71342,-404.12,0.0,-84.15
1848,0.70281,-510.18,0.0,-84.15
1849,0.52287,-338.03,0.0,84.15
185,23.455,-481.24,5.7844,25.343
1850,0.73048,-383.26,0.0,-84.15
1851,0.68025,-353.11,0.0,84.15
1852,0.70556,-403.41,0.0,84.15
1853,0.70464,-397.34,0.0,84.15
1854,0.72907,-408.36,0.0,84.15
1855,0.56429,-716.79,0.0,84.15
1856,0.71546,-409.11,0.0,-84.15
1857,0.58615,-54.2,0.0,-177.8
1858,0.7467,-386.88,0.0,-84.15
1859,0.63668,-594.86,0.0,-84.15
186,17.283,132.97,11.279,23.421
1860,0.57623,54.2,0.0,-177.8
1861,0.42865,-188.64,0.0,-84.15
1862,0.44084,-603.17,0.0,84.15
1863,0.49635,-525.48,0.0,84.15
1864,0.35882,169.11,0.0,-84.15
1865,0.41208,-778.06,0.0,84.15
1866,0.38928,-502.23,0.0,84.15
1867,0.38795,-877.32,0.0,84.15
1868,0.49755,-444.91,0.0,84.15
1869,0.48477,-540.81,0.0,84.15
187,20.749,-675.82,20.324,16.208
1870,0.46614,-345.86,0.0,84.15
1871,0.42176,117.3,54.091,-64.463
1872,0.4763,-243.82,16.284,71.345
1873,0.42729,-355.49,0.0,84.15
1874,0.5211,-117.3,71.345,16.284
1875,0.45936,-271.22,0.0,84.15
1876,0.34932,376.84,0.0,-84.15
1877,0.40113,-25.4,0.0,139.7
1878,0.42036,-147.27,0.0,84.15
1879,0.46467,-549.99,0.0,-84.15
188,15.111,304.23,11.88,24.669
1880,0.5028,-454.66,0.0,-84.15
1881,0.44374,-412.59,0.0,84.15
1882,0.49876,-437.11,0.0,84.15
1883,0.42049,-699.09,0.0,84.15
1884,0.47504,-420.75,0.0,84.15
1885,0.38325,253.55,0.0,84.15
1886,0.48459,-444.79,0.0,-84.15
1887,0.51475,-418.3,0.0,-84.15
1888,0.52816,-315.53,0.0,-84.15
1889,0.52574,-54.2,0.0,-177.8
189,22.869,-408.51,6.4008,28.044
1890,0.25174,54.2,0.0,-177.8
1891,0.44673,-214.31,0.0,84.15
1892,0.47735,-507.27,0.0,84.15
1893,0.37094,-654.51,0.0,84.15
1894,0.50402,-480.61,0.0,-84.15
1895,0.426,-708.72,0.0,84.15
1896,0.36117,296.55,0.0,84.15
1897,0.48212,-368.84,0.0,84.15
1898,0.45707,-361.58,0.0,84.15
1899,0.44626,-606.32,0.0,84.15
19,29.242,-543.0,11.809,24.522
190,22.743,-371.64,16.208,20.324
1900,0.49573,-423.62,0.0,84.15
1901,0.50845,-323.96,0.0,-84.15
1902,0.45649,-54.2,0.0,-177.8
1903,0.5289,-372.8,0.0,-84.15
1904,0.43423,-54.2,0.0,-177.8
1905,0.34553,54.2,0.0,-177.8
1906,0.49314,-385.66,0.0,-84.15
1907,0.4287,-25.4,0.0,139.7
1908,0.46391,-538.3,0.0,84.15
1909,0.40579,-714.89,0.0,84.15
191,19.867,103.1,11.279,23.421
1910,0.51431,-432.31,0.0,-84.15
1911,0.50181,-407.2,0.0,84.15
1912,0.50393,-426.17,0.0,84.15
1913,0.40999,-659.73,0.0,84.15
1914,0.33491,-594.12,0.0,84.15
1915,0.28412,419.04,0.0,84.15
1916,0.50662,-271.38,0.0,-84.15
1917,0.52338,-381.51,0.0,-84.15
1918,0.509,-54.2,0.0,-177.8
1919,0.51087,-339.97,0.0,-84.15
192,19.449,-103.23,16.208,20.324
1920,0.40472,54.2,0.0,-177.8
1921,0.53516,-330.05,0.0,84.15
1922,0.50173,-505.32,0.0,84.15
1923,0.50805,-455.0,0.0,84.15
1924,0.49204,-407.53,0.0,84.15
1925,0.49684,-421.0,0.0,84.15
1926,0.22315,259.08,0.0,84.15
1927,0.31605,474.8,0.0,84.15
1928,0.48071,-431.6,0.0,84.15
1929,0.47581,-368.33,0.0,84.15
193,15.758,173.16,16.208,20.324
1930,0.38369,-378.8,0.0,84.15
1931,0.40908,117.3,64.463,-54.091
1932,0.51911,-426.34,0.0,-84.15
1933,0.37051,-427.27,0.0,84.15
1934,0.42968,-649.44,0.0,-84.15
1935,0.5146,-384.5,0.0,-84.15
1936,0.39724,25.4,0.0,-139.7
1937,0.50169,-435.66,0.0,-84.15
1938,0.51132,-368.46,0.0,84.15
1939,0.5066,-438.05,0.0,84.15
194,24.764,-393.76,20.324,16.208
1940,0.51822,-388.94,0.0,-84.15
1941,0.39831,-611.84,0.0,84.15
1942,0.51276,-405.32,0.0,84.15
1943,0.50521,-387.77,0.0,84.15
1944,0.40169,-109.57,0.0,84.15
1945,0.35053,-736.57,0.0,84.15
1946,0.46829,-479.9,0.0,-84.15
1947,0.53264,-308.64,0.0,-84.15
1948,0.32302,54.2,0.0,-177.8
1949,0.42519,-30.3,0.0,-177.8
195,18.199,-856.54,23.421,11.279
1950,0.51501,-408.89,0.0,-84.15
1951,0.4385,-176.06,0.0,84.15
1952,0.50866,-427.12,0.0,84.15
1953,0.48232,-423.89,0.0,84.15
1954,0.5117,-170.98,0.0,84.15
1955,0.20394,203.7,0.0,84.15
1956,0.4978,-348.64,0.0,84.15
1957,0.50871,-396.27,0.0,84.15
1958,0.46709,-542.88,0.0,84.15
1959,0.53561,-348.91,0.0,84.15
196,23.88,-387.34,16.208,20.324
1960,0.44717,-407.22,0.0,84.15
1961,0.52625,-365.67,0.0,-84.15
1962,0.52069,-380.62,0.0,-84.15
1963,0.50896,-54.2,0.0,-177.8
1964,0.52505,-332.07,0.0,-84.15
1965,0.53279,-297.88,0.0,-84.15
1966,0.3828,239.66,0.0,-84.15
1967,0.46873,-274.76,0.0,84.15
1968,0.52227,-410.52,0.0,84.15
1969,0.43469,-280.66,0.0,84.15
197,21.593,-189.61,17.935,22.489
1970,0.50645,-396.09,0.0,-84.15
1971,0.47094,-302.36,0.0,84.15
1972,0.34283,234.9,0.0,84.15
1973,0.4146,134.14,0.0,84.15
1974,0.28931,427.68,0.0,84.15
1975,0.31501,189.86,0.0,84.15
1976,0.53581,-307.94,0.0,-84.15
1977,0.45375,-54.2,0.0,-177.8
1978,0.51108,-54.2,0.0,-177.8
1979,0.53653,-331.37,0.0,-84.15
198,23.629,-421.34,6.4008,28.044
1980,0.52414,-54.2,0.0,-177.8
1981,0.3022,-404.53,18.725,82.04
1982,0.3077,-487.86,18.725,82.04
1983,0.27504,-139.49,0.0,84.15
1984,0.25789,-706.21,0.0,84.15
1985,0.23311,-338.56,0.0,84.15
1986,0.29654,-400.84,18.725,82.04
1987,0.27967,-238.51,0.0,84.15
1988,0.25446,-747.65,0.0,84.15
1989,0.13809,307.24,18.725,82.04
199,23.659,-441.26,6.709,29.394
1990,0.2942,74.325,0.0,84.15
1991,0.32751,-340.87,0.0,84.15
1992,0.30624,-345.79,0.0,-84.15
1993,0.31031,-364.32,18.725,-82.04
1994,0.26678,-97.75,0.0,-84.15
1995,0.19802,117.3,0.0,84.15
1996,0.19454,369.22,0.0,84.15
1997,0.19876,-432.08,0.0,84.15
1998,0.29836,-535.3,18.725,82.04
1999,0.29549,-504.01,0.0,84.15
2,31.916,-403.63,6.709,29.394
20,29.092,-506.58,16.97,21.279
200,25.418,-293.89,0.0,-30.15
2000,0.29766,-482.3,0.0,84.15
2001,0.23561,-429.92,18.725,82.04
2002,0.30941,-416.92,18.725,82.04
2003,0.30762,-417.73,0.0,84.15
2004,0.3076,-416.91,18.725,82.04
2005,0.27859,-273.05,0.0,84.15
2006,0.28148,-530.85,0.0,-84.15
2007,0.27024,54.2,0.0,-177.8
2008,0.20338,54.2,0.0,-177.8
2009,0.33123,-314.01,0.0,-84.15
201,23.348,-437.97,16.208,20.324
2010,0.32021,-341.34,0.0,-84.15
2011,0.28903,-296.02,0.0,84.15
2012,0.30175,-494.2,0.0,84.15
2013,0.30992,-519.18,18.725,82.04
2014,0.16876,-394.27,0.0,84.15
2015,0.28773,-508.44,0.0,84.15
2016,0.21378,-98.6,0.0,84.15
2017,0.30546,-473.74,0.0,84.15
2018,0.29515,-524.37,18.725,82.04
2019,0.23597,-356.04,0.0,84.15
202,23.647,-403.62,11.279,23.421
2020,0.2692,-298.99,0.0,84.15
2021,0.13425,54.2,0.0,-177.8
2022,0.25357,-718.76,0.0,-84.15
2023,0.32266,-384.57,0.0,-84.15
2024,0.31069,-437.92,0.0,-84.15
2025,0.19953,-250.38,0.0,-84.15
2026,0.33493,-292.69,18.725,82.04
2027,0.23194,201.46,0.0,84.15
2028,0.19556,312.23,0.0,84.15
2029,0.32045,-399.92,18.725,82.04
203,23.539,-414.03,16.208,20.324
2030,0.21386,231.23,0.0,84.15
2031,0.27707,-262.65,0.0,84.15
2032,0.30742,-415.87,0.0,84.15
2033,0.29896,-265.51,0.0,84.15
2034,0.3078,-429.82,18.725,82.04
2035,0.3079,-457.9,18.725,82.04
2036,0.27556,-317.84,0.0,-84.15
2037,0.27807,-54.2,0.0,-177.8
2038,0.32134,-365.86,0.0,-84.15
2039,0.33476,-316.7,0.0,-84.15
204,23.675,-404.66,11.279,23.421
2040,0.2419,54.2,0.0,-177.8
2041,0.26862,-424.42,23.012,-100.82
2042,0.27106,-555.26,24.377,-106.8
2043,0.21184,-342.08,0.0,-101.37
2044,0.19786,165.2,0.0,-109.55
2045,0.20239,142.61,0.0,-109.55
2046,0.29213,-365.4,0.0,109.55
2047,0.2596,-181.21,0.0,109.55
2048,0.29135,-408.97,0.0,109.55
2049,0.27689,-435.13,0.0,109.55
205,17.644,-775.72,20.324,16.208
2050,0.27649,-456.66,0.0,109.55
2051,0.24915,-320.32,0.0,109.55
2052,0.26645,-400.69,0.0,109.55
2053,0.24285,-454.69,0.0,109.55
2054,0.16726,-133.4,98.828,22.557
2055,0.26862,-375.43,0.0,109.55
2056,0.26539,-302.83,0.0,109.55
2057,0.23136,28.4,0.0,171.45
2058,0.28019,-393.85,0.0,109.55
2059,0.27584,-415.8,0.0,109.55
206,18.678,-682.16,11.88,24.669
2060,0.25962,-529.71,0.0,109.55
2061,0.15863,-112.3,108.43,15.591
2062,0.30131,-303.82,0.0,109.55
2063,0.27208,-409.32,0.0,109.55
2064,0.22767,-204.14,0.0,109.55
2065,0.24043,-314.2,0.0,109.55
2066,0.28033,-409.32,0.0,-109.55
2067,0.27435,-456.84,0.0,109.55
2068,0.26884,-363.45,0.0,109.55
2069,0.22547,-184.43,0.0,-109.55
207,19.344,-568.12,6.4008,28.044
2070,0.27622,-478.04,0.0,109.55
2071,0.2821,-451.15,0.0,109.55
2072,0.27732,-503.8,0.0,109.55
2073,0.25403,-553.61,0.0,109.55
2074,0.24098,-28.4,0.0,171.45
2075,0.26926,-368.04,0.0,109.55
2076,0.23278,-634.04,0.0,109.55
2077,0.27595,-369.7,0.0,109.55
2078,0.27076,-251.35,0.0,109.55
2079,0.27581,-372.44,0.0,109.55
208,23.642,-362.06,11.279,23.421
2080,0.26564,-521.9,0.0,109.55
2081,0.2592,-388.29,0.0,109.55
2082,0.24336,-169.38,0.0,-109.55
2083,0.30158,-286.48,0.0,109.55
2084,0.19644,133.4,101.37,0.0
2085,0.25472,-516.75,0.0,109.55
2086,0.22066,-28.4,0.0,171.45
2087,0.23672,-28.4,0.0,171.45
2088,0.28506,-395.33,0.0,109.55
2089,0.22583,-28.4,0.0,171.45
209,21.606,-356.27,0.0,30.15
2090,0.29506,-352.32,0.0,109.55
2091,0.27738,-380.52,0.0,109.55
2092,0.24058,-642.54,0.0,109.55
2093,0.28152,-409.77,0.0,109.55
2094,0.29544,-356.34,0.0,109.55
2095,0.2188,112.3,107.89,19.023
2096,0.23411,-191.95,0.0,-109.55
2097,0.25147,-421.88,0.0,-109.55
2098,0.22117,-501.32,0.0,109.55
2099,0.22835,-317.41,0.0,-109.55
21,29.619,-244.99,16.97,21.279
210,15.549,208.04,11.279,23.421
2100,0.2705,-446.62,0.0,109.55
2101,0.19698,-322.97,22.557,-98.828
2102,0.18211,-195.3,0.0,-109.55
2103,0.22417,-104.87,97.408,-28.063
2104,0.28058,-442.32,0.0,109.55
2105,0.28004,-449.34,0.0,109.55
2106,0.26865,-530.66,0.0,109.55
2107,0.21091,112.3,107.89,19.023
2108,0.18056,112.3,109.55,0.0
2109,0.27848,-427.44,0.0,109.55
211,17.857,63.5,0.0,30.15
2110,0.27556,-447.17,0.0,109.55
2111,0.19005,215.74,0.0,109.55
2112,0.27889,-518.27,0.0,109.55
2113,0.27346,-463.75,0.0,109.55
2114,0.17179,284.89,0.0,109.55
2115,0.28523,-368.27,0.0,109.55
2116,0.25705,-596.07,0.0,109.55
2117,0.22324,-28.4,0.0,171.45
2118,0.24076,-608.18,0.0,109.55
2119,0.27611,-374.14,0.0,109.55
212,19.012,-41.3,0.0,38.05
2120,0.29331,-315.97,0.0,109.55
2121,0.1449,112.3,108.43,15.591
2122,0.21806,-731.31,0.0,109.55
2123,0.21048,-414.92,0.0,109.55
2124,0.2725,-409.48,0.0,109.55
2125,0.22266,-288.54,0.0,109.55
2126,0.20086,-787.74,0.0,109.55
2127,0.27415,-422.74,0.0,109.55
2128,0.27469,-425.27,0.0,-109.55
2129,0.26823,-420.61,0.0,109.55
213,20.064,-94.578,6.4008,28.044
2130,0.21931,-181.86,0.0,109.55
2131,0.15757,-348.1,0.0,109.55
2132,0.25634,-449.53,0.0,109.55
2133,0.27249,-370.69,0.0,109.55
2134,0.24943,-618.84,0.0,109.55
2135,0.23979,-624.92,0.0,109.55
2136,0.24824,-578.77,0.0,109.55
2137,0.26526,-309.34,0.0,109.55
2138,0.26907,-475.89,0.0,109.55
2139,0.2776,-426.52,0.0,109.55
214,24.034,-377.2,6.0926,26.694
2140,0.29142,-361.56,0.0,109.55
2141,0.18197,-133.4,101.21,5.6839
2142,0.23167,-526.97,0.0,-109.55
2143,0.27055,-458.82,0.0,109.55
2144,0.24089,-628.29,0.0,109.55
2145,0.27039,-479.81,0.0,109.55
2146,0.20259,-28.4,0.0,171.45
2147,0.28486,-434.46,0.0,109.55
2148,0.23438,-28.4,0.0,171.45
2149,0.29145,-339.79,0.0,-109.55
215,18.675,-721.67,11.88,24.669
2150,0.25449,-217.54,0.0,109.55
2151,0.20051,-812.56,0.0,109.55
2152,0.30109,-303.58,0.0,109.55
2153,0.21835,-565.06,0.0,109.55
2154,0.24339,-262.5,0.0,109.55
2155,0.26709,-371.92,0.0,109.55
2156,0.25355,-313.06,0.0,-109.55
2157,0.22498,-663.74,0.0,109.55
2158,0.23772,-579.31,0.0,109.55
2159,0.22613,-616.01,0.0,-109.55
216,24.5,-357.56,16.208,20.324
2160,0.21356,-718.32,0.0,109.55
2161,0.19042,-552.09,24.377,106.8
2162,0.18992,-340.21,0.0,109.55
2163,0.18581,-375.23,24.377,-106.8
2164,0.078291,-106.68,89.478,-37.063
2165,0.18247,-235.11,0.0,109.55
2166,0.18825,-432.56,0.0,109.55
2167,0.14554,427.31,0.0,109.55
2168,0.1916,-464.0,0.0,109.55
2169,0.16205,-171.93,0.0,109.55
217,20.952,69.9,0.0,30.15
2170,0.16755,-376.58,0.0,109.55
2171,0.18831,-451.64,24.377,106.8
2172,0.1212,-592.25,0.0,109.55
2173,0.1536,-809.34,24.377,106.8
2174,0.1879,-496.99,0.0,109.55
2175,0.17707,-451.61,0.0,109.55
2176,0.11372,432.84,0.0,109.55
2177,0.17656,-171.93,0.0,109.55
2178,0.17677,-231.41,0.0,109.55
2179,0.11964,331.22,0.0,109.55
218,21.674,-503.93,5.7844,25.343
2180,0.17048,-518.25,0.0,109.55
2181,0.18685,-423.1,0.0,109.55
2182,0.15588,112.3,94.873,54.775
2183,0.15442,-205.41,0.0,109.55
2184,0.14298,-265.33,0.0,109.55
2185,0.16594,-312.22,0.0,109.55
2186,0.20121,-358.93,0.0,109.55
2187,0.19,-372.24,0.0,109.55
2188,0.12802,-174.92,24.377,106.8
2189,0.16329,-285.17,0.0,109.55
219,20.107,-125.5,12.481,25.916
2190,0.16516,-400.69,0.0,109.55
2191,0.15864,-28.4,0.0,171.45
2192,0.16444,-246.8,0.0,109.55
2193,0.14603,-674.75,0.0,109.55
2194,0.11517,328.11,0.0,109.55
2195,0.17406,-633.93,0.0,109.55
2196,0.19998,-291.06,0.0,109.55
2197,0.18533,-513.33,0.0,109.55
2198,0.19422,-479.0,0.0,109.55
2199,0.19174,-439.7,0.0,109.55
22,33.071,-326.82,6.4915,28.441
220,22.824,-378.78,5.7844,25.343
2200,0.11039,296.39,0.0,109.55
2201,0.16047,-97.7,0.0,122.2
2202,0.10341,417.44,0.0,109.55
2203,0.19061,-483.67,0.0,-109.55
2204,0.18231,-146.1,0.0,109.55
2205,0.18762,-390.42,0.0,109.55
2206,0.11392,315.19,0.0,109.55
2207,0.16509,-496.92,0.0,109.55
2208,0.184,-502.27,0.0,109.55
2209,0.14823,1.5,0.0,171.45
221,23.307,-385.57,11.279,23.421
2210,0.18774,-520.97,0.0,109.55
2211,0.17998,-186.21,0.0,109.55
2212,0.1908,-447.7,0.0,109.55
2213,0.16646,112.3,98.103,19.514
2214,0.17031,-545.16,0.0,109.55
2215,0.19897,-335.67,0.0,109.55
2216,0.14233,190.76,0.0,109.55
2217,0.18549,-433.25,0.0,109.55
2218,0.16028,-192.4,0.0,109.55
2219,0.1804,-331.59,0.0,109.55
222,23.594,-416.11,20.324,16.208
2220,0.20696,-283.2,0.0,109.55
2221,0.14412,-862.33,0.0,109.55
2222,0.13115,-106.68,89.478,-37.063
2223,0.10193,-440.21,0.0,-109.55
2224,0.19077,-490.37,0.0,109.55
2225,0.16261,-163.72,0.0,-109.55
2226,0.14722,-271.22,0.0,109.55
2227,0.11381,195.76,24.377,106.8
2228,0.1803,-372.76,0.0,109.55
2229,0.19073,-520.89,24.377,106.8
223,18.966,174.68,6.709,29.394
2230,0.19566,-284.33,0.0,109.55
2231,0.1858,-371.75,0.0,109.55
2232,0.17819,-572.91,0.0,109.55
2233,0.18606,-452.2,0.0,109.55
2234,0.17112,-261.03,0.0,109.55
2235,0.18793,-495.98,0.0,109.55
2236,0.19435,-425.44,0.0,109.55
2237,0.11937,308.68,0.0,109.55
2238,0.16703,-591.15,0.0,109.55
2239,0.19549,-425.19,24.377,106.8
224,14.607,376.4,6.4008,28.044
2240,0.20473,-362.65,24.377,106.8
2241,0.10494,342.61,0.0,109.55
2242,0.1908,-397.14,0.0,109.55
2243,0.12167,295.29,0.0,109.55
2244,0.19149,-411.5,24.377,106.8
2245,0.1902,-438.05,24.377,106.8
2246,0.18364,-400.72,0.0,-109.55
2247,0.18532,-455.59,0.0,109.55
2248,0.16626,-611.96,0.0,109.55
2249,0.16194,-452.23,0.0,109.55
225,25.419,-331.17,20.324,16.208
2250,0.16412,-225.92,0.0,109.55
2251,0.20405,-283.03,24.377,106.8
2252,0.20888,-299.7,24.377,106.8
2253,0.12701,28.4,-14.943,170.8
2254,0.17877,-206.96,0.0,109.55
2255,0.17061,-307.71,0.0,109.55
2256,0.15599,-206.0,0.0,109.55
2257,0.19632,-284.56,0.0,109.55
2258,0.15092,-143.44,0.0,109.55
2259,0.14156,-894.28,0.0,109.55
226,23.539,-413.37,16.208,20.324
2260,0.16427,175.83,24.377,106.8
2261,0.18584,-414.38,0.0,109.55
2262,0.13732,-714.25,0.0,109.55
2263,0.16303,-133.4,97.517,22.258
2264,0.18937,-421.3,0.0,-109.55
2265,0.18929,-463.04,0.0,109.55
2266,0.19308,-426.58,0.0,109.55
2267,0.1933,-359.9,0.0,109.55
2268,0.16008,-28.4,0.0,171.45
2269,0.19439,-387.19,0.0,-109.55
227,13.184,-321.65,0.0,-30.15
2270,0.19374,-448.38,0.0,109.55
2271,0.18444,-375.08,0.0,109.55
2272,0.18753,-416.37,0.0,109.55
2273,0.20116,-238.55,0.0,109.55
2274,0.15471,-112.3,98.103,19.514
2275,0.19042,-355.12,24.377,106.8
2276,0.17498,-515.22,0.0,109.55
2277,0.19452,-354.82,0.0,-109.55
2278,0.17395,-489.36,0.0,-109.55
2279,0.16779,-527.68,24.377,106.8
228,23.772,-303.6,6.4008,28.044
2280,0.17622,-494.18,0.0,109.55
2281,0.13654,-330.13,0.0,109.55
2282,0.10305,-733.44,23.141,101.39
2283,0.069323,218.34,0.0,-109.55
2284,0.10462,-785.19,24.377,106.8
2285,0.12782,-427.43,24.377,106.8
2286,0.11897,-379.12,24.377,106.8
2287,0.12257,-61.419,0.0,118.44
2288,0.1217,-398.15,0.0,109.55
2289,0.11712,-307.43,23.141,101.39
229,23.263,-428.75,5.7844,25.343
2290,0.11838,-356.61,24.377,106.8
2291,0.1336,-367.16,0.0,109.55
2292,0.12598,-491.91,0.0,109.55
2293,0.093769,-605.94,0.0,109.55
2294,0.083856,227.51,0.0,109.55
2295,0.051846,-261.86,0.0,109.55
2296,0.082791,392.76,0.0,109.55
2297,0.11347,-232.64,0.0,109.55
2298,0.11237,-316.74,0.0,109.55
2299,0.12865,-480.53,23.141,101.39
23,30.749,-401.42,12.233,25.403
230,22.007,-287.57,0.0,-30.15
2300,0.077916,287.82,0.0,109.55
2301,0.12597,-454.52,0.0,109.55
2302,0.13281,-403.58,24.377,106.8
2303,0.10603,-715.96,0.0,109.55
2304,0.1226,-393.24,0.0,109.55
2305,0.11581,-572.62,0.0,109.55
2306,0.11981,-397.77,0.0,-109.55
2307,0.049392,215.3,0.0,109.55
2308,0.10253,-155.63,0.0,109.55
2309,0.11979,-216.79,24.377,106.8
231,24.672,-326.88,6.0926,26.694
2310,0.078965,142.29,0.0,109.55
2311,0.11657,-457.47,0.0,109.55
2312,0.11326,-433.01,0.0,109.55
2313,0.091012,185.27,0.0,109.55
2314,0.12364,-413.97,0.0,109.55
2315,0.037065,-28.4,-9.6133,171.18
2316,0.13367,-321.75,24.377,106.8
2317,0.078475,270.73,0.0,109.55
2318,0.10872,-711.21,0.0,109.55
2319,0.13272,-350.17,0.0,109.55
232,23.571,-381.71,20.324,16.208
2320,0.11097,-457.4,24.377,106.8
2321,0.12256,-485.17,0.0,109.55
2322,0.095353,-133.4,0.0,-109.55
2323,0.10017,-580.42,0.0,109.55
2324,0.11093,-585.77,24.377,106.8
2325,0.11255,-548.44,0.0,109.55
2326,0.12752,-123.83,0.0,109.55
2327,0.11706,-569.94,0.0,109.55
2328,0.1208,-520.55,0.0,109.55
2329,0.095627,28.4,0.0,171.45
233,24.262,-382.99,0.0,30.15
2330,0.12593,-498.25,0.0,109.55
2331,0.11331,-574.23,0.0,109.55
2332,0.093488,-867.41,0.0,109.55
2333,0.12577,-400.62,0.0,109.55
2334,0.093053,276.36,0.0,109.55
2335,0.12226,-385.28,0.0,109.55
2336,0.070491,266.93,0.0,109.55
2337,0.09262,-97.7,0.0,-122.2
2338,0.11926,-468.9,0.0,109.55
2339,0.12534,-488.44,0.0,-109.55
234,25.491,-241.35,5.7844,25.343
2340,0.080832,423.67,0.0,-109.55
2341,0.13201,-403.56,0.0,136.5
2342,0.098674,101.6,127.23,0.0
2343,0.12228,-391.12,0.0,136.5
2344,0.085582,254.25,0.0,136.5
2345,0.093256,-540.9,0.0,136.5
2346,0.095317,-119.15,124.04,-28.311
2347,0.099733,-123.79,124.04,-28.311
2348,0.083646,-724.41,0.0,-136.5
2349,0.1011,-121.01,126.3,-28.827
235,24.319,-145.92,16.208,20.324
2350,0.096132,-277.73,14.245,-126.43
2351,0.091593,152.4,-11.897,-135.98
2352,0.13911,-69.9,0.0,-254.0
2353,0.085607,69.9,-36.148,-251.41
2354,0.13481,-152.4,0.0,-136.5
2355,0.12518,-377.62,114.63,55.203
2356,0.11601,-101.6,124.79,24.821
2357,0.11197,-304.44,0.0,136.5
2358,0.10682,-662.72,0.0,-136.5
2359,0.064886,326.89,0.0,-136.5
236,22.636,-435.98,11.279,23.421
2360,0.12798,-264.48,0.0,136.5
2361,0.10409,-47.6,0.0,222.25
2362,0.11377,-515.4,0.0,136.5
2363,0.12731,-422.32,0.0,136.5
2364,0.1162,-423.88,0.0,136.5
2365,0.11765,-47.6,0.0,222.25
2366,0.10212,69.9,-19.929,-253.22
2367,0.10232,-69.9,-22.138,-253.03
2368,0.13106,-69.9,0.0,-254.0
2369,0.05645,-69.9,-26.55,-252.61
237,22.319,-472.76,0.0,30.15
2370,0.12467,-69.9,0.0,-254.0
2371,0.072773,359.22,0.0,136.5
2372,0.11745,-290.98,0.0,136.5
2373,0.12548,-217.0,30.374,133.08
2374,0.12854,-472.77,30.374,133.08
2375,0.062493,-345.4,0.0,136.5
2376,0.08237,-500.72,0.0,136.5
2377,0.13554,-347.59,0.0,136.5
2378,0.10829,-47.6,0.0,222.25
2379,0.080593,248.02,0.0,136.5
238,21.809,-490.18,20.324,16.208
2380,0.12763,-451.5,0.0,136.5
2381,0.1356,-69.9,-22.138,-253.03
2382,0.13449,-69.9,-22.138,-253.03
2383,0.1185,-69.9,-22.138,-253.03
2384,0.1352,-69.9,-22.138,-253.03
2385,0.095984,69.9,-22.138,-253.03
2386,0.10469,-632.98,0.0,136.5
2387,0.12831,-380.3,0.0,136.5
2388,0.10313,-103.45,127.23,0.0
2389,0.12258,-493.86,0.0,136.5
239,23.461,-421.01,11.279,23.421
2390,0.10614,-649.76,0.0,136.5
2391,0.12681,-359.54,0.0,136.5
2392,0.10867,-47.6,0.0,222.25
2393,0.11312,-473.35,0.0,136.5
2394,0.1223,-47.6,0.0,222.25
2395,0.11424,-338.51,0.0,136.5
2396,0.12667,-69.9,0.0,-254.0
2397,0.1027,69.9,0.0,-254.0
2398,0.13759,-69.9,0.0,-254.0
2399,0.098803,69.9,-22.138,-253.03
24,27.143,-502.75,0.0,30.15
240,24.341,-353.48,0.0,30.15
2400,0.13389,-69.9,0.0,-254.0
2401,0.045636,166.14,0.0,136.5
2402,0.084855,207.47,0.0,136.5
2403,0.12972,-490.06,0.0,136.5
2404,0.083208,202.29,0.0,136.5
2405,0.078559,342.36,0.0,136.5
2406,0.12463,-426.46,28.827,-126.3
2407,0.099501,117.3,-124.79,-24.821
2408,0.094885,-758.22,0.0,-136.5
2409,0.11681,-435.44,28.827,-126.3
241,15.201,-413.18,17.073,21.409
2410,0.10199,-711.46,28.827,-126.3
2411,0.11468,-525.23,0.0,136.5
2412,0.12695,-364.96,114.63,55.203
2413,0.092104,69.9,-19.929,-253.22
2414,0.12503,-152.4,0.0,-136.5
2415,0.094582,-730.19,0.0,136.5
2416,0.13065,-387.94,0.0,136.5
2417,0.12945,-358.76,0.0,136.5
2418,0.13035,-429.05,0.0,136.5
2419,0.12052,-476.7,0.0,136.5
242,11.786,-254.17,6.709,29.394
2420,0.10449,-101.6,127.03,7.1338
2421,0.08317,240.24,0.0,136.5
2422,0.10605,-469.31,0.0,136.5
2423,0.12881,-372.01,0.0,136.5
2424,0.095437,-780.25,0.0,136.5
2425,0.10367,-632.38,0.0,136.5
2426,0.096262,-736.14,0.0,-136.5
2427,0.1405,-69.9,-22.138,-253.03
2428,0.10958,69.9,-22.138,-253.03
2429,0.11055,69.9,-22.138,-253.03
243,15.583,-458.11,11.881,24.671
2430,0.050591,69.9,-26.55,-252.61
2431,0.12562,-427.04,0.0,136.5
2432,0.12207,-513.04,0.0,136.5
2433,0.12562,-408.17,0.0,136.5
2434,0.11061,-254.0,0.0,136.5
2435,0.12707,-419.38,0.0,136.5
2436,0.11781,-499.23,0.0,136.5
2437,0.12637,-367.11,0.0,136.5
2438,0.12662,-474.05,30.374,133.08
2439,0.1204,-366.06,0.0,136.5
244,16.403,-382.02,17.081,13.622
2440,0.10085,-696.46,0.0,136.5
2441,0.13794,-69.9,-22.138,-253.03
2442,0.12232,-362.77,0.0,-136.5
2443,0.088869,69.9,-22.138,-253.03
2444,0.13159,-69.9,-22.138,-253.03
2445,0.10366,-69.9,-19.929,-253.22
2446,0.091235,-787.65,0.0,136.5
2447,0.08003,172.3,0.0,136.5
2448,0.097674,105.31,127.03,7.1338
2449,0.1228,-499.7,0.0,136.5
245,13.089,-714.88,6.0932,26.696
2450,0.13951,-255.16,0.0,136.5
2451,0.12689,-369.94,0.0,136.5
2452,0.11338,-587.49,0.0,136.5
2453,0.12291,-448.0,0.0,136.5
2454,0.07182,-47.6,0.0,222.25
2455,0.091919,-47.6,0.0,222.25
2456,0.11394,-69.9,-22.138,-253.03
2457,0.081474,69.9,-16.612,-253.46
2458,0.11922,-69.9,0.0,-254.0
2459,0.12105,-69.9,0.0,-254.0
246,11.494,74.328,0.0,30.15
2460,0.13842,-69.9,-22.138,-253.03
2461,0.058074,390.58,0.0,-136.5
2462,0.086945,-364.02,0.0,136.5
2463,0.077553,-554.59,0.0,136.5
2464,0.074593,-707.23,0.0,136.5
2465,0.08098,-250.91,0.0,136.5
2466,0.082229,-455.06,0.0,-136.5
2467,0.06678,-123.34,114.6,-40.099
2468,0.065669,-811.76,0.0,-136.5
2469,0.067306,-400.98,0.0,-136.5
247,15.408,-469.54,11.881,24.671
2470,0.049355,487.96,0.0,-136.5
2471,0.071356,152.4,0.0,-136.5
2472,0.089979,-312.92,0.0,136.5
2473,0.050256,408.15,0.0,136.5
2474,0.093659,-262.77,109.39,52.678
2475,0.069918,-659.23,0.0,136.5
2476,0.081743,-395.72,0.0,136.5
2477,0.0639,-746.5,0.0,136.5
2478,0.070946,-166.09,0.0,136.5
2479,0.079474,-306.51,0.0,136.5
248,13.94,-361.04,13.622,17.081
2480,0.058874,140.38,0.0,136.5
2481,0.047409,381.41,0.0,136.5
2482,0.083943,-424.49,0.0,136.5
2483,0.06388,-242.11,0.0,136.5
2484,0.068821,-47.6,0.0,222.25
2485,0.062488,-47.6,0.0,222.25
2486,0.086806,-69.9,0.0,-254.0
2487,0.088698,-69.9,0.0,-254.0
2488,0.087027,-69.9,0.0,-254.0
2489,0.066166,69.9,0.0,-254.0
249,12.21,-790.05,6.0932,26.696
2490,0.030115,-69.9,-24.896,-252.78
2491,0.085853,-191.06,0.0,136.5
2492,0.090337,-308.0,0.0,136.5
2493,0.077459,-116.69,0.0,136.5
2494,0.089133,-282.97,0.0,136.5
2495,0.067618,-101.6,120.83,11.9
2496,0.076974,-600.5,0.0,136.5
2497,0.072943,-274.94,0.0,136.5
2498,0.05986,-511.16,0.0,136.5
2499,0.066115,-47.6,0.0,222.25
25,31.089,-375.53,0.0,-30.15
250,14.207,-566.6,9.4793,19.684
2500,0.085767,-366.26,0.0,136.5
2501,0.079979,-467.8,0.0,-136.5
2502,0.064819,-692.56,0.0,-136.5
2503,0.081701,-69.9,0.0,-254.0
2504,0.077992,-69.9,0.0,-254.0
2505,0.091995,-69.9,0.0,-254.0
2506,0.081883,-392.2,0.0,136.5
2507,0.083177,-101.6,119.08,23.686
2508,0.089322,-322.18,0.0,136.5
2509,0.084205,-405.8,0.0,136.5
251,16.452,-380.96,0.0,30.15
2510,0.070049,141.29,0.0,136.5
2511,0.080249,-548.88,0.0,136.5
2512,0.082865,-364.52,0.0,136.5
2513,0.078454,-308.83,0.0,136.5
2514,0.083938,-442.31,0.0,136.5
2515,0.079091,-511.4,0.0,136.5
2516,0.071553,69.9,0.0,-254.0
2517,0.081381,-69.9,0.0,-254.0
2518,0.071273,-572.2,0.0,-136.5
2519,0.060876,-69.9,0.0,-254.0
252,14.568,-568.6,21.3,4.8615
2520,0.087562,-69.9,0.0,-254.0
2521,0.086281,-314.71,0.0,136.5
2522,0.085334,-169.29,0.0,136.5
2523,0.083201,-184.6,0.0,136.5
2524,0.089958,-497.95,0.0,136.5
2525,0.096017,-444.13,0.0,136.5
2526,0.084277,-233.19,0.0,-136.5
2527,0.06255,491.36,0.0,-136.5
2528,0.079855,-699.93,0.0,-136.5
2529,0.064272,-724.89,0.0,-136.5
253,11.368,-863.73,10.68,22.177
2530,0.096728,-473.42,0.0,136.5
2531,0.095179,-268.41,111.54,53.715
2532,0.086543,-430.21,0.0,136.5
2533,0.069941,152.4,0.0,-136.5
2534,0.098284,-320.17,104.82,65.866
2535,0.091877,-533.61,0.0,136.5
2536,0.078371,-30.2,0.0,203.2
2537,0.086343,-563.84,0.0,136.5
2538,0.096423,-429.23,0.0,136.5
2539,0.096154,-414.64,0.0,136.5
254,15.242,-434.61,6.709,29.394
2540,0.095808,-409.35,0.0,136.5
2541,0.063668,47.6,0.0,222.25
2542,0.094496,-449.38,0.0,136.5
2543,0.09957,-321.76,0.0,136.5
2544,0.067215,1.5,0.0,222.25
2545,0.094752,-344.92,0.0,136.5
2546,0.10324,-69.9,0.0,-254.0
2547,0.089228,-69.9,0.0,-254.0
2548,0.092252,-69.9,0.0,-254.0
2549,0.10268,-69.9,0.0,-254.0
255,14.874,-350.47,6.709,29.394
2550,0.11026,-69.9,0.0,-254.0
2551,0.087294,-323.04,0.0,136.5
2552,0.092528,-380.74,0.0,136.5
2553,0.09585,-430.57,0.0,136.5
2554,0.086501,-316.71,0.0,136.5
2555,0.085277,-621.98,0.0,136.5
2556,0.049558,-349.83,0.0,136.5
2557,0.084979,47.6,0.0,222.25
2558,0.097124,-424.24,0.0,136.5
2559,0.096622,-377.0,0.0,136.5
256,12.402,-103.62,21.3,4.8615
2560,0.10024,-337.06,0.0,136.5
2561,0.09941,-69.9,0.0,-254.0
2562,0.088723,-69.9,0.0,-254.0
2563,0.076969,-69.9,-19.929,-253.22
2564,0.10003,-69.9,0.0,-254.0
2565,0.097346,-69.9,0.0,-254.0
2566,0.085482,-368.26,0.0,136.5
2567,0.096909,-426.95,0.0,136.5
2568,0.08624,-595.02,0.0,136.5
2569,0.072016,-625.25,0.0,136.5
257,11.234,405.84,21.3,4.8615
2570,0.077204,-653.07,0.0,136.5
2571,0.087341,-47.6,0.0,222.25
2572,0.092753,-319.75,0.0,136.5
2573,0.077468,-663.6,0.0,136.5
2574,0.096746,-417.14,0.0,136.5
2575,0.050661,363.61,0.0,136.5
2576,0.085551,-69.9,0.0,-254.0
2577,0.088316,-69.9,0.0,-254.0
2578,0.061049,69.9,-16.612,-253.46
2579,0.10474,-69.9,0.0,-254.0
258,7.0118,164.04,0.0,-30.15
2580,0.10361,-69.9,0.0,-254.0
2581,0.055603,-456.6,0.0,136.5
2582,0.042455,422.63,0.0,-136.5
2583,0.059227,-341.61,0.0,136.5
2584,0.056325,-432.45,0.0,136.5
2585,0.055455,-440.9,0.0,136.5
2586,0.051784,-318.67,0.0,-136.5
2587,0.057865,-369.16,0.0,136.5
2588,0.055556,-482.55,0.0,136.5
2589,0.034719,333.35,0.0,-136.5
259,16.725,-343.5,13.622,17.081
2590,0.045991,-117.3,87.741,104.57
2591,0.057368,-400.39,0.0,136.5
2592,0.047144,152.4,87.741,-104.57
2593,0.053772,-275.01,0.0,136.5
2594,0.047247,152.4,87.741,-104.57
2595,0.02994,152.4,77.541,-112.34
2596,0.045701,-760.21,0.0,136.5
2597,0.054388,-343.56,0.0,136.5
2598,0.056034,-331.33,0.0,-136.5
2599,0.057622,-412.75,0.0,136.5
26,30.547,-376.88,0.0,30.15
260,15.586,-426.63,9.4793,19.684
2600,0.043765,220.81,0.0,136.5
2601,0.047167,-47.6,0.0,222.25
2602,0.046953,-645.61,0.0,136.5
2603,0.041456,-820.76,0.0,136.5
2604,0.054716,-425.41,0.0,136.5
2605,0.056054,-449.83,0.0,136.5
2606,0.059912,-69.9,0.0,-254.0
2607,0.039718,69.9,0.0,-254.0
2608,0.046665,69.9,0.0,-254.0
2609,0.041071,69.9,0.0,-254.0
261,15.822,-404.93,19.684,9.4793
2610,0.037755,152.4,0.0,-136.5
2611,0.056393,-463.86,0.0,136.5
2612,0.049232,152.6,0.0,136.5
2613,0.047635,-595.36,0.0,136.5
2614,0.051777,-593.53,0.0,136.5
2615,0.039054,184.23,0.0,136.5
2616,0.056074,-436.2,0.0,136.5
2617,0.053674,-557.6,0.0,136.5
2618,0.042822,-817.63,0.0,136.5
2619,0.04157,-840.27,0.0,136.5
262,11.759,72.114,2.756,24.46
2620,0.042684,47.6,0.0,222.25
2621,0.055839,-504.34,0.0,-136.5
2622,0.055288,-69.9,0.0,-254.0
2623,0.058267,-364.39,0.0,-136.5
2624,0.042281,-69.9,0.0,-254.0
2625,0.03758,-69.9,0.0,-254.0
2626,0.053635,-327.91,0.0,136.5
2627,0.045826,-616.27,0.0,136.5
2628,0.045536,127.0,0.0,136.5
2629,0.05654,-471.14,0.0,136.5
263,10.584,-188.76,21.3,4.8615
2630,0.058997,-285.8,0.0,136.5
2631,0.053958,-400.53,0.0,136.5
2632,0.038188,47.6,0.0,222.25
2633,0.040549,-592.77,0.0,136.5
2634,0.05634,-246.41,0.0,136.5
2635,0.054557,-284.45,0.0,136.5
2636,0.04222,-755.11,0.0,-136.5
2637,0.059213,-357.62,0.0,-136.5
2638,0.057981,-338.87,0.0,-136.5
2639,0.046559,-672.3,0.0,-136.5
264,11.245,-685.75,0.0,30.15
2640,0.059441,-69.9,0.0,-254.0
2641,0.052457,-801.77,0.0,161.9
2642,0.052189,-114.3,151.59,0.0
2643,0.053623,-545.34,0.0,161.9
2644,0.067602,-499.53,0.0,161.9
2645,0.040494,407.98,0.0,161.9
2646,0.038543,399.19,0.0,161.9
2647,0.067796,-388.25,0.0,161.9
2648,0.035008,-502.36,0.0,161.9
2649,0.056528,-430.0,0.0,161.9
265,12.894,178.22,21.3,4.8615
2650,0.030772,313.12,0.0,161.9
2651,0.044996,-367.8,80.651,-128.35
2652,0.055877,-162.62,147.79,-33.732
2653,0.060582,-342.38,94.515,-118.52
2654,0.036246,155.4,-146.42,-39.247
2655,0.056435,-165.71,147.79,-33.732
2656,0.065402,-485.92,0.0,161.9
2657,0.066205,-460.65,0.0,161.9
2658,0.063942,-118.42,151.35,8.4997
2659,0.070989,-365.42,0.0,161.9
266,14.528,-173.77,17.081,13.622
2660,0.055356,114.3,151.59,0.0
2661,0.066526,-134.12,151.35,8.4997
2662,0.049881,184.33,0.0,161.9
2663,0.066133,-376.22,0.0,161.9
2664,0.058826,-130.0,151.59,0.0
2665,0.070052,-373.79,0.0,-161.9
2666,0.058519,-72.9,0.0,279.4
2667,0.061847,-72.9,0.0,279.4
2668,0.066846,-487.34,0.0,161.9
2669,0.054121,-72.9,0.0,279.4
267,15.679,-414.53,9.4793,19.684
2670,0.051117,-748.92,0.0,161.9
2671,0.060025,-118.42,151.35,8.4997
2672,0.064324,-515.28,0.0,161.9
2673,0.046573,-516.61,0.0,161.9
2674,0.05733,-614.14,0.0,161.9
2675,0.069721,-366.16,0.0,-161.9
2676,0.045547,260.93,0.0,161.9
2677,0.068369,-358.52,0.0,-161.9
2678,0.068583,-360.52,0.0,161.9
2679,0.068033,-301.98,0.0,-161.9
268,15.57,-411.91,13.622,17.081
2680,0.062316,-235.97,0.0,161.9
2681,0.054664,-509.92,0.0,161.9
2682,0.068211,-361.67,0.0,161.9
2683,0.067331,-455.41,0.0,161.9
2684,0.06066,-72.9,0.0,279.4
2685,0.066648,-415.79,0.0,161.9
2686,0.06839,-451.71,0.0,161.9
2687,0.063074,-484.46,0.0,161.9
2688,0.055919,-118.42,151.35,8.4997
2689,0.066317,-416.59,0.0,161.9
269,15.548,-405.04,13.622,17.081
2690,0.068823,-282.44,0.0,161.9
2691,0.049786,-810.02,0.0,161.9
2692,0.063702,-380.49,0.0,161.9
2693,0.033964,378.97,0.0,161.9
2694,0.050471,132.06,151.35,8.4997
2695,0.03577,272.11,0.0,161.9
2696,0.066964,-422.79,0.0,161.9
2697,0.061399,-72.9,0.0,279.4
2698,0.05819,-637.92,0.0,161.9
2699,0.067866,-342.67,0.0,161.9
27,23.051,73.2,0.0,30.15
270,15.969,-402.58,6.709,29.394
2700,0.046612,159.52,151.59,0.0
2701,0.063258,-367.01,0.0,161.9
2702,0.074184,-482.26,0.0,161.9
2703,0.065447,-287.63,0.0,161.9
2704,0.056532,118.11,152.37,0.0
2705,0.072035,-460.79,0.0,161.9
2706,0.059011,-795.7,0.0,161.9
2707,0.068157,-448.01,0.0,161.9
2708,0.074147,-298.87,0.0,161.9
2709,0.020095,-133.81,152.24,6.2967
271,15.4,-396.61,9.4793,19.684
2710,0.071474,-529.04,0.0,161.9
2711,0.061414,-164.93,151.72,-30.179
2712,0.059216,-531.11,33.906,-148.55
2713,0.032459,-155.4,160.72,-19.515
2714,0.044109,267.29,0.0,-161.9
2715,0.070424,-445.81,66.111,-137.28
2716,0.068855,-116.21,152.37,0.0
2717,0.066239,-341.95,0.0,161.9
2718,0.067454,-183.69,0.0,161.9
2719,0.043083,-483.21,0.0,161.9
272,14.267,-284.17,21.3,4.8615
2720,0.065601,-399.48,0.0,161.9
2721,0.072303,-458.62,0.0,161.9
2722,0.078916,-303.09,0.0,-161.9
2723,0.07754,-306.63,0.0,-161.9
2724,0.053761,130.0,152.37,0.0
2725,0.072564,-477.74,0.0,161.9
2726,0.069756,-385.81,0.0,161.9
2727,0.055303,-757.44,0.0,161.9
2728,0.041548,72.9,-18.274,278.8
2729,0.075896,-327.14,0.0,161.9
273,15.321,-435.75,10.68,22.177
2730,0.065572,-72.9,0.0,279.4
2731,0.072772,-385.95,0.0,161.9
2732,0.06947,-473.35,0.0,161.9
2733,0.06918,-545.89,0.0,161.9
2734,0.051831,118.11,152.13,8.5435
2735,0.071021,-496.12,0.0,161.9
2736,0.063236,-222.0,0.0,-161.9
2737,0.071567,-425.8,0.0,161.9
2738,0.07809,-322.63,0.0,-161.9
2739,0.036926,-399.9,0.0,161.9
274,16.663,-337.24,19.684,9.4793
2740,0.074981,-314.25,0.0,-161.9
2741,0.072902,-363.33,0.0,161.9
2742,0.069035,-436.14,0.0,161.9
2743,0.074912,-338.27,0.0,161.9
2744,0.051256,-806.01,0.0,161.9
2745,0.065132,-375.78,0.0,161.9
2746,0.071802,-478.13,0.0,161.9
2747,0.063647,-561.33,0.0,161.9
2748,0.073116,-420.23,0.0,161.9
2749,0.045296,253.75,0.0,161.9
275,15.698,-463.02,0.0,30.15
2750,0.060232,-685.35,0.0,161.9
2751,0.065445,-257.23,0.0,161.9
2752,0.070178,-358.11,0.0,161.9
2753,0.067444,-515.03,0.0,161.9
2754,0.06702,-378.53,0.0,-161.9
2755,0.053572,-765.46,0.0,161.9
2756,0.070305,-430.36,0.0,161.9
2757,0.0665,-475.48,0.0,161.9
2758,0.066538,-521.75,0.0,161.9
2759,0.07278,-318.5,0.0,161.9
276,13.985,-584.21,19.684,9.4793
2760,0.055475,-689.44,0.0,161.9
2761,0.017874,-149.25,0.0,161.9
2762,0.04574,-345.4,0.0,161.9
2763,0.040451,-557.03,0.0,161.9
2764,0.038356,-574.82,0.0,161.9
2765,0.045158,-354.35,0.0,161.9
2766,0.046539,-399.03,0.0,161.9
2767,0.045968,-327.17,0.0,161.9
2768,0.04275,-480.16,0.0,161.9
2769,0.042516,-505.15,0.0,161.9
277,15.618,-416.97,0.0,-30.15
2770,0.044553,-377.73,0.0,161.9
2771,0.038588,-633.01,0.0,-161.9
2772,0.038767,-357.02,0.0,-161.9
2773,0.032421,172.88,0.0,-161.9
2774,0.029226,-876.81,0.0,161.9
2775,0.041823,-497.94,0.0,-161.9
2776,0.033463,-375.71,0.0,161.9
2777,0.025457,338.58,0.0,161.9
2778,0.040451,-519.46,0.0,161.9
2779,0.042171,-453.41,0.0,161.9
278,15.587,-467.88,0.0,-30.15
2780,0.043152,-428.04,0.0,161.9
2781,0.043508,-359.56,0.0,161.9
2782,0.042743,-418.71,0.0,161.9
2783,0.037347,-484.41,0.0,161.9
2784,0.042648,-421.27,0.0,-161.9
2785,0.027173,247.87,0.0,161.9
2786,0.027786,-72.9,0.0,279.4
2787,0.041558,-72.9,0.0,279.4
2788,0.040717,-449.37,0.0,161.9
2789,0.042301,-461.53,0.0,161.9
279,15.874,-410.97,6.709,-29.394
2790,0.033759,-72.9,0.0,279.4
2791,0.03143,-589.78,0.0,161.9
2792,0.031099,161.44,0.0,161.9
2793,0.016551,-280.72,0.0,161.9
2794,0.043067,-403.07,0.0,161.9
2795,0.043207,-460.3,0.0,161.9
2796,0.046204,-324.63,0.0,161.9
2797,0.042115,-373.36,0.0,161.9
2798,0.038555,-130.0,144.42,0.0
2799,0.0413,-427.03,0.0,161.9
28,28.544,-228.93,6.274,27.488
280,15.214,-429.47,13.622,17.081
2800,0.04095,-347.03,0.0,161.9
2801,0.025187,72.9,0.0,279.4
2802,0.031372,-72.9,0.0,279.4
2803,0.047052,-72.9,0.0,279.4
2804,0.042231,-422.34,0.0,161.9
2805,0.040908,-370.71,0.0,161.9
2806,0.043437,-166.55,0.0,161.9
2807,0.04322,-422.11,0.0,161.9
2808,0.040564,-482.53,0.0,161.9
2809,0.043384,-461.08,0.0,161.9
281,14.078,-506.3,21.3,4.8615
2810,0.043703,-476.44,0.0,161.9
2811,0.036847,-595.59,0.0,161.9
2812,0.039327,-450.3,0.0,161.9
2813,0.042818,-420.05,0.0,161.9
2814,0.044408,-342.65,0.0,161.9
2815,0.033382,-130.0,144.42,0.0
2816,0.043104,-405.74,0.0,161.9
2817,0.03501,-72.9,0.0,279.4
2818,0.043301,-360.33,0.0,161.9
2819,0.043307,-409.69,0.0,161.9
282,14.439,-285.39,11.881,24.671
2820,0.042496,-420.54,0.0,161.9
2821,0.05998,-348.94,0.0,161.9
2822,0.056384,-458.05,0.0,161.9
2823,0.057457,-453.0,0.0,161.9
2824,0.055804,-568.18,0.0,161.9
2825,0.053247,-592.06,0.0,161.9
2826,0.054613,130.0,146.33,29.107
2827,0.054915,-508.73,0.0,161.9
2828,0.053277,-350.03,0.0,161.9
2829,0.044093,-783.83,0.0,161.9
283,12.463,-370.25,21.3,4.8615
2830,0.055351,-501.3,0.0,161.9
2831,0.051719,-513.91,0.0,-149.2
2832,0.060249,-339.76,0.0,161.9
2833,0.049591,-559.91,0.0,-149.2
2834,0.033771,160.48,-145.46,-33.2
2835,0.04604,-729.34,0.0,-152.38
2836,0.038935,255.81,0.0,161.9
2837,0.039288,-605.0,0.0,161.9
2838,0.050893,-517.0,0.0,161.9
2839,0.057036,-475.75,0.0,161.9
284,14.075,-578.2,0.0,30.15
2840,0.055564,-429.95,0.0,161.9
2841,0.049907,-228.86,0.0,161.9
2842,0.062276,-270.63,0.0,161.9
2843,0.04547,-130.0,148.48,14.624
2844,0.051479,-369.73,0.0,161.9
2845,0.056843,-356.4,0.0,161.9
2846,0.055089,-488.14,0.0,161.9
2847,0.038652,72.9,0.0,279.4
2848,0.055942,-441.09,0.0,161.9
2849,0.053745,-439.79,0.0,161.9
285,15.079,-495.72,6.709,29.394
2850,0.056531,-403.39,0.0,161.9
2851,0.04032,308.29,0.0,161.9
2852,0.039403,306.13,0.0,161.9
2853,0.056596,-408.61,0.0,161.9
2854,0.053509,-188.68,0.0,161.9
2855,0.056543,-385.53,0.0,161.9
2856,0.04385,-619.76,0.0,161.9
2857,0.055212,-455.47,0.0,161.9
2858,0.055105,-437.53,0.0,161.9
2859,0.046407,-185.05,0.0,161.9
286,15.716,-407.38,21.3,4.8615
2860,0.045038,189.92,0.0,161.9
2861,0.052538,-348.44,0.0,161.9
2862,0.040142,-657.43,0.0,161.9
2863,0.055649,-446.09,0.0,161.9
2864,0.055989,-441.17,0.0,161.9
2865,0.059965,-72.9,0.0,279.4
2866,0.055424,-475.57,0.0,161.9
2867,0.056771,-404.5,0.0,161.9
2868,0.055761,-360.91,0.0,161.9
2869,0.028757,-385.25,0.0,161.9
287,15.701,-445.36,21.3,4.8615
2870,0.054538,-468.0,0.0,161.9
2871,0.051146,-425.49,0.0,161.9
2872,0.036338,256.96,0.0,161.9
2873,0.054061,-487.78,0.0,161.9
2874,0.056051,-421.37,0.0,161.9
2875,0.039626,-788.56,0.0,161.9
2876,0.056855,-402.52,0.0,161.9
2877,0.053812,-362.67,0.0,161.9
2878,0.052935,-441.9,0.0,161.9
2879,0.056578,-346.74,0.0,161.9
288,13.216,99.208,6.0932,26.696
2880,0.048601,-361.77,0.0,161.9
2881,0.030854,-271.72,0.0,161.9
2882,0.02867,-250.79,0.0,161.9
2883,0.023725,124.46,0.0,161.9
2884,0.034981,-318.21,0.0,161.9
2885,0.018824,330.42,0.0,161.9
2886,0.0172,289.09,0.0,161.9
2887,0.022551,155.4,0.0,161.9
2888,0.03063,-140.16,0.0,161.9
2889,0.032313,-429.11,0.0,161.9
289,15.066,-345.21,17.081,13.622
2890,0.0286,-269.24,0.0,161.9
2891,0.031985,-470.04,0.0,-161.9
2892,0.032158,-357.58,0.0,-161.9
2893,0.030529,-516.62,0.0,-161.9
2894,0.021045,180.8,0.0,-161.9
2895,0.03418,-342.68,0.0,161.9
2896,0.021493,226.64,0.0,161.9
2897,0.031297,-347.81,0.0,161.9
2898,0.023563,-806.87,0.0,161.9
2899,0.027502,-650.22,0.0,161.9
29,20.736,181.02,18.189,22.808
290,11.316,-363.73,21.3,4.8615
2900,0.030649,-342.79,0.0,161.9
2901,0.032366,-392.43,0.0,161.9
2902,0.032567,-380.48,0.0,161.9
2903,0.031679,-403.78,0.0,161.9
2904,0.023404,-187.42,0.0,161.9
2905,0.032341,-423.67,0.0,161.9
2906,0.029304,-293.05,0.0,161.9
2907,0.019638,72.9,0.0,279.4
2908,0.014992,-72.9,0.0,279.4
2909,0.031668,-72.9,0.0,279.4
291,15.887,-401.32,19.684,9.4793
2910,0.02906,-514.09,0.0,161.9
2911,0.030431,-507.88,0.0,161.9
2912,0.022988,-203.11,0.0,161.9
2913,0.032226,-413.53,0.0,161.9
2914,0.027294,83.879,0.0,167.92
2915,0.023061,313.97,0.0,161.9
2916,0.023679,291.02,0.0,161.9
2917,0.022568,-155.4,0.0,161.9
2918,0.031854,-422.65,0.0,161.9
2919,0.018492,356.93,0.0,161.9
292,7.1648,266.47,0.0,30.15
2920,0.027152,140.16,0.0,161.9
2921,0.031525,-500.11,0.0,161.9
2922,0.031445,-462.06,0.0,161.9
2923,0.031835,-440.09,0.0,161.9
2924,0.030582,-72.9,0.0,279.4
2925,0.031519,-407.94,0.0,161.9
2926,0.019791,282.92,0.0,161.9
2927,0.0214,-506.44,0.0,161.9
2928,0.03178,-288.03,0.0,161.9
2929,0.024894,-571.35,0.0,161.9
293,5.4306,-117.62,6.709,29.394
2930,0.016748,199.0,0.0,161.9
2931,0.029195,-549.45,0.0,161.9
2932,0.024576,50.8,0.0,260.35
2933,0.033755,-353.69,0.0,161.9
2934,0.034825,-272.5,0.0,161.9
2935,0.031927,-477.3,0.0,161.9
2936,0.023488,72.9,0.0,279.4
2937,0.018773,328.27,0.0,161.9
2938,0.03083,-322.68,0.0,161.9
2939,0.032883,-397.37,0.0,161.9
294,15.356,-462.94,6.709,29.394
2940,0.028111,-72.9,0.0,279.4
2941,0.01786,-643.54,0.0,203.2
2942,0.027513,-500.3,0.0,203.2
2943,0.027643,-508.33,0.0,203.2
2944,0.021697,-842.75,0.0,203.2
2945,0.024074,-132.08,190.2,10.681
2946,0.021249,253.2,0.0,203.2
2947,0.028225,-398.86,0.0,203.2
2948,0.028679,-342.22,0.0,203.2
2949,0.017103,151.18,-190.2,10.681
295,12.211,-38.233,0.0,40.683
2950,0.010087,151.18,-187.61,-33.08
2951,0.022287,-673.57,0.0,-190.5
2952,0.015999,260.3,0.0,-203.2
2953,0.019931,-826.41,0.0,-190.5
2954,0.012222,289.16,45.216,-198.11
2955,0.025398,-575.91,42.39,-185.72
2956,0.028131,-470.77,0.0,-203.2
2957,0.023066,127.0,190.5,0.0
2958,0.027302,-362.61,0.0,203.2
2959,0.028214,-369.17,0.0,203.2
296,14.248,-404.75,17.073,21.409
2960,0.0123,132.08,190.3,8.7979
2961,0.021653,146.1,190.5,0.0
2962,0.022829,-294.4,0.0,203.2
2963,0.027286,-394.32,0.0,203.2
2964,0.02148,254.97,0.0,203.2
2965,0.027937,-326.94,0.0,203.2
2966,0.016214,82.6,-22.427,342.17
2967,0.028109,-421.58,0.0,203.2
2968,0.018249,82.6,0.0,342.9
2969,0.027932,-427.83,0.0,203.2
297,12.145,-131.55,11.881,24.671
2970,0.023587,-687.74,0.0,203.2
2971,0.028558,-431.14,0.0,203.2
2972,0.030669,-302.6,0.0,203.2
2973,0.021882,-129.54,190.5,0.0
2974,0.027812,-392.23,0.0,203.2
2975,0.02317,-643.14,0.0,203.2
2976,0.027613,-467.74,0.0,203.2
2977,0.022904,-146.1,190.2,10.681
2978,0.025173,-551.17,0.0,203.2
2979,0.027347,-440.74,0.0,203.2
298,9.948,508.87,6.709,29.394
2980,0.027215,-391.67,0.0,203.2
2981,0.028933,-370.99,0.0,203.2
2982,0.028365,-362.06,0.0,203.2
2983,0.018144,82.6,0.0,342.9
2984,0.016709,332.69,0.0,203.2
2985,0.024516,-82.6,0.0,342.9
2986,0.029315,-378.66,0.0,203.2
2987,0.025862,-235.07,0.0,203.2
2988,0.025987,-261.47,0.0,203.2
2989,0.030052,-307.63,0.0,203.2
299,13.258,185.12,6.709,29.394
2990,0.02765,-132.08,190.2,10.681
2991,0.026681,-146.1,190.5,0.0
2992,0.028155,-320.75,0.0,203.2
2993,0.027674,-447.13,0.0,203.2
2994,0.016115,318.4,0.0,203.2
2995,0.027735,-366.91,0.0,203.2
2996,0.02762,-403.81,0.0,203.2
2997,0.024826,-540.44,0.0,203.2
2998,0.016458,82.6,0.0,342.9
2999,0.021075,-650.05,0.0,203.2
3,23.67,205.62,12.233,25.403
30,30.588,-415.77,0.0,30.15
300,14.378,-262.56,5.4774,23.998
3000,0.0079772,6.4,-15.836,342.53
3001,0.034617,-407.41,0.0,203.2
3002,0.03491,-417.29,0.0,203.2
3003,0.036051,-494.14,0.0,203.2
3004,0.022124,370.87,0.0,203.2
3005,0.031372,-438.4,0.0,203.2
3006,0.035911,-491.74,0.0,203.2
3007,0.030808,-491.99,0.0,203.2
3008,0.036206,-500.8,0.0,203.2
3009,0.03365,-341.05,0.0,203.2
301,13.296,-406.28,8.122,35.585
3010,0.035768,-482.87,0.0,203.2
3011,0.028694,-489.68,120.75,-151.42
3012,0.023252,-566.76,120.75,-151.42
3013,0.025405,-765.61,43.096,-188.81
3014,0.034037,-430.38,151.42,-120.75
3015,0.034867,-547.16,120.75,-151.42
3016,0.026539,-811.43,0.0,-203.2
3017,0.027953,-127.0,193.67,0.0
3018,0.033302,-253.31,0.0,-203.2
3019,0.033685,-516.05,0.0,203.2
302,11.588,152.47,14.158,29.399
3020,0.036342,-301.75,0.0,203.2
3021,0.024194,149.91,193.59,5.6191
3022,0.032206,-149.91,193.59,5.6191
3023,0.035568,-312.9,0.0,203.2
3024,0.03106,-149.91,193.59,5.6191
3025,0.024869,149.91,193.59,5.6191
3026,0.03044,-82.6,0.0,342.9
3027,0.037861,-374.15,0.0,203.2
3028,0.034859,-409.05,0.0,203.2
3029,0.035618,-372.71,0.0,203.2
303,8.8657,288.75,7.835,34.327
3030,0.028394,-667.97,0.0,203.2
3031,0.029772,127.0,193.67,0.0
3032,0.029984,-371.99,0.0,203.2
3033,0.032113,-520.73,0.0,-203.2
3034,0.037872,-368.55,0.0,203.2
3035,0.030552,-645.55,0.0,-203.2
3036,0.0306,-478.79,0.0,203.2
3037,0.028558,-750.43,0.0,203.2
3038,0.018046,-146.1,193.67,0.0
3039,0.036536,-399.65,0.0,203.2
304,12.324,-591.78,14.717,30.561
3040,0.033167,-392.87,0.0,203.2
3041,0.030624,-663.71,0.0,203.2
3042,0.036795,-360.57,0.0,203.2
3043,0.028473,-82.6,0.0,342.9
3044,0.029559,-610.99,0.0,203.2
3045,0.02799,-82.6,0.0,342.9
3046,0.038436,-328.2,0.0,-203.2
3047,0.024436,264.61,0.0,-203.2
3048,0.029347,234.75,0.0,203.2
3049,0.030115,-127.0,193.67,0.0
305,12.597,-602.23,14.158,29.399
3050,0.030504,-531.79,0.0,203.2
3051,0.019599,-258.85,0.0,-203.2
3052,0.013383,146.1,202.22,19.917
3053,0.033114,-146.1,193.67,0.0
3054,0.02752,149.91,193.59,5.6191
3055,0.023244,149.91,193.67,0.0
3056,0.02543,82.6,0.0,342.9
3057,0.035288,-387.36,0.0,203.2
3058,0.034949,-82.6,0.0,342.9
3059,0.035385,-378.26,0.0,203.2
306,12.865,-499.31,14.717,30.561
3060,0.035707,-361.03,0.0,203.2
3061,0.01772,-409.84,0.0,203.2
3062,0.01776,-466.41,0.0,203.2
3063,0.016157,-148.44,0.0,203.2
3064,0.017688,-424.65,0.0,203.2
3065,0.0062609,-36.6,0.0,298.45
3066,0.01785,-502.79,0.0,203.2
3067,0.017546,-484.29,0.0,203.2
3068,0.0086815,-437.92,0.0,-203.2
3069,0.013983,-559.44,0.0,203.2
307,14.175,-293.05,14.158,29.399
3070,0.016583,-353.14,0.0,203.2
3071,0.012767,-837.82,0.0,-203.2
3072,0.018291,-375.94,0.0,-203.2
3073,0.01687,-447.32,0.0,-203.2
3074,0.018601,-291.11,0.0,-203.2
3075,0.012118,177.8,-167.92,-69.557
3076,0.012883,127.0,179.0,31.562
3077,0.019628,-335.64,0.0,-203.2
3078,0.010745,-540.66,0.0,203.2
3079,0.015784,-575.57,0.0,203.2
308,11.994,-247.17,20.344,25.511
3080,0.018912,-226.09,0.0,203.2
3081,0.016991,-307.82,0.0,203.2
3082,0.016267,-342.66,0.0,203.2
3083,0.017788,-388.61,0.0,203.2
3084,0.01587,-586.83,0.0,203.2
3085,0.01722,-472.14,0.0,203.2
3086,0.018102,-348.74,0.0,203.2
3087,0.018779,-316.96,0.0,203.2
3088,0.015452,-82.6,0.0,342.9
3089,0.016079,-370.69,0.0,203.2
309,13.823,-366.86,20.344,25.511
3090,0.014343,-82.6,0.0,342.9
3091,0.017856,-463.25,0.0,203.2
3092,0.016698,-392.39,0.0,203.2
3093,0.013311,36.6,0.0,298.45
3094,0.018327,-366.75,0.0,203.2
3095,0.017245,-359.81,0.0,203.2
3096,0.011528,290.46,0.0,203.2
3097,0.017775,-392.18,0.0,203.2
3098,0.0154,-436.1,0.0,203.2
3099,0.017017,-459.09,0.0,203.2
31,30.972,-417.4,0.0,-30.15
310,9.7291,-855.23,0.0,36.5
3100,0.010751,206.5,0.0,-203.2
3101,0.014182,-82.6,0.0,342.9
3102,0.006704,82.6,-33.61,341.25
3103,0.011375,-327.32,0.0,203.2
3104,0.016384,-492.26,0.0,203.2
3105,0.016516,-523.58,0.0,203.2
3106,0.015799,-202.16,0.0,203.2
3107,0.015916,-609.59,0.0,203.2
3108,0.011156,-667.19,0.0,203.2
3109,0.010528,332.85,0.0,203.2
311,13.29,-433.1,7.2609,31.812
3110,0.017869,-414.34,0.0,203.2
3111,0.017089,-380.05,0.0,203.2
3112,0.018132,-286.16,0.0,203.2
3113,0.016692,-449.78,0.0,203.2
3114,0.014825,146.1,181.76,0.0
3115,0.010539,-57.2,0.0,-323.85
3116,0.015702,-82.6,0.0,342.9
3117,0.017548,-399.28,0.0,203.2
3118,0.0076213,82.6,-17.946,342.43
3119,0.018726,-305.06,0.0,203.2
312,5.5998,-382.53,0.0,36.5
3120,0.015366,-82.6,0.0,342.9
3121,0.018611,303.42,0.0,203.2
3122,0.026925,-489.86,0.0,203.2
3123,0.02848,-439.98,0.0,203.2
3124,0.024631,-600.79,0.0,203.2
3125,0.025202,-132.08,190.2,10.681
3126,0.021032,146.1,-197.59,-47.436
3127,0.027566,-419.82,0.0,203.2
3128,0.03015,-315.87,0.0,203.2
3129,0.022915,-734.96,0.0,203.2
313,10.208,-800.95,25.511,20.344
3130,0.027837,-472.4,0.0,203.2
3131,0.026242,-500.01,42.39,-185.72
3132,0.026452,-447.71,82.655,-171.63
3133,0.012286,-474.32,42.39,-185.72
3134,0.024731,-436.56,82.655,-171.63
3135,0.026384,-513.85,42.39,-185.72
3136,0.030704,-259.38,0.0,203.2
3137,0.025551,-258.99,0.0,203.2
3138,0.013348,127.0,190.5,0.0
3139,0.028971,-362.77,0.0,-203.2
314,9.5638,-879.14,0.0,36.5
3140,0.023207,-132.08,190.5,0.0
3141,0.017066,516.66,0.0,203.2
3142,0.018527,-410.66,0.0,-203.2
3143,0.030512,-278.55,0.0,203.2
3144,0.027033,-383.73,0.0,203.2
3145,0.016595,507.22,0.0,203.2
3146,0.023732,-648.82,0.0,203.2
3147,0.015734,424.22,0.0,203.2
3148,0.015028,308.61,0.0,203.2
3149,0.017182,177.8,190.5,0.0
315,8.5918,-124.09,0.0,36.5
3150,0.02732,-431.72,0.0,203.2
3151,0.027943,-409.06,0.0,203.2
3152,0.0244,-479.8,0.0,203.2
3153,0.01151,266.61,0.0,203.2
3154,0.020059,-732.1,0.0,203.2
3155,0.022636,-680.8,0.0,203.2
3156,0.025765,-335.2,0.0,203.2
3157,0.028848,-277.08,0.0,203.2
3158,0.019419,146.1,189.58,18.672
3159,0.026419,-480.34,0.0,203.2
316,12.14,-341.24,25.511,20.344
3160,0.026356,-355.14,0.0,203.2
3161,0.027716,-384.58,0.0,203.2
3162,0.028468,-350.69,0.0,203.2
3163,0.027017,-499.19,0.0,203.2
3164,0.020656,-769.22,0.0,203.2
3165,0.028218,-396.14,0.0,203.2
3166,0.025105,-245.13,0.0,203.2
3167,0.028007,-426.07,0.0,203.2
3168,0.026883,-547.38,0.0,203.2
3169,0.026844,-331.89,0.0,203.2
317,14.356,-298.83,15.277,31.723
3170,0.028101,-438.46,0.0,203.2
3171,0.026751,-436.42,0.0,203.2
3172,0.027625,-430.16,0.0,203.2
3173,0.027923,-343.87,0.0,203.2
3174,0.02975,-319.39,0.0,203.2
3175,0.0098311,-269.65,0.0,-203.2
3176,0.021504,-82.6,0.0,342.9
3177,0.022014,-674.64,0.0,203.2
3178,0.015051,382.34,0.0,203.2
3179,0.027734,-399.16,0.0,203.2
318,13.715,-319.18,7.2609,31.812
3180,0.019869,82.6,0.0,342.9
319,12.74,-337.17,29.399,14.158
32,30.771,-426.84,6.0565,26.535
320,12.894,-279.05,20.344,25.511
321,9.8231,-706.11,0.0,36.5
322,13.509,-435.03,25.511,20.344
323,10.85,-653.54,14.158,29.399
324,10.1,-307.66,15.277,31.723
325,13.215,-215.34,14.158,29.399
326,12.386,-470.02,7.2609,31.812
327,13.509,-381.77,14.158,29.399
328,12.906,-359.76,20.344,25.511
329,12.206,-260.11,15.277,31.723
33,27.507,-382.35,6.709,-29.394
330,13.433,-445.23,29.399,14.158
331,13.339,-409.47,8.122,35.585
332,7.3504,399.41,0.0,36.5
333,10.288,-219.61,25.511,20.344
334,9.0428,106.09,0.0,36.5
335,13.691,-444.13,29.399,14.158
336,9.1784,-564.66,0.0,36.5
337,12.786,-497.42,29.399,14.158
338,12.015,-502.26,14.158,29.399
339,12.418,-507.36,20.344,25.511
34,24.909,-729.41,16.97,21.279
340,13.422,-435.18,25.511,20.344
341,6.7549,-113.51,0.0,36.5
342,12.315,-313.76,25.511,20.344
343,13.306,-405.71,7.2609,31.812
344,8.9976,104.87,0.0,36.5
345,8.0435,200.24,0.0,36.5
346,13.453,-427.26,25.511,20.344
347,9.7238,161.33,0.0,36.5
348,13.341,-443.59,7.2609,31.812
349,10.56,-747.05,20.344,25.511
35,30.804,-372.07,11.809,24.522
350,13.88,-352.9,14.158,29.399
351,13.842,-389.95,25.511,20.344
352,13.142,-421.15,20.344,25.511
353,13.319,-388.31,8.122,35.585
354,13.279,-424.02,14.158,29.399
355,13.379,-403.2,0.0,36.5
356,9.1835,-323.52,8.122,35.585
357,10.879,-641.05,0.0,36.5
358,14.278,-300.4,25.511,20.344
359,9.6015,219.91,8.122,35.585
36,29.672,-345.16,11.809,24.522
360,11.765,-551.66,14.158,29.399
361,9.2741,-309.36,8.122,35.585
362,12.814,-425.26,29.399,14.158
363,7.1943,-136.57,0.0,36.5
364,13.745,-409.97,21.953,27.528
365,12.026,-89.194,8.122,35.585
366,10.415,-790.23,31.812,7.2609
367,13.451,-270.16,7.2609,31.812
368,13.645,-395.19,25.511,20.344
369,12.68,-284.92,7.2609,31.812
37,29.955,-459.37,11.809,24.522
370,13.115,-432.32,31.812,7.2609
371,8.9516,-302.87,0.0,36.5
372,8.2195,281.12,0.0,36.5
373,14.046,-346.25,0.0,36.5
374,12.835,-482.65,20.344,25.511
375,11.139,-571.92,29.399,14.158
376,10.795,-436.83,7.5479,33.07
377,8.9764,192.84,8.122,35.585
378,10.08,-798.05,20.344,25.511
379,11.623,-177.92,7.2609,31.812
38,30.683,-412.89,6.709,29.394
380,10.975,-577.68,0.0,36.5
381,8.5269,176.25,0.0,36.5
382,8.0754,-215.34,0.0,36.5
383,11.473,-184.78,25.511,20.344
384,12.548,-489.36,7.2609,31.812
385,11.007,-117.49,7.835,34.327
386,13.292,-406.51,20.344,25.511
387,11.715,-261.14,14.158,29.399
388,10.313,-701.63,15.277,31.723
389,11.279,237.88,20.344,25.511
39,25.791,-296.99,6.274,27.488
390,13.262,-424.64,14.158,29.399
391,9.8548,-845.93,8.122,35.585
392,12.491,-260.96,20.344,25.511
393,12.835,-404.26,29.399,14.158
394,6.7309,-336.54,0.0,36.5
395,12.35,-543.32,7.5479,33.07
396,13.885,-373.39,7.835,34.327
397,12.211,-549.36,20.344,25.511
398,7.2437,-237.57,8.122,35.585
399,11.11,-397.76,7.835,34.327
4,31.161,-446.57,0.0,30.15
40,29.551,-433.83,11.809,24.522
400,13.675,-151.42,7.2609,31.812
401,12.248,-264.33,14.158,29.399
402,12.841,-351.21,14.158,29.399
403,13.328,-406.48,25.511,20.344
404,13.599,-356.36,7.2609,31.812
405,12.599,-308.32,0.0,36.5
406,13.389,-417.5,7.2609,31.812
407,13.547,-403.18,8.122,35.585
408,14.2,-307.09,25.511,20.344
409,8.7998,-568.48,0.0,36.5
41,30.62,-381.9,0.0,30.15
410,12.514,-458.05,7.835,34.327
411,10.295,58.092,0.0,39.907
412,13.419,-417.48,20.344,25.511
413,13.15,-423.62,25.511,20.344
414,12.046,-258.12,14.158,29.399
415,13.255,-376.69,14.158,29.399
416,9.6571,-92.092,0.0,36.5
417,8.7511,235.55,8.122,35.585
418,6.3891,249.7,0.0,36.5
419,13.633,-361.65,20.344,25.511
42,30.199,-388.43,12.657,26.284
420,10.029,-750.84,31.812,7.2609
421,9.2244,-179.78,7.732,33.876
422,9.9477,-333.17,8.122,35.585
423,10.597,-452.6,24.426,19.479
424,10.77,-438.65,30.459,6.9521
425,8.9967,-231.13,0.0,36.5
426,6.3281,-603.9,8.122,35.585
427,8.8659,-25.4,0.0,52.3
428,6.5019,360.61,0.0,36.5
429,10.592,-465.19,30.459,6.9521
43,25.117,-221.15,6.4915,28.441
430,10.804,-382.13,30.459,6.9521
431,8.7092,-159.05,0.0,36.5
432,9.2118,-127.4,0.0,36.5
433,9.0628,-164.52,0.0,36.5
434,10.524,-437.98,30.459,6.9521
435,11.435,-313.98,15.076,31.306
436,11.513,-304.05,24.426,19.479
437,10.976,-387.92,13.556,28.149
438,10.504,-437.5,0.0,36.5
439,7.902,-798.24,0.0,-36.5
44,30.248,-397.96,16.97,21.279
440,9.7085,-133.31,0.0,-36.5
441,8.2031,-722.22,0.0,36.5
442,10.415,-448.74,30.459,6.9521
443,10.164,-477.86,30.459,6.9521
444,9.6092,163.34,0.0,36.5
445,9.8871,-498.06,0.0,-36.5
446,8.8633,-274.95,8.122,35.585
447,6.7026,176.92,0.0,36.5
448,8.6559,-653.62,7.732,33.876
449,9.0152,-166.78,8.122,35.585
45,29.024,-486.42,11.809,24.522
450,8.5285,-678.26,8.122,35.585
451,10.643,-433.31,30.459,6.9521
452,8.016,-642.72,0.0,36.5
453,10.958,-396.92,19.479,24.426
454,8.5612,224.54,8.122,35.585
455,9.4947,-254.54,0.0,-36.5
456,9.8972,-289.79,8.122,35.585
457,10.537,-446.19,24.426,19.479
458,10.777,-369.03,15.076,31.306
459,4.8357,-99.763,0.0,36.5
46,30.25,-365.25,6.4915,28.441
460,11.199,-244.07,30.459,6.9521
461,10.93,-388.61,24.426,19.479
462,9.3511,-213.85,0.0,36.5
463,6.456,287.63,7.732,33.876
464,10.784,-386.53,7.732,33.876
465,10.543,-406.49,24.426,19.479
466,8.4476,-192.15,0.0,36.5
467,7.9581,-302.24,8.122,35.585
468,10.528,-396.57,30.459,6.9521
469,10.224,-345.74,24.426,19.479
47,27.447,-572.53,6.0565,26.535
470,10.652,-417.99,24.426,19.479
471,10.152,-145.52,8.122,35.585
472,9.96,-437.15,0.0,-36.5
473,10.192,-449.26,28.149,13.556
474,9.5853,-354.76,0.0,36.5
475,9.6928,-321.21,0.0,36.5
476,10.618,-378.77,30.459,6.9521
477,9.1705,-592.31,8.122,35.585
478,10.607,-400.59,7.3421,32.168
479,8.9603,-153.45,0.0,36.5
48,19.358,257.63,6.0565,26.535
480,7.6726,-768.34,0.0,36.5
481,9.8282,-610.79,7.732,33.876
482,5.8451,-471.48,0.0,36.5
483,10.041,-510.26,13.556,28.149
484,7.5508,-398.57,0.0,36.5
485,10.205,-538.46,7.732,33.876
486,10.568,-449.29,24.426,19.479
487,7.9564,-855.97,8.122,35.585
488,3.5192,-146.24,8.122,35.585
489,9.7946,-295.92,0.0,36.5
49,31.419,-391.14,6.0565,26.535
490,8.9384,-161.77,0.0,36.5
491,5.8266,298.4,7.732,33.876
492,10.111,-436.53,24.426,19.479
493,10.56,-459.86,30.459,6.9521
494,10.44,-469.14,24.426,19.479
495,8.9637,-676.65,7.732,33.876
496,11.569,-308.19,24.426,19.479
497,11.245,-375.8,24.426,19.479
498,7.5447,251.91,8.122,35.585
499,4.9417,-351.25,0.0,36.5
5,12.446,-232.81,6.0565,26.535
50,27.32,-593.92,12.657,26.284
500,5.6993,-225.22,0.0,36.5
501,5.5331,-185.98,0.0,36.5
502,8.084,63.75,0.0,36.5
503,9.2871,-214.36,0.0,36.5
504,10.709,-396.61,24.426,19.479
505,10.504,-365.76,7.732,33.876
506,10.164,-296.28,15.076,31.306
507,8.2466,-516.94,8.122,35.585
508,8.9099,-163.7,0.0,36.5
509,10.628,-417.59,30.459,6.9521
51,30.686,-373.47,6.0565,26.535
510,5.8694,220.28,8.122,35.585
511,7.1278,72.704,0.0,-36.5
512,8.3312,-113.88,0.0,-36.5
513,10.525,-422.86,19.479,24.426
514,5.01,233.33,8.122,35.585
515,9.5916,-595.07,8.122,35.585
516,6.7173,-443.41,0.0,36.5
517,10.993,-390.37,30.459,6.9521
518,8.3937,-83.21,0.0,36.5
519,8.8632,-308.15,0.0,36.5
52,17.007,342.21,11.809,24.522
520,7.8223,-777.85,0.0,36.5
521,9.6924,-260.85,0.0,36.5
522,10.255,-455.7,7.732,33.876
523,9.3853,-223.78,8.122,35.585
524,10.416,-375.45,19.479,24.426
525,11.264,-337.3,30.459,6.9521
526,10.463,-374.25,19.479,24.426
527,10.569,-396.71,24.426,19.479
528,11.719,-295.58,30.459,6.9521
529,6.1294,388.52,0.0,-36.5
53,30.966,-396.8,12.233,25.403
530,8.6684,-681.76,0.0,36.5
531,8.9451,-668.93,0.0,36.5
532,10.606,-413.42,20.572,25.797
533,10.725,-431.64,19.479,24.426
534,10.632,-390.92,8.122,35.585
535,6.8928,-139.2,8.122,35.585
536,10.543,-402.83,8.122,35.585
537,7.9094,-391.69,0.0,36.5
538,9.5105,-564.75,8.122,35.585
539,9.0508,-598.68,0.0,36.5
54,18.209,354.17,6.709,29.394
540,8.9872,-152.1,0.0,36.5
541,4.2269,356.41,7.3421,32.168
542,6.9832,-436.56,0.0,36.5
543,5.1377,-891.34,8.122,35.585
544,7.1255,-482.35,0.0,36.5
545,7.4247,-375.18,8.122,35.585
546,6.2352,42.333,0.0,-47.033
547,6.9687,-357.4,0.0,36.5
548,7.0861,-450.31,8.122,35.585
549,5.1242,-845.51,0.0,36.5
55,31.064,-386.24,0.0,30.15
550,7.1831,-394.08,7.3421,32.168
551,5.9321,-79.2,0.0,36.5
552,7.0444,-455.8,0.0,36.5
553,7.271,-428.52,8.122,35.585
554,7.5269,-402.35,7.3421,32.168
555,6.7967,-556.42,7.3421,32.168
556,6.3894,-602.08,0.0,-36.5
557,6.0358,-140.85,0.0,36.5
558,6.7705,-527.79,0.0,-36.5
559,5.7792,-169.94,8.122,35.585
56,29.815,-358.54,11.809,24.522
560,6.8787,-355.46,0.0,-36.5
561,7.1435,-434.43,0.0,-36.5
562,6.7138,-483.7,8.122,35.585
563,6.2048,-193.05,8.122,35.585
564,4.6633,130.97,8.122,35.585
565,5.4968,-778.18,8.122,35.585
566,7.1575,-411.31,0.0,36.5
567,5.9831,192.44,0.0,36.5
568,5.2521,-592.23,7.3421,32.168
569,4.2335,108.54,8.122,35.585
57,20.081,216.52,16.97,21.279
570,5.6608,-233.06,8.122,35.585
571,7.3937,-386.84,8.122,35.585
572,6.1013,-493.65,0.0,36.5
573,4.4873,-413.82,8.122,35.585
574,7.0436,-522.65,0.0,-36.5
575,7.1624,-471.73,8.122,35.585
576,7.0964,-443.06,8.122,35.585
577,7.0409,-476.23,8.122,35.585
578,6.2011,-500.72,8.122,35.585
579,7.419,-241.74,8.122,-35.585
58,30.045,-373.76,11.809,24.522
580,6.7856,-332.97,0.0,-36.5
581,7.3797,-385.64,0.0,36.5
582,6.07,-169.76,7.3421,32.168
583,5.4376,-422.47,8.122,35.585
584,7.4379,-341.05,8.122,35.585
585,6.5617,-289.71,7.3421,32.168
586,2.7296,-113.1,0.0,36.5
587,7.076,-420.25,0.0,-36.5
588,4.1573,151.43,0.0,36.5
589,7.1525,-380.09,8.122,35.585
59,21.99,102.37,11.809,24.522
590,6.7351,-385.77,0.0,36.5
591,6.402,-572.38,8.122,35.585
592,7.4642,-248.67,0.0,-36.5
593,6.2562,-606.71,0.0,36.5
594,7.2138,-441.88,8.122,35.585
595,7.2446,-456.35,8.122,35.585
596,4.5515,403.65,7.3421,32.168
597,7.0711,-434.37,7.3421,32.168
598,5.215,-795.36,8.122,35.585
599,7.0536,-455.05,0.0,36.5
6,26.632,-203.08,0.0,30.15
60,30.603,-373.58,6.709,29.394
600,4.2705,169.2,0.0,36.5
601,6.0272,-631.63,9.8911,-43.336
602,6.86,-436.34,0.0,44.45
603,6.7793,-355.79,0.0,-44.45
604,5.8294,280.46,0.0,-44.45
605,4.9857,-723.66,9.8911,-43.336
606,6.5599,-489.21,0.0,44.45
607,6.6847,-108.8,0.0,-44.45
608,5.0753,-342.17,0.0,-44.45
609,6.6665,-296.5,0.0,-44.45
61,26.81,-216.06,16.97,21.279
610,6.9862,-429.86,0.0,-44.45
611,4.0471,-88.09,39.321,8.9748
612,5.1923,82.6,0.0,44.45
613,4.9373,173.69,0.0,-44.45
614,6.2062,-192.9,0.0,-44.45
615,6.4112,-532.21,0.0,-44.45
616,6.6328,-399.99,0.0,-44.45
617,6.2767,-23.9,0.0,-95.25
618,4.8229,296.17,0.0,-44.45
619,7.1095,-378.19,0.0,-44.45
62,23.414,-820.16,16.97,21.279
620,5.8538,23.9,0.0,-95.25
621,6.767,-405.39,0.0,-44.45
622,5.8898,-252.72,0.0,-44.45
623,4.4266,28.4,0.0,-107.95
624,4.5142,-302.97,9.8911,43.336
625,6.1823,-559.2,0.0,-44.45
626,4.9432,38.2,0.0,-104.8
627,5.8059,-522.51,0.0,-44.45
628,5.9355,-38.2,0.0,-104.8
629,6.8219,-386.36,0.0,-44.45
63,29.973,-402.87,0.0,30.15
630,5.5484,-602.61,0.0,-44.45
631,7.0183,-376.11,0.0,-44.45
632,4.5813,23.9,0.0,-95.25
633,7.0565,-367.4,0.0,-44.45
634,7.0741,-438.14,0.0,-44.45
635,6.8792,23.9,0.0,-95.25
636,7.3911,-309.87,0.0,-44.45
637,5.2422,-689.73,0.0,-44.45
638,7.0241,-348.4,0.0,-44.45
639,6.4324,-379.88,0.0,-44.45
64,17.672,382.27,11.809,24.522
640,5.4533,28.4,0.0,-107.95
641,5.6851,-608.74,0.0,-44.45
642,6.1463,-38.2,0.0,-104.8
643,7.0117,-352.79,0.0,-44.45
644,7.0239,-341.31,0.0,-44.45
645,6.1493,-550.73,0.0,-44.45
646,5.3904,-23.9,0.0,-95.25
647,5.2787,23.9,0.0,-95.25
648,6.3472,-551.39,0.0,-44.45
649,6.5712,-481.22,0.0,-44.45
65,22.042,188.93,6.0565,26.535
650,6.7065,-407.72,0.0,-44.45
651,7.2913,-326.02,0.0,-44.45
652,5.2898,-748.33,0.0,-44.45
653,7.0625,-372.83,0.0,-44.45
654,6.9541,-376.05,0.0,-44.45
655,6.8663,-227.04,0.0,-44.45
656,6.8411,-403.23,0.0,-44.45
657,4.8436,-601.57,0.0,-44.45
658,5.6047,-38.2,0.0,-104.8
659,2.5638,38.2,0.0,-104.8
66,30.492,-484.78,6.0565,26.535
660,6.2692,-460.62,0.0,-44.45
661,7.0721,-377.8,0.0,-44.45
662,6.9159,-438.72,0.0,-44.45
663,4.904,-831.28,9.8911,-43.336
664,4.5057,225.18,0.0,-44.45
665,4.4498,326.71,0.0,-44.45
666,7.5298,-304.1,9.5856,-41.997
667,5.5534,-718.41,9.8911,-43.336
668,7.3753,-261.02,0.0,-44.45
669,6.9656,-430.39,0.0,-44.45
67,30.304,-497.46,11.809,24.522
670,6.545,-355.63,9.5856,-41.997
671,6.9945,-438.73,0.0,-44.45
672,5.992,-47.2,9.8911,-43.336
673,6.7617,-453.45,9.8911,43.336
674,7.0561,-394.21,0.0,-44.45
675,4.7764,-326.95,9.8911,-43.336
676,5.6753,-402.33,0.0,-44.45
677,6.1427,-23.9,0.0,-95.25
678,6.8669,-352.55,0.0,-44.45
679,7.0216,-387.5,0.0,-44.45
68,27.911,-402.04,6.709,29.394
680,6.2826,-223.69,0.0,-44.45
681,7.5108,-221.2,0.0,-44.45
682,5.9335,-28.4,0.0,-107.95
683,4.5308,-476.27,0.0,-44.45
684,6.0687,-28.4,0.0,-107.95
685,7.17,-316.44,0.0,-44.45
686,6.9436,-389.04,0.0,-44.45
687,6.9535,-388.15,0.0,-44.45
688,5.3809,-688.4,0.0,-44.45
689,4.2241,389.5,0.0,-44.45
69,30.722,-466.16,6.0565,26.535
690,7.0977,-323.92,0.0,-44.45
691,6.9835,-23.9,0.0,-95.25
692,7.1172,-23.9,0.0,-95.25
693,6.2424,-578.94,0.0,-44.45
694,6.4102,-562.85,0.0,-44.45
695,5.4373,-612.04,0.0,-44.45
696,7.5354,-246.83,0.0,-44.45
697,5.9603,-28.4,0.0,-107.95
698,7.1503,-28.4,0.0,-107.95
699,6.8898,-391.65,9.5856,41.997
7,28.677,-363.18,16.97,21.279
70,21.803,-520.75,16.97,21.279
700,5.4808,-28.4,0.0,-107.95
701,6.1636,-581.52,0.0,-44.45
702,4.1123,308.86,0.0,-44.45
703,6.5694,-38.2,0.0,-104.8
704,3.1371,-38.2,0.0,-104.8
705,5.9262,-569.56,0.0,-44.45
706,4.615,-23.9,0.0,-95.25
707,4.6368,-324.27,0.0,-44.45
708,3.3647,-237.91,0.0,-44.45
709,6.2443,23.9,0.0,-95.25
71,30.548,-468.23,6.4915,28.441
710,7.0446,-357.62,0.0,-44.45
711,7.3796,-337.39,0.0,-44.45
712,6.9353,-368.33,0.0,44.45
713,6.248,-427.29,0.0,-44.45
714,5.7922,28.4,0.0,-107.95
715,6.829,-357.62,0.0,-44.45
716,4.5888,-426.25,0.0,-44.45
717,6.2655,-443.33,0.0,-44.45
718,6.8108,-392.78,0.0,-44.45
719,6.2911,-482.81,0.0,-44.45
72,32.316,-357.95,16.97,21.279
720,5.501,38.2,0.0,-104.8
721,4.6311,-514.45,9.4672,-41.478
722,4.7256,-164.29,0.0,-44.45
723,5.4138,-413.71,9.8911,-43.336
724,5.6959,-319.71,9.0433,-39.621
725,4.8357,-194.24,0.0,-44.45
726,4.164,-45.257,9.0433,-39.621
727,4.9126,-120.24,0.0,-44.45
728,4.048,79.2,0.0,44.45
729,5.0121,-338.96,0.0,-44.45
73,31.693,-372.03,11.809,24.522
730,4.7315,-145.41,0.0,-44.45
731,4.2544,-443.89,0.0,-44.45
732,4.9164,-212.37,9.8911,-43.336
733,5.3417,-442.39,9.8911,-43.336
734,4.5966,-135.12,9.8911,-43.336
735,5.3805,-403.33,9.8911,-43.336
736,3.6085,-227.98,0.0,-44.45
737,4.3885,23.9,0.0,-95.25
738,5.3429,-414.71,0.0,-44.45
739,5.3407,-402.6,0.0,-44.45
74,31.323,-385.61,12.657,26.284
740,5.4472,-394.55,0.0,-44.45
741,5.1821,-420.55,0.0,-44.45
742,3.9879,-295.35,0.0,-44.45
743,5.0634,-287.25,0.0,-44.45
744,4.9448,-439.15,0.0,-44.45
745,5.4199,-398.75,0.0,-44.45
746,5.4435,-365.9,0.0,-44.45
747,4.6731,-38.2,0.0,-104.8
748,4.3057,-592.34,0.0,-44.45
749,5.3659,-236.87,0.0,-44.45
75,28.639,-411.0,11.809,24.522
750,5.1907,-317.63,0.0,-44.45
751,5.2422,-399.45,0.0,-44.45
752,5.696,-245.61,0.0,-44.45
753,5.4618,-367.49,0.0,-44.45
754,5.2131,-310.94,0.0,-44.45
755,5.2815,-500.78,0.0,-44.45
756,5.0901,-28.4,0.0,-107.95
757,5.6098,-333.93,0.0,-44.45
758,5.2134,-461.38,0.0,-44.45
759,5.4546,-366.33,0.0,-44.45
76,30.884,-392.64,12.657,26.284
760,4.3227,28.4,0.0,-107.95
761,5.2182,-390.97,0.0,-44.45
762,4.2159,-38.2,0.0,-104.8
763,4.7019,-563.15,0.0,-44.45
764,4.1973,-38.2,0.0,-104.8
765,3.4469,38.2,0.0,-104.8
766,5.6952,-301.44,0.0,-44.45
767,4.6726,-372.64,0.0,-44.45
768,5.3334,-335.75,0.0,-44.45
769,5.3951,-259.12,0.0,-44.45
77,30.806,-426.82,11.809,24.522
770,5.1508,-293.54,0.0,-44.45
771,4.0381,-569.03,0.0,-44.45
772,5.1735,-291.28,0.0,44.45
773,3.0073,28.4,0.0,-107.95
774,4.7759,-572.46,0.0,-44.45
775,5.2434,-337.18,9.0433,39.621
776,5.4204,-347.95,0.0,-44.45
777,4.794,-236.54,0.0,-44.45
778,5.4896,-376.4,0.0,-44.45
779,3.3723,-38.2,0.0,-104.8
78,30.829,-430.36,11.809,24.522
780,4.3342,-38.2,0.0,-104.8
781,5.377,-434.83,9.4672,-41.478
782,5.2849,-302.28,9.0433,-39.621
783,5.5085,-391.7,0.0,-44.45
784,4.8732,-604.31,0.0,-44.45
785,5.4901,-441.31,9.4672,-41.478
786,5.331,-420.74,9.0433,39.621
787,4.3098,-722.52,9.8911,-43.336
788,3.468,239.77,0.0,-44.45
789,3.9351,-786.5,0.0,-44.45
79,29.366,-471.34,11.809,24.522
790,5.3575,-320.65,9.4672,-41.478
791,5.4917,-401.06,9.4672,-41.478
792,4.3849,-252.09,0.0,-44.45
793,5.4451,-385.6,0.0,-44.45
794,4.0731,330.36,9.8911,-43.336
795,4.0807,82.6,0.0,44.45
796,5.3283,-329.96,0.0,-44.45
797,5.1006,-257.03,0.0,-44.45
798,3.6606,23.9,0.0,-95.25
799,4.8019,-275.35,0.0,-44.45
8,30.308,-424.12,6.0565,26.535
80,29.244,-325.6,6.0565,26.535
800,5.2817,-327.1,0.0,-44.45
801,5.2019,-312.53,0.0,-44.45
802,4.0341,-738.3,0.0,-44.45
803,4.8565,-28.4,0.0,-107.95
804,5.3596,-392.39,9.4672,41.478
805,5.71,-312.27,0.0,-44.45
806,5.5226,-385.08,0.0,-44.45
807,4.5666,-587.69,0.0,-44.45
808,5.2373,-351.7,0.0,-44.45
809,5.2844,-273.48,0.0,-44.45
81,20.613,-552.67,16.97,21.279
810,5.0998,-462.47,0.0,-44.45
811,3.4497,23.9,0.0,-95.25
812,5.3485,-253.18,0.0,-44.45
813,5.1497,-339.61,0.0,-44.45
814,5.3256,-412.82,0.0,-44.45
815,5.9099,-247.83,0.0,-44.45
816,5.3578,-400.26,0.0,-44.45
817,4.8659,-282.84,0.0,-44.45
818,3.6455,253.87,0.0,-44.45
819,4.8739,-525.59,0.0,-44.45
82,30.994,-432.1,11.809,24.522
820,5.0938,-293.34,0.0,-44.45
821,4.7363,-584.15,0.0,-44.45
822,5.2456,-422.13,0.0,-44.45
823,5.1474,-459.5,0.0,-44.45
824,5.4628,-363.6,0.0,-44.45
825,4.7173,-38.2,0.0,-104.8
826,4.3722,23.9,0.0,-95.25
827,3.7166,23.9,0.0,-95.25
828,5.3328,-401.22,0.0,-44.45
829,5.3779,-412.73,0.0,-44.45
83,29.646,-443.75,6.0565,26.535
830,5.9036,-277.37,0.0,-44.45
831,4.5052,28.4,0.0,-107.95
832,3.9211,28.4,0.0,-107.95
833,3.5078,28.4,0.0,-107.95
834,5.099,-357.02,0.0,-44.45
835,5.2144,-256.99,0.0,-44.45
836,5.3525,-349.11,0.0,-44.45
837,4.8741,-509.51,0.0,44.45
838,4.8061,-38.2,0.0,-104.8
839,5.446,-350.07,0.0,-44.45
84,26.955,-515.64,6.709,29.394
840,3.4935,82.6,0.0,44.45
841,2.6312,-761.46,0.0,-44.45
842,2.9518,-682.45,0.0,-44.45
843,3.4936,-438.7,9.8911,-43.336
844,3.4435,-522.22,0.0,-44.45
845,3.7401,-327.3,0.0,44.45
846,3.2639,-458.48,9.8911,43.336
847,3.2095,-406.51,9.0433,39.621
848,3.4411,-463.73,9.8911,-43.336
849,3.4802,-420.81,9.8911,-43.336
85,20.232,126.4,6.0565,26.535
850,3.2848,-418.28,0.0,-44.45
851,3.3132,-492.81,9.8911,-43.336
852,2.0245,335.93,9.0433,-39.621
853,3.4442,-456.81,9.8911,-43.336
854,3.3247,-228.32,9.0433,-39.621
855,3.5013,-436.28,9.0433,-39.621
856,3.5464,-442.43,0.0,-44.45
857,2.3717,23.9,0.0,-95.25
858,2.6269,23.9,0.0,-95.25
859,2.0818,-23.9,0.0,-95.25
86,27.084,-520.87,16.97,21.279
860,2.39,-350.51,0.0,-44.45
861,3.2304,-28.4,0.0,-107.95
862,2.9371,28.4,0.0,-107.95
863,2.7062,-762.74,0.0,-44.45
864,1.6542,-28.4,0.0,-107.95
865,3.4861,-347.64,0.0,44.45
866,3.5002,-387.94,0.0,-44.45
867,2.0738,38.2,0.0,-104.8
868,3.5366,-405.07,0.0,-44.45
869,3.4314,-240.52,0.0,-44.45
87,32.028,-305.78,16.97,21.279
870,3.5225,-347.91,0.0,-44.45
871,3.0168,-23.9,0.0,-95.25
872,2.8482,23.9,0.0,-95.25
873,3.0298,-622.51,0.0,-44.45
874,3.2539,-478.55,0.0,-44.45
875,3.7605,-309.24,0.0,-44.45
876,1.7761,-260.98,0.0,-44.45
877,2.352,-28.4,0.0,-107.95
878,2.9494,-639.75,0.0,-44.45
879,1.6535,-288.64,0.0,-44.45
88,29.546,-484.58,12.233,25.403
880,3.4351,-405.0,0.0,-44.45
881,2.2001,38.2,0.0,-104.8
882,3.2071,-538.86,0.0,-44.45
883,3.3112,-274.77,0.0,-44.45
884,2.2454,-459.38,0.0,-44.45
885,3.406,-454.7,0.0,-44.45
886,3.5279,-403.1,0.0,-44.45
887,1.5623,-19.42,0.0,-95.25
888,2.9363,-23.9,0.0,-95.25
889,3.52,-401.53,0.0,-44.45
89,24.979,-575.81,6.4915,28.441
890,1.2751,-23.9,0.0,-95.25
891,3.2783,-28.4,0.0,-107.95
892,3.4879,-398.38,8.1954,35.907
893,3.4019,-466.31,0.0,-44.45
894,2.1022,28.4,0.0,-107.95
895,3.4727,-353.11,0.0,-44.45
896,3.1819,-38.2,0.0,-104.8
897,3.3982,-288.19,0.0,-44.45
898,3.4618,-406.97,0.0,-44.45
899,1.981,-209.48,0.0,-44.45
9,30.586,-439.84,11.809,24.522
90,25.674,-570.31,16.97,21.279
900,2.4391,38.2,0.0,-104.8
901,4.2373,-486.65,10.665,46.728
902,3.7104,-675.73,0.0,50.8
903,4.0866,-275.55,10.985,48.127
904,2.1471,183.13,10.985,48.127
905,3.0481,158.49,0.0,50.8
906,4.5122,-367.97,0.0,-50.8
907,4.2739,-304.73,11.304,-49.526
908,4.3889,-403.97,10.665,-46.728
909,3.1679,221.9,11.304,-49.526
91,31.029,-410.4,0.0,30.15
910,3.6986,-86.74,45.329,10.346
911,3.3426,-781.27,0.0,50.8
912,4.2335,-476.19,0.0,50.8
913,4.1976,-481.27,10.665,46.728
914,4.1437,-462.43,10.665,46.728
915,3.3408,-775.39,11.304,49.526
916,4.2756,-394.83,0.0,50.8
917,3.2888,218.01,0.0,50.8
918,4.262,-461.57,0.0,50.8
919,2.9527,-553.71,10.346,45.329
92,18.886,359.7,11.809,24.522
920,3.8021,-228.8,10.985,48.127
921,4.4311,-369.94,0.0,-50.8
922,4.058,-483.4,0.0,-50.8
923,3.8843,-30.2,0.0,-114.3
924,4.348,-373.26,0.0,-50.8
925,4.2385,-285.53,0.0,-50.8
926,4.0751,-440.67,10.985,48.127
927,4.2272,-407.63,10.985,48.127
928,2.8483,258.57,0.0,50.8
929,3.9995,-498.39,10.346,45.329
93,23.58,-777.26,0.0,-30.15
930,4.5149,-303.48,10.985,48.127
931,4.0336,-315.24,10.985,48.127
932,3.4854,-119.7,10.985,48.127
933,4.2811,-454.96,0.0,50.8
934,4.2369,-436.22,11.304,49.526
935,4.0232,-320.47,0.0,50.8
936,3.5756,-160.84,10.665,46.728
937,2.4787,30.2,0.0,-114.3
938,3.5076,-670.29,0.0,-50.8
939,3.4875,-608.41,0.0,-50.8
94,21.581,-378.89,12.233,25.403
940,2.565,-30.2,0.0,-114.3
941,4.2463,-429.41,0.0,50.8
942,3.8639,-550.3,10.346,45.329
943,4.2762,-409.27,0.0,50.8
944,3.1952,287.49,0.0,50.8
945,3.5923,-320.9,11.304,49.526
946,3.0067,71.4,45.329,10.346
947,3.1964,97.569,10.665,46.728
948,2.646,-361.2,10.346,45.329
949,3.1734,-670.85,11.304,49.526
95,24.635,136.48,6.4915,28.441
950,4.2729,-407.79,10.665,46.728
951,4.3739,-277.07,0.0,-50.8
952,4.22,-279.47,0.0,-50.8
953,4.4893,-322.02,0.0,-50.8
954,3.4357,-30.2,0.0,-114.3
955,4.6921,-30.2,0.0,-114.3
956,4.3688,-385.35,0.0,50.8
957,3.044,-772.64,10.985,48.127
958,3.6605,-186.79,10.665,46.728
959,3.7762,-580.53,0.0,50.8
96,17.754,349.56,11.809,24.522
960,3.3604,-651.4,10.985,48.127
961,3.0063,158.98,10.985,48.127
962,3.7717,102.76,0.0,50.8
963,2.7392,-102.96,11.304,49.526
964,1.8613,271.03,10.985,48.127
965,3.6051,-739.99,10.985,48.127
966,4.1959,-479.58,10.665,-46.728
967,3.5032,81.0,0.0,50.8
968,4.0283,-564.59,0.0,-50.8
969,3.7535,-122.67,40.598,19.551
97,32.425,-316.82,11.809,24.522
970,3.4885,-703.67,0.0,-50.8
971,2.823,233.51,0.0,50.8
972,4.0157,85.9,45.329,10.346
973,3.8138,-258.45,10.985,48.127
974,3.5755,-682.65,10.346,45.329
975,3.5799,-182.98,10.346,45.329
976,3.6922,-552.57,10.665,46.728
977,3.0153,28.533,0.0,57.15
978,4.4954,-319.47,10.985,48.127
979,3.9923,-547.18,0.0,50.8
98,30.211,-378.05,11.809,24.522
980,3.468,-700.8,0.0,50.8
981,3.1993,-387.93,0.0,-50.8
982,3.924,-430.06,0.0,-50.8
983,4.4309,-371.83,0.0,-50.8
984,4.4045,-373.76,0.0,-50.8
985,4.2704,-427.77,0.0,-50.8
986,3.4833,-355.99,11.304,49.526
987,4.23,-410.08,10.346,45.329
988,3.0443,-85.9,43.93,10.027
989,2.0945,-291.52,0.0,50.8
99,30.977,-378.66,17.579,22.044
990,4.3231,-341.38,0.0,50.8
991,3.7537,-133.13,10.985,48.127
992,4.3429,-433.45,0.0,50.8
993,4.0084,-314.01,0.0,50.8
994,3.0718,-819.97,0.0,50.8
995,4.2741,-446.12,10.985,48.127
996,4.8462,-252.68,0.0,-50.8
997,4.4612,-341.1,0.0,-50.8
998,4.3025,-404.14,0.0,-50.8
999,4.0077,-362.77,0.0,-50.8
